typeNo,typeId,typeName,baseCode,mainRouteId,mainRoute,subRouteId,subRoute,questionId,axis,targetSide,targetOptionText,weight,weightFormulaVersion,sourceRule,semanticAuditStatus,semanticAuditReason,lockStatus
1,vision-architect,事業構想家,TOIE,vision-architect.m01,顧客価値再定義,vision-architect.m01.s01,潜在課題発見,q01,thinking_action,A,目的や条件を整理し、進め方を考えてから動く,1.25,type-question-frequency-v1,type,verified,分岐の判断原理・近接分岐との境界に対して対象側が矛盾しないことを確認,locked-not-implemented
1,vision-architect,事業構想家,TOIE,vision-architect.m01,顧客価値再定義,vision-architect.m01.s01,潜在課題発見,q04,divergent_convergent,A,目的や前提から見直し、別の考え方も探す,1.0625,type-question-frequency-v1,type,verified,分岐の判断原理・近接分岐との境界に対して対象側が矛盾しないことを確認,locked-not-implemented
1,vision-architect,事業構想家,TOIE,vision-architect.m01,顧客価値再定義,vision-architect.m01.s01,潜在課題発見,q08,divergent_convergent,B,見落としがないよう、周りの原因まで広く考える,1.375,type-question-frequency-v1,type,verified,分岐の判断原理・近接分岐との境界に対して対象側が矛盾しないことを確認,locked-not-implemented
1,vision-architect,事業構想家,TOIE,vision-architect.m01,顧客価値再定義,vision-architect.m01.s01,潜在課題発見,q12,divergent_convergent,A,関係が薄そうな情報も集め、意外なつながりを探す,1.0,type-question-frequency-v1,type,verified,分岐の判断原理・近接分岐との境界に対して対象側が矛盾しないことを確認,locked-not-implemented
1,vision-architect,事業構想家,TOIE,vision-architect.m01,顧客価値再定義,vision-architect.m01.s01,潜在課題発見,q16,divergent_convergent,B,周りの情報まで広げ、新しい論点がないか探す,1.3125,type-question-frequency-v1,type,verified,分岐の判断原理・近接分岐との境界に対して対象側が矛盾しないことを確認,locked-not-implemented
1,vision-architect,事業構想家,TOIE,vision-architect.m01,顧客価値再定義,vision-architect.m01.s01,潜在課題発見,q17,thinking_action,A,追加情報を集め、根拠を増やしてから決める,1.375,type-question-frequency-v1,type,verified,分岐の判断原理・近接分岐との境界に対して対象側が矛盾しないことを確認,locked-not-implemented
1,vision-architect,事業構想家,TOIE,vision-architect.m01,顧客価値再定義,vision-architect.m01.s01,潜在課題発見,q19,solo_team,A,まず自分で仮説を立て、解決までの道筋を考える,1.3125,type-question-frequency-v1,type,verified,分岐の判断原理・近接分岐との境界に対して対象側が矛盾しないことを確認,locked-not-implemented
1,vision-architect,事業構想家,TOIE,vision-architect.m01,顧客価値再定義,vision-architect.m01.s01,潜在課題発見,q20,divergent_convergent,A,実現できるかはいったん置き、方向の違う案をたくさん出す,1.1875,type-question-frequency-v1,type,verified,分岐の判断原理・近接分岐との境界に対して対象側が矛盾しないことを確認,locked-not-implemented
1,vision-architect,事業構想家,TOIE,vision-architect.m01,顧客価値再定義,vision-architect.m01.s01,潜在課題発見,q28,divergent_convergent,A,複数の案を残し、比べるための材料を増やす,1.1875,type-question-frequency-v1,type,verified,分岐の判断原理・近接分岐との境界に対して対象側が矛盾しないことを確認,locked-not-implemented
1,vision-architect,事業構想家,TOIE,vision-architect.m01,顧客価値再定義,vision-architect.m01.s01,潜在課題発見,q40,divergent_convergent,B,早く絞りすぎて、もっと良い可能性を逃すこと,1.125,type-question-frequency-v1,type,verified,分岐の判断原理・近接分岐との境界に対して対象側が矛盾しないことを確認,locked-not-implemented
1,vision-architect,事業構想家,TOIE,vision-architect.m01,顧客価値再定義,vision-architect.m01.s02,体験再設計,q04,divergent_convergent,A,目的や前提から見直し、別の考え方も探す,1.0625,type-question-frequency-v1,type,verified,分岐の判断原理・近接分岐との境界に対して対象側が矛盾しないことを確認,locked-not-implemented
1,vision-architect,事業構想家,TOIE,vision-architect.m01,顧客価値再定義,vision-architect.m01.s02,体験再設計,q11,solo_team,B,途中の案を見せ、相手の反応や追加情報をもらいながら固める,1.25,type-question-frequency-v1,type,changed,顧客の反応を途中案へ取り込み、体験の流れを作り直すためBを採用,locked-not-implemented
1,vision-architect,事業構想家,TOIE,vision-architect.m01,顧客価値再定義,vision-architect.m01.s02,体験再設計,q12,divergent_convergent,A,関係が薄そうな情報も集め、意外なつながりを探す,1.0,type-question-frequency-v1,type,verified,分岐の判断原理・近接分岐との境界に対して対象側が矛盾しないことを確認,locked-not-implemented
1,vision-architect,事業構想家,TOIE,vision-architect.m01,顧客価値再定義,vision-architect.m01.s02,体験再設計,q15,solo_team,A,早めに情報を集め、それぞれの心配や譲れない条件を確認して、合意できる点を探す,1.375,type-question-frequency-v1,type,changed,複数の接点・関係者が持つ懸念と条件を集めて体験を整えるためAを採用,locked-not-implemented
1,vision-architect,事業構想家,TOIE,vision-architect.m01,顧客価値再定義,vision-architect.m01.s02,体験再設計,q18,offensive_stable,A,効果と負担を説明し、心配な点を確認したうえで、早めに判断してもらう,1.25,type-question-frequency-v1,type,verified,分岐の判断原理・近接分岐との境界に対して対象側が矛盾しないことを確認,locked-not-implemented
1,vision-architect,事業構想家,TOIE,vision-architect.m01,顧客価値再定義,vision-architect.m01.s02,体験再設計,q20,divergent_convergent,A,実現できるかはいったん置き、方向の違う案をたくさん出す,1.1875,type-question-frequency-v1,type,verified,分岐の判断原理・近接分岐との境界に対して対象側が矛盾しないことを確認,locked-not-implemented
1,vision-architect,事業構想家,TOIE,vision-architect.m01,顧客価値再定義,vision-architect.m01.s02,体験再設計,q24,divergent_convergent,B,案を組み合わせ、さらに新しい可能性を増やす,1.25,type-question-frequency-v1,type,verified,分岐の判断原理・近接分岐との境界に対して対象側が矛盾しないことを確認,locked-not-implemented
1,vision-architect,事業構想家,TOIE,vision-architect.m01,顧客価値再定義,vision-architect.m01.s02,体験再設計,q35,solo_team,B,その場で話を続け、迷っている理由や決める条件を確かめる,1.375,type-question-frequency-v1,type,changed,相手が止まる理由と次の行動条件を会話から確かめるためBを採用,locked-not-implemented
1,vision-architect,事業構想家,TOIE,vision-architect.m01,顧客価値再定義,vision-architect.m01.s02,体験再設計,q36,divergent_convergent,A,一つの用途だけにせず、別の使い方にも広げられる形にする,1.25,type-question-frequency-v1,type,verified,分岐の判断原理・近接分岐との境界に対して対象側が矛盾しないことを確認,locked-not-implemented
1,vision-architect,事業構想家,TOIE,vision-architect.m01,顧客価値再定義,vision-architect.m01.s02,体験再設計,q40,divergent_convergent,B,早く絞りすぎて、もっと良い可能性を逃すこと,1.125,type-question-frequency-v1,type,verified,分岐の判断原理・近接分岐との境界に対して対象側が矛盾しないことを確認,locked-not-implemented
1,vision-architect,事業構想家,TOIE,vision-architect.m01,顧客価値再定義,vision-architect.m01.s03,価値提案転換,q02,offensive_stable,A,達成できない可能性があっても、期待以上の成果を狙う,1.1875,type-question-frequency-v1,type,verified,分岐の判断原理・近接分岐との境界に対して対象側が矛盾しないことを確認,locked-not-implemented
1,vision-architect,事業構想家,TOIE,vision-architect.m01,顧客価値再定義,vision-architect.m01.s03,価値提案転換,q10,offensive_stable,A,小さな失敗は受け入れ、早めに試す,1.3125,type-question-frequency-v1,type,verified,分岐の判断原理・近接分岐との境界に対して対象側が矛盾しないことを確認,locked-not-implemented
1,vision-architect,事業構想家,TOIE,vision-architect.m01,顧客価値再定義,vision-architect.m01.s03,価値提案転換,q11,solo_team,A,相手が重視することと未決定の点を整理し、選びやすい形で示す,1.25,type-question-frequency-v1,type,verified,分岐の判断原理・近接分岐との境界に対して対象側が矛盾しないことを確認,locked-not-implemented
1,vision-architect,事業構想家,TOIE,vision-architect.m01,顧客価値再定義,vision-architect.m01.s03,価値提案転換,q14,offensive_stable,B,一時的な混乱は受け入れ、早めに新しい案へ切り替える,1.25,type-question-frequency-v1,type,verified,分岐の判断原理・近接分岐との境界に対して対象側が矛盾しないことを確認,locked-not-implemented
1,vision-architect,事業構想家,TOIE,vision-architect.m01,顧客価値再定義,vision-architect.m01.s03,価値提案転換,q18,offensive_stable,A,効果と負担を説明し、心配な点を確認したうえで、早めに判断してもらう,1.25,type-question-frequency-v1,type,verified,分岐の判断原理・近接分岐との境界に対して対象側が矛盾しないことを確認,locked-not-implemented
1,vision-architect,事業構想家,TOIE,vision-architect.m01,顧客価値再定義,vision-architect.m01.s03,価値提案転換,q26,offensive_stable,A,少し負担が増えても、目立つ価値を一つ加える,1.375,type-question-frequency-v1,type,verified,分岐の判断原理・近接分岐との境界に対して対象側が矛盾しないことを確認,locked-not-implemented
1,vision-architect,事業構想家,TOIE,vision-architect.m01,顧客価値再定義,vision-architect.m01.s03,価値提案転換,q34,offensive_stable,A,慎重になりすぎて、大きなチャンスを逃すこと,1.25,type-question-frequency-v1,type,verified,分岐の判断原理・近接分岐との境界に対して対象側が矛盾しないことを確認,locked-not-implemented
1,vision-architect,事業構想家,TOIE,vision-architect.m01,顧客価値再定義,vision-architect.m01.s03,価値提案転換,q35,solo_team,B,その場で話を続け、迷っている理由や決める条件を確かめる,1.375,type-question-frequency-v1,type,changed,価値の約束を相手の迷い・決定条件から組み直すためBを採用,locked-not-implemented
1,vision-architect,事業構想家,TOIE,vision-architect.m01,顧客価値再定義,vision-architect.m01.s03,価値提案転換,q38,offensive_stable,B,不確かな状況でも挑戦し、期待以上の成果を出せた時,1.375,type-question-frequency-v1,type,verified,分岐の判断原理・近接分岐との境界に対して対象側が矛盾しないことを確認,locked-not-implemented
1,vision-architect,事業構想家,TOIE,vision-architect.m02,事業構造再編,vision-architect.m02.s01,収益構造再設計,q01,thinking_action,A,目的や条件を整理し、進め方を考えてから動く,1.25,type-question-frequency-v1,type,verified,分岐の判断原理・近接分岐との境界に対して対象側が矛盾しないことを確認,locked-not-implemented
1,vision-architect,事業構想家,TOIE,vision-architect.m02,事業構造再編,vision-architect.m02.s01,収益構造再設計,q02,offensive_stable,A,達成できない可能性があっても、期待以上の成果を狙う,1.1875,type-question-frequency-v1,type,verified,分岐の判断原理・近接分岐との境界に対して対象側が矛盾しないことを確認,locked-not-implemented
1,vision-architect,事業構想家,TOIE,vision-architect.m02,事業構造再編,vision-architect.m02.s01,収益構造再設計,q06,offensive_stable,B,余った時間や人手を使い、成果をさらに伸ばす,1.3125,type-question-frequency-v1,type,verified,分岐の判断原理・近接分岐との境界に対して対象側が矛盾しないことを確認,locked-not-implemented
1,vision-architect,事業構想家,TOIE,vision-architect.m02,事業構造再編,vision-architect.m02.s01,収益構造再設計,q11,solo_team,A,相手が重視することと未決定の点を整理し、選びやすい形で示す,1.25,type-question-frequency-v1,type,verified,分岐の判断原理・近接分岐との境界に対して対象側が矛盾しないことを確認,locked-not-implemented
1,vision-architect,事業構想家,TOIE,vision-architect.m02,事業構造再編,vision-architect.m02.s01,収益構造再設計,q12,divergent_convergent,A,関係が薄そうな情報も集め、意外なつながりを探す,1.0,type-question-frequency-v1,type,verified,分岐の判断原理・近接分岐との境界に対して対象側が矛盾しないことを確認,locked-not-implemented
1,vision-architect,事業構想家,TOIE,vision-architect.m02,事業構造再編,vision-architect.m02.s01,収益構造再設計,q16,divergent_convergent,B,周りの情報まで広げ、新しい論点がないか探す,1.3125,type-question-frequency-v1,type,verified,分岐の判断原理・近接分岐との境界に対して対象側が矛盾しないことを確認,locked-not-implemented
1,vision-architect,事業構想家,TOIE,vision-architect.m02,事業構造再編,vision-architect.m02.s01,収益構造再設計,q19,solo_team,A,まず自分で仮説を立て、解決までの道筋を考える,1.3125,type-question-frequency-v1,type,verified,分岐の判断原理・近接分岐との境界に対して対象側が矛盾しないことを確認,locked-not-implemented
1,vision-architect,事業構想家,TOIE,vision-architect.m02,事業構造再編,vision-architect.m02.s01,収益構造再設計,q26,offensive_stable,A,少し負担が増えても、目立つ価値を一つ加える,1.375,type-question-frequency-v1,type,verified,分岐の判断原理・近接分岐との境界に対して対象側が矛盾しないことを確認,locked-not-implemented
1,vision-architect,事業構想家,TOIE,vision-architect.m02,事業構造再編,vision-architect.m02.s01,収益構造再設計,q30,offensive_stable,B,一部に差が出ても、最も伸びそうな仕事へ力を集める,1.3125,type-question-frequency-v1,type,verified,分岐の判断原理・近接分岐との境界に対して対象側が矛盾しないことを確認,locked-not-implemented
1,vision-architect,事業構想家,TOIE,vision-architect.m02,事業構造再編,vision-architect.m02.s01,収益構造再設計,q33,thinking_action,A,先に構成と順番を決め、全体の流れを固める,1.3125,type-question-frequency-v1,type,verified,分岐の判断原理・近接分岐との境界に対して対象側が矛盾しないことを確認,locked-not-implemented
1,vision-architect,事業構想家,TOIE,vision-architect.m02,事業構造再編,vision-architect.m02.s01,収益構造再設計,q34,offensive_stable,A,慎重になりすぎて、大きなチャンスを逃すこと,1.25,type-question-frequency-v1,type,verified,分岐の判断原理・近接分岐との境界に対して対象側が矛盾しないことを確認,locked-not-implemented
1,vision-architect,事業構想家,TOIE,vision-architect.m02,事業構造再編,vision-architect.m02.s02,資源再配置,q02,offensive_stable,A,達成できない可能性があっても、期待以上の成果を狙う,1.1875,type-question-frequency-v1,type,verified,分岐の判断原理・近接分岐との境界に対して対象側が矛盾しないことを確認,locked-not-implemented
1,vision-architect,事業構想家,TOIE,vision-architect.m02,事業構造再編,vision-architect.m02.s02,資源再配置,q04,divergent_convergent,A,目的や前提から見直し、別の考え方も探す,1.0625,type-question-frequency-v1,type,verified,分岐の判断原理・近接分岐との境界に対して対象側が矛盾しないことを確認,locked-not-implemented
1,vision-architect,事業構想家,TOIE,vision-architect.m02,事業構造再編,vision-architect.m02.s02,資源再配置,q06,offensive_stable,B,余った時間や人手を使い、成果をさらに伸ばす,1.3125,type-question-frequency-v1,type,verified,分岐の判断原理・近接分岐との境界に対して対象側が矛盾しないことを確認,locked-not-implemented
1,vision-architect,事業構想家,TOIE,vision-architect.m02,事業構造再編,vision-architect.m02.s02,資源再配置,q12,divergent_convergent,A,関係が薄そうな情報も集め、意外なつながりを探す,1.0,type-question-frequency-v1,type,verified,分岐の判断原理・近接分岐との境界に対して対象側が矛盾しないことを確認,locked-not-implemented
1,vision-architect,事業構想家,TOIE,vision-architect.m02,事業構造再編,vision-architect.m02.s02,資源再配置,q14,offensive_stable,B,一時的な混乱は受け入れ、早めに新しい案へ切り替える,1.25,type-question-frequency-v1,type,verified,分岐の判断原理・近接分岐との境界に対して対象側が矛盾しないことを確認,locked-not-implemented
1,vision-architect,事業構想家,TOIE,vision-architect.m02,事業構造再編,vision-architect.m02.s02,資源再配置,q20,divergent_convergent,A,実現できるかはいったん置き、方向の違う案をたくさん出す,1.1875,type-question-frequency-v1,type,verified,分岐の判断原理・近接分岐との境界に対して対象側が矛盾しないことを確認,locked-not-implemented
1,vision-architect,事業構想家,TOIE,vision-architect.m02,事業構造再編,vision-architect.m02.s02,資源再配置,q24,divergent_convergent,B,案を組み合わせ、さらに新しい可能性を増やす,1.25,type-question-frequency-v1,type,verified,分岐の判断原理・近接分岐との境界に対して対象側が矛盾しないことを確認,locked-not-implemented
1,vision-architect,事業構想家,TOIE,vision-architect.m02,事業構造再編,vision-architect.m02.s02,資源再配置,q28,divergent_convergent,A,複数の案を残し、比べるための材料を増やす,1.1875,type-question-frequency-v1,type,verified,分岐の判断原理・近接分岐との境界に対して対象側が矛盾しないことを確認,locked-not-implemented
1,vision-architect,事業構想家,TOIE,vision-architect.m02,事業構造再編,vision-architect.m02.s02,資源再配置,q30,offensive_stable,B,一部に差が出ても、最も伸びそうな仕事へ力を集める,1.3125,type-question-frequency-v1,type,verified,分岐の判断原理・近接分岐との境界に対して対象側が矛盾しないことを確認,locked-not-implemented
1,vision-architect,事業構想家,TOIE,vision-architect.m02,事業構造再編,vision-architect.m02.s02,資源再配置,q36,divergent_convergent,A,一つの用途だけにせず、別の使い方にも広げられる形にする,1.25,type-question-frequency-v1,type,verified,分岐の判断原理・近接分岐との境界に対して対象側が矛盾しないことを確認,locked-not-implemented
1,vision-architect,事業構想家,TOIE,vision-architect.m02,事業構造再編,vision-architect.m02.s02,資源再配置,q40,divergent_convergent,B,早く絞りすぎて、もっと良い可能性を逃すこと,1.125,type-question-frequency-v1,type,verified,分岐の判断原理・近接分岐との境界に対して対象側が矛盾しないことを確認,locked-not-implemented
1,vision-architect,事業構想家,TOIE,vision-architect.m02,事業構造再編,vision-architect.m02.s03,価値連鎖再編,q03,solo_team,A,自分の担当とゴールを明確にし、最後まで責任を持つ,1.375,type-question-frequency-v1,type,verified,分岐の判断原理・近接分岐との境界に対して対象側が矛盾しないことを確認,locked-not-implemented
1,vision-architect,事業構想家,TOIE,vision-architect.m02,事業構造再編,vision-architect.m02.s03,価値連鎖再編,q11,solo_team,A,相手が重視することと未決定の点を整理し、選びやすい形で示す,1.25,type-question-frequency-v1,type,verified,分岐の判断原理・近接分岐との境界に対して対象側が矛盾しないことを確認,locked-not-implemented
1,vision-architect,事業構想家,TOIE,vision-architect.m02,事業構造再編,vision-architect.m02.s03,価値連鎖再編,q15,solo_team,A,早めに情報を集め、それぞれの心配や譲れない条件を確認して、合意できる点を探す,1.375,type-question-frequency-v1,type,changed,価値連鎖に関わる複数者の条件を集め、全体の成立点を探すためAを採用,locked-not-implemented
1,vision-architect,事業構想家,TOIE,vision-architect.m02,事業構造再編,vision-architect.m02.s03,価値連鎖再編,q18,offensive_stable,B,無理なく続けられる手順と確認方法を整えてから導入する,1.25,type-question-frequency-v1,type,changed,役割と価値の流れを継続運用できる手順へ移すためBを採用,locked-not-implemented
1,vision-architect,事業構想家,TOIE,vision-architect.m02,事業構造再編,vision-architect.m02.s03,価値連鎖再編,q19,solo_team,B,早めに詳しい人へ相談し、知識を持ち寄って解決する,1.3125,type-question-frequency-v1,type,changed,売る・作る・届ける・支える各領域の知識を持ち寄るためBを採用,locked-not-implemented
1,vision-architect,事業構想家,TOIE,vision-architect.m02,事業構造再編,vision-architect.m02.s03,価値連鎖再編,q22,offensive_stable,A,使う範囲と確認するタイミングを決め、今の仕事に影響が出にくいところから移す,1.3125,type-question-frequency-v1,type,changed,既存業務を止めず、範囲と確認時期を決めて新しい流れへ移すためAを採用,locked-not-implemented
1,vision-architect,事業構想家,TOIE,vision-architect.m02,事業構造再編,vision-architect.m02.s03,価値連鎖再編,q23,solo_team,A,役割を組み直し、他の人の得意なことを生かして進める,1.375,type-question-frequency-v1,type,changed,人の得意分野と役割を組み直して価値の流れをつなぐためAを採用,locked-not-implemented
1,vision-architect,事業構想家,TOIE,vision-architect.m02,事業構造再編,vision-architect.m02.s03,価値連鎖再編,q27,solo_team,B,みんなの強みがうまく合わさり、一人では出せない成果になった時,1.4375,type-question-frequency-v1,type,changed,複数者の強みがつながった成果を完了と見るためBを採用,locked-not-implemented
1,vision-architect,事業構想家,TOIE,vision-architect.m02,事業構造再編,vision-architect.m02.s03,価値連鎖再編,q31,solo_team,A,チーム全体の成果に貢献したことを評価される,1.4375,type-question-frequency-v1,type,changed,個別担当より価値連鎖全体への貢献を重く見るためAを採用,locked-not-implemented
1,vision-architect,事業構想家,TOIE,vision-architect.m02,事業構造再編,vision-architect.m02.s03,価値連鎖再編,q39,solo_team,B,担当と確認するタイミングを決め、そこまでは各自に任せる,1.375,type-question-frequency-v1,type,verified,分岐の判断原理・近接分岐との境界に対して対象側が矛盾しないことを確認,locked-not-implemented
1,vision-architect,事業構想家,TOIE,vision-architect.m03,市場機会形成,vision-architect.m03.s01,空白市場探索,q02,offensive_stable,A,達成できない可能性があっても、期待以上の成果を狙う,1.1875,type-question-frequency-v1,type,verified,分岐の判断原理・近接分岐との境界に対して対象側が矛盾しないことを確認,locked-not-implemented
1,vision-architect,事業構想家,TOIE,vision-architect.m03,市場機会形成,vision-architect.m03.s01,空白市場探索,q04,divergent_convergent,A,目的や前提から見直し、別の考え方も探す,1.0625,type-question-frequency-v1,type,verified,分岐の判断原理・近接分岐との境界に対して対象側が矛盾しないことを確認,locked-not-implemented
1,vision-architect,事業構想家,TOIE,vision-architect.m03,市場機会形成,vision-architect.m03.s01,空白市場探索,q10,offensive_stable,A,小さな失敗は受け入れ、早めに試す,1.3125,type-question-frequency-v1,type,verified,分岐の判断原理・近接分岐との境界に対して対象側が矛盾しないことを確認,locked-not-implemented
1,vision-architect,事業構想家,TOIE,vision-architect.m03,市場機会形成,vision-architect.m03.s01,空白市場探索,q12,divergent_convergent,A,関係が薄そうな情報も集め、意外なつながりを探す,1.0,type-question-frequency-v1,type,verified,分岐の判断原理・近接分岐との境界に対して対象側が矛盾しないことを確認,locked-not-implemented
1,vision-architect,事業構想家,TOIE,vision-architect.m03,市場機会形成,vision-architect.m03.s01,空白市場探索,q14,offensive_stable,B,一時的な混乱は受け入れ、早めに新しい案へ切り替える,1.25,type-question-frequency-v1,type,verified,分岐の判断原理・近接分岐との境界に対して対象側が矛盾しないことを確認,locked-not-implemented
1,vision-architect,事業構想家,TOIE,vision-architect.m03,市場機会形成,vision-architect.m03.s01,空白市場探索,q20,divergent_convergent,A,実現できるかはいったん置き、方向の違う案をたくさん出す,1.1875,type-question-frequency-v1,type,verified,分岐の判断原理・近接分岐との境界に対して対象側が矛盾しないことを確認,locked-not-implemented
1,vision-architect,事業構想家,TOIE,vision-architect.m03,市場機会形成,vision-architect.m03.s01,空白市場探索,q24,divergent_convergent,B,案を組み合わせ、さらに新しい可能性を増やす,1.25,type-question-frequency-v1,type,verified,分岐の判断原理・近接分岐との境界に対して対象側が矛盾しないことを確認,locked-not-implemented
1,vision-architect,事業構想家,TOIE,vision-architect.m03,市場機会形成,vision-architect.m03.s01,空白市場探索,q28,divergent_convergent,A,複数の案を残し、比べるための材料を増やす,1.1875,type-question-frequency-v1,type,verified,分岐の判断原理・近接分岐との境界に対して対象側が矛盾しないことを確認,locked-not-implemented
1,vision-architect,事業構想家,TOIE,vision-architect.m03,市場機会形成,vision-architect.m03.s01,空白市場探索,q34,offensive_stable,A,慎重になりすぎて、大きなチャンスを逃すこと,1.25,type-question-frequency-v1,type,verified,分岐の判断原理・近接分岐との境界に対して対象側が矛盾しないことを確認,locked-not-implemented
1,vision-architect,事業構想家,TOIE,vision-architect.m03,市場機会形成,vision-architect.m03.s01,空白市場探索,q38,offensive_stable,B,不確かな状況でも挑戦し、期待以上の成果を出せた時,1.375,type-question-frequency-v1,type,verified,分岐の判断原理・近接分岐との境界に対して対象側が矛盾しないことを確認,locked-not-implemented
1,vision-architect,事業構想家,TOIE,vision-architect.m03,市場機会形成,vision-architect.m03.s01,空白市場探索,q40,divergent_convergent,B,早く絞りすぎて、もっと良い可能性を逃すこと,1.125,type-question-frequency-v1,type,verified,分岐の判断原理・近接分岐との境界に対して対象側が矛盾しないことを確認,locked-not-implemented
1,vision-architect,事業構想家,TOIE,vision-architect.m03,市場機会形成,vision-architect.m03.s02,変化先回り,q01,thinking_action,A,目的や条件を整理し、進め方を考えてから動く,1.25,type-question-frequency-v1,type,verified,分岐の判断原理・近接分岐との境界に対して対象側が矛盾しないことを確認,locked-not-implemented
1,vision-architect,事業構想家,TOIE,vision-architect.m03,市場機会形成,vision-architect.m03.s02,変化先回り,q02,offensive_stable,A,達成できない可能性があっても、期待以上の成果を狙う,1.1875,type-question-frequency-v1,type,verified,分岐の判断原理・近接分岐との境界に対して対象側が矛盾しないことを確認,locked-not-implemented
1,vision-architect,事業構想家,TOIE,vision-architect.m03,市場機会形成,vision-architect.m03.s02,変化先回り,q04,divergent_convergent,A,目的や前提から見直し、別の考え方も探す,1.0625,type-question-frequency-v1,type,verified,分岐の判断原理・近接分岐との境界に対して対象側が矛盾しないことを確認,locked-not-implemented
1,vision-architect,事業構想家,TOIE,vision-architect.m03,市場機会形成,vision-architect.m03.s02,変化先回り,q08,divergent_convergent,B,見落としがないよう、周りの原因まで広く考える,1.375,type-question-frequency-v1,type,verified,分岐の判断原理・近接分岐との境界に対して対象側が矛盾しないことを確認,locked-not-implemented
1,vision-architect,事業構想家,TOIE,vision-architect.m03,市場機会形成,vision-architect.m03.s02,変化先回り,q10,offensive_stable,A,小さな失敗は受け入れ、早めに試す,1.3125,type-question-frequency-v1,type,verified,分岐の判断原理・近接分岐との境界に対して対象側が矛盾しないことを確認,locked-not-implemented
1,vision-architect,事業構想家,TOIE,vision-architect.m03,市場機会形成,vision-architect.m03.s02,変化先回り,q12,divergent_convergent,A,関係が薄そうな情報も集め、意外なつながりを探す,1.0,type-question-frequency-v1,type,verified,分岐の判断原理・近接分岐との境界に対して対象側が矛盾しないことを確認,locked-not-implemented
1,vision-architect,事業構想家,TOIE,vision-architect.m03,市場機会形成,vision-architect.m03.s02,変化先回り,q16,divergent_convergent,B,周りの情報まで広げ、新しい論点がないか探す,1.3125,type-question-frequency-v1,type,verified,分岐の判断原理・近接分岐との境界に対して対象側が矛盾しないことを確認,locked-not-implemented
1,vision-architect,事業構想家,TOIE,vision-architect.m03,市場機会形成,vision-architect.m03.s02,変化先回り,q17,thinking_action,A,追加情報を集め、根拠を増やしてから決める,1.375,type-question-frequency-v1,type,verified,分岐の判断原理・近接分岐との境界に対して対象側が矛盾しないことを確認,locked-not-implemented
1,vision-architect,事業構想家,TOIE,vision-architect.m03,市場機会形成,vision-architect.m03.s02,変化先回り,q28,divergent_convergent,A,複数の案を残し、比べるための材料を増やす,1.1875,type-question-frequency-v1,type,verified,分岐の判断原理・近接分岐との境界に対して対象側が矛盾しないことを確認,locked-not-implemented
1,vision-architect,事業構想家,TOIE,vision-architect.m03,市場機会形成,vision-architect.m03.s02,変化先回り,q33,thinking_action,A,先に構成と順番を決め、全体の流れを固める,1.3125,type-question-frequency-v1,type,verified,分岐の判断原理・近接分岐との境界に対して対象側が矛盾しないことを確認,locked-not-implemented
1,vision-architect,事業構想家,TOIE,vision-architect.m03,市場機会形成,vision-architect.m03.s02,変化先回り,q34,offensive_stable,A,慎重になりすぎて、大きなチャンスを逃すこと,1.25,type-question-frequency-v1,type,verified,分岐の判断原理・近接分岐との境界に対して対象側が矛盾しないことを確認,locked-not-implemented
1,vision-architect,事業構想家,TOIE,vision-architect.m03,市場機会形成,vision-architect.m03.s02,変化先回り,q40,divergent_convergent,B,早く絞りすぎて、もっと良い可能性を逃すこと,1.125,type-question-frequency-v1,type,verified,分岐の判断原理・近接分岐との境界に対して対象側が矛盾しないことを確認,locked-not-implemented
1,vision-architect,事業構想家,TOIE,vision-architect.m04,成長基盤拡張,vision-architect.m04.s01,横展開設計,q04,divergent_convergent,A,目的や前提から見直し、別の考え方も探す,1.0625,type-question-frequency-v1,type,verified,分岐の判断原理・近接分岐との境界に対して対象側が矛盾しないことを確認,locked-not-implemented
1,vision-architect,事業構想家,TOIE,vision-architect.m04,成長基盤拡張,vision-architect.m04.s01,横展開設計,q06,offensive_stable,B,余った時間や人手を使い、成果をさらに伸ばす,1.3125,type-question-frequency-v1,type,verified,分岐の判断原理・近接分岐との境界に対して対象側が矛盾しないことを確認,locked-not-implemented
1,vision-architect,事業構想家,TOIE,vision-architect.m04,成長基盤拡張,vision-architect.m04.s01,横展開設計,q12,divergent_convergent,A,関係が薄そうな情報も集め、意外なつながりを探す,1.0,type-question-frequency-v1,type,verified,分岐の判断原理・近接分岐との境界に対して対象側が矛盾しないことを確認,locked-not-implemented
1,vision-architect,事業構想家,TOIE,vision-architect.m04,成長基盤拡張,vision-architect.m04.s01,横展開設計,q14,offensive_stable,B,一時的な混乱は受け入れ、早めに新しい案へ切り替える,1.25,type-question-frequency-v1,type,verified,分岐の判断原理・近接分岐との境界に対して対象側が矛盾しないことを確認,locked-not-implemented
1,vision-architect,事業構想家,TOIE,vision-architect.m04,成長基盤拡張,vision-architect.m04.s01,横展開設計,q20,divergent_convergent,A,実現できるかはいったん置き、方向の違う案をたくさん出す,1.1875,type-question-frequency-v1,type,verified,分岐の判断原理・近接分岐との境界に対して対象側が矛盾しないことを確認,locked-not-implemented
1,vision-architect,事業構想家,TOIE,vision-architect.m04,成長基盤拡張,vision-architect.m04.s01,横展開設計,q22,offensive_stable,A,使う範囲と確認するタイミングを決め、今の仕事に影響が出にくいところから移す,1.3125,type-question-frequency-v1,type,changed,横展開先で核を守りながら限定範囲から移行するためAを採用,locked-not-implemented
1,vision-architect,事業構想家,TOIE,vision-architect.m04,成長基盤拡張,vision-architect.m04.s01,横展開設計,q24,divergent_convergent,B,案を組み合わせ、さらに新しい可能性を増やす,1.25,type-question-frequency-v1,type,verified,分岐の判断原理・近接分岐との境界に対して対象側が矛盾しないことを確認,locked-not-implemented
1,vision-architect,事業構想家,TOIE,vision-architect.m04,成長基盤拡張,vision-architect.m04.s01,横展開設計,q28,divergent_convergent,A,複数の案を残し、比べるための材料を増やす,1.1875,type-question-frequency-v1,type,verified,分岐の判断原理・近接分岐との境界に対して対象側が矛盾しないことを確認,locked-not-implemented
1,vision-architect,事業構想家,TOIE,vision-architect.m04,成長基盤拡張,vision-architect.m04.s01,横展開設計,q30,offensive_stable,B,一部に差が出ても、最も伸びそうな仕事へ力を集める,1.3125,type-question-frequency-v1,type,verified,分岐の判断原理・近接分岐との境界に対して対象側が矛盾しないことを確認,locked-not-implemented
1,vision-architect,事業構想家,TOIE,vision-architect.m04,成長基盤拡張,vision-architect.m04.s01,横展開設計,q36,divergent_convergent,A,一つの用途だけにせず、別の使い方にも広げられる形にする,1.25,type-question-frequency-v1,type,verified,分岐の判断原理・近接分岐との境界に対して対象側が矛盾しないことを確認,locked-not-implemented
1,vision-architect,事業構想家,TOIE,vision-architect.m04,成長基盤拡張,vision-architect.m04.s01,横展開設計,q40,divergent_convergent,B,早く絞りすぎて、もっと良い可能性を逃すこと,1.125,type-question-frequency-v1,type,verified,分岐の判断原理・近接分岐との境界に対して対象側が矛盾しないことを確認,locked-not-implemented
1,vision-architect,事業構想家,TOIE,vision-architect.m04,成長基盤拡張,vision-architect.m04.s02,基盤事業化,q01,thinking_action,A,目的や条件を整理し、進め方を考えてから動く,1.25,type-question-frequency-v1,type,verified,分岐の判断原理・近接分岐との境界に対して対象側が矛盾しないことを確認,locked-not-implemented
1,vision-architect,事業構想家,TOIE,vision-architect.m04,成長基盤拡張,vision-architect.m04.s02,基盤事業化,q03,solo_team,A,自分の担当とゴールを明確にし、最後まで責任を持つ,1.375,type-question-frequency-v1,type,verified,分岐の判断原理・近接分岐との境界に対して対象側が矛盾しないことを確認,locked-not-implemented
1,vision-architect,事業構想家,TOIE,vision-architect.m04,成長基盤拡張,vision-architect.m04.s02,基盤事業化,q04,divergent_convergent,A,目的や前提から見直し、別の考え方も探す,1.0625,type-question-frequency-v1,type,verified,分岐の判断原理・近接分岐との境界に対して対象側が矛盾しないことを確認,locked-not-implemented
1,vision-architect,事業構想家,TOIE,vision-architect.m04,成長基盤拡張,vision-architect.m04.s02,基盤事業化,q09,thinking_action,A,全体の仕組みと基本の手順を理解してから使う,1.4375,type-question-frequency-v1,type,verified,分岐の判断原理・近接分岐との境界に対して対象側が矛盾しないことを確認,locked-not-implemented
1,vision-architect,事業構想家,TOIE,vision-architect.m04,成長基盤拡張,vision-architect.m04.s02,基盤事業化,q12,divergent_convergent,A,関係が薄そうな情報も集め、意外なつながりを探す,1.0,type-question-frequency-v1,type,verified,分岐の判断原理・近接分岐との境界に対して対象側が矛盾しないことを確認,locked-not-implemented
1,vision-architect,事業構想家,TOIE,vision-architect.m04,成長基盤拡張,vision-architect.m04.s02,基盤事業化,q18,offensive_stable,B,無理なく続けられる手順と確認方法を整えてから導入する,1.25,type-question-frequency-v1,type,changed,共通基盤を無理なく使い続けられる導入手順へ整えるためBを採用,locked-not-implemented
1,vision-architect,事業構想家,TOIE,vision-architect.m04,成長基盤拡張,vision-architect.m04.s02,基盤事業化,q22,offensive_stable,A,使う範囲と確認するタイミングを決め、今の仕事に影響が出にくいところから移す,1.3125,type-question-frequency-v1,type,changed,利用範囲と確認時期を定めて共通基盤へ移すためAを採用,locked-not-implemented
1,vision-architect,事業構想家,TOIE,vision-architect.m04,成長基盤拡張,vision-architect.m04.s02,基盤事業化,q23,solo_team,A,役割を組み直し、他の人の得意なことを生かして進める,1.375,type-question-frequency-v1,type,changed,他者の得意分野を生かし、複数利用者が使える基盤へするためAを採用,locked-not-implemented
1,vision-architect,事業構想家,TOIE,vision-architect.m04,成長基盤拡張,vision-architect.m04.s02,基盤事業化,q33,thinking_action,A,先に構成と順番を決め、全体の流れを固める,1.3125,type-question-frequency-v1,type,verified,分岐の判断原理・近接分岐との境界に対して対象側が矛盾しないことを確認,locked-not-implemented
1,vision-architect,事業構想家,TOIE,vision-architect.m04,成長基盤拡張,vision-architect.m04.s02,基盤事業化,q36,divergent_convergent,A,一つの用途だけにせず、別の使い方にも広げられる形にする,1.25,type-question-frequency-v1,type,verified,分岐の判断原理・近接分岐との境界に対して対象側が矛盾しないことを確認,locked-not-implemented
1,vision-architect,事業構想家,TOIE,vision-architect.m04,成長基盤拡張,vision-architect.m04.s02,基盤事業化,q37,thinking_action,B,計画を立て直し、優先順位と再開する条件を決めてから動く,1.4375,type-question-frequency-v1,type,verified,分岐の判断原理・近接分岐との境界に対して対象側が矛盾しないことを確認,locked-not-implemented
1,vision-architect,事業構想家,TOIE,vision-architect.m04,成長基盤拡張,vision-architect.m04.s02,基盤事業化,q39,solo_team,B,担当と確認するタイミングを決め、そこまでは各自に任せる,1.375,type-question-frequency-v1,type,verified,分岐の判断原理・近接分岐との境界に対して対象側が矛盾しないことを確認,locked-not-implemented
2,win-hunter,勝ち筋ハンター,TOIF,win-hunter.m01,判断条件特定,win-hunter.m01.s01,顧客判断照準,q02,offensive_stable,A,達成できない可能性があっても、期待以上の成果を狙う,1.15,type-question-frequency-v1,type,verified,分岐の判断原理・近接分岐との境界に対して対象側が矛盾しないことを確認,locked-not-implemented
2,win-hunter,勝ち筋ハンター,TOIF,win-hunter.m01,判断条件特定,win-hunter.m01.s01,顧客判断照準,q08,divergent_convergent,A,影響の大きい原因から順に、調べるものを絞る,1.0,type-question-frequency-v1,type,verified,分岐の判断原理・近接分岐との境界に対して対象側が矛盾しないことを確認,locked-not-implemented
2,win-hunter,勝ち筋ハンター,TOIF,win-hunter.m01,判断条件特定,win-hunter.m01.s01,顧客判断照準,q11,solo_team,A,相手が重視することと未決定の点を整理し、選びやすい形で示す,1.3,type-question-frequency-v1,type,verified,分岐の判断原理・近接分岐との境界に対して対象側が矛盾しないことを確認,locked-not-implemented
2,win-hunter,勝ち筋ハンター,TOIF,win-hunter.m01,判断条件特定,win-hunter.m01.s01,顧客判断照準,q12,divergent_convergent,B,判断に必要な情報を決め、そこに絞って集める,1.25,type-question-frequency-v1,type,verified,分岐の判断原理・近接分岐との境界に対して対象側が矛盾しないことを確認,locked-not-implemented
2,win-hunter,勝ち筋ハンター,TOIF,win-hunter.m01,判断条件特定,win-hunter.m01.s01,顧客判断照準,q16,divergent_convergent,A,目的に直接関係する不足情報だけを追加で集める,1.25,type-question-frequency-v1,type,verified,分岐の判断原理・近接分岐との境界に対して対象側が矛盾しないことを確認,locked-not-implemented
2,win-hunter,勝ち筋ハンター,TOIF,win-hunter.m01,判断条件特定,win-hunter.m01.s01,顧客判断照準,q17,thinking_action,A,追加情報を集め、根拠を増やしてから決める,1.2,type-question-frequency-v1,type,verified,分岐の判断原理・近接分岐との境界に対して対象側が矛盾しないことを確認,locked-not-implemented
2,win-hunter,勝ち筋ハンター,TOIF,win-hunter.m01,判断条件特定,win-hunter.m01.s01,顧客判断照準,q24,divergent_convergent,A,判断の基準を決め、良さそうな案を少数に絞る,1.1,type-question-frequency-v1,type,verified,分岐の判断原理・近接分岐との境界に対して対象側が矛盾しないことを確認,locked-not-implemented
2,win-hunter,勝ち筋ハンター,TOIF,win-hunter.m01,判断条件特定,win-hunter.m01.s01,顧客判断照準,q28,divergent_convergent,B,早めに一つの案を選び、その案を深く考える,1.25,type-question-frequency-v1,type,verified,分岐の判断原理・近接分岐との境界に対して対象側が矛盾しないことを確認,locked-not-implemented
2,win-hunter,勝ち筋ハンター,TOIF,win-hunter.m01,判断条件特定,win-hunter.m01.s01,顧客判断照準,q32,divergent_convergent,A,いったん判断基準を決め、結論を出す段階へ進む,1.1,type-question-frequency-v1,type,verified,分岐の判断原理・近接分岐との境界に対して対象側が矛盾しないことを確認,locked-not-implemented
2,win-hunter,勝ち筋ハンター,TOIF,win-hunter.m01,判断条件特定,win-hunter.m01.s01,顧客判断照準,q35,solo_team,B,その場で話を続け、迷っている理由や決める条件を確かめる,1.35,type-question-frequency-v1,type,changed,相手が迷う理由と決定条件をその場で特定するためBを採用,locked-not-implemented
2,win-hunter,勝ち筋ハンター,TOIF,win-hunter.m01,判断条件特定,win-hunter.m01.s01,顧客判断照準,q40,divergent_convergent,A,広げすぎて、結局何も形にならないこと,1.15,type-question-frequency-v1,type,verified,分岐の判断原理・近接分岐との境界に対して対象側が矛盾しないことを確認,locked-not-implemented
2,win-hunter,勝ち筋ハンター,TOIF,win-hunter.m01,判断条件特定,win-hunter.m01.s02,合意条件設計,q01,thinking_action,A,目的や条件を整理し、進め方を考えてから動く,1.3,type-question-frequency-v1,type,verified,分岐の判断原理・近接分岐との境界に対して対象側が矛盾しないことを確認,locked-not-implemented
2,win-hunter,勝ち筋ハンター,TOIF,win-hunter.m01,判断条件特定,win-hunter.m01.s02,合意条件設計,q03,solo_team,A,自分の担当とゴールを明確にし、最後まで責任を持つ,1.4,type-question-frequency-v1,type,verified,分岐の判断原理・近接分岐との境界に対して対象側が矛盾しないことを確認,locked-not-implemented
2,win-hunter,勝ち筋ハンター,TOIF,win-hunter.m01,判断条件特定,win-hunter.m01.s02,合意条件設計,q05,thinking_action,B,短い時間でも目的や条件を確認し、進め方を決めてから始める,1.4,type-question-frequency-v1,type,verified,分岐の判断原理・近接分岐との境界に対して対象側が矛盾しないことを確認,locked-not-implemented
2,win-hunter,勝ち筋ハンター,TOIF,win-hunter.m01,判断条件特定,win-hunter.m01.s02,合意条件設計,q08,divergent_convergent,A,影響の大きい原因から順に、調べるものを絞る,1.0,type-question-frequency-v1,type,verified,分岐の判断原理・近接分岐との境界に対して対象側が矛盾しないことを確認,locked-not-implemented
2,win-hunter,勝ち筋ハンター,TOIF,win-hunter.m01,判断条件特定,win-hunter.m01.s02,合意条件設計,q11,solo_team,A,相手が重視することと未決定の点を整理し、選びやすい形で示す,1.3,type-question-frequency-v1,type,verified,分岐の判断原理・近接分岐との境界に対して対象側が矛盾しないことを確認,locked-not-implemented
2,win-hunter,勝ち筋ハンター,TOIF,win-hunter.m01,判断条件特定,win-hunter.m01.s02,合意条件設計,q15,solo_team,A,早めに情報を集め、それぞれの心配や譲れない条件を確認して、合意できる点を探す,1.4,type-question-frequency-v1,type,changed,複数関係者の懸念と譲れない条件を集め、合意基準を作るためAを採用,locked-not-implemented
2,win-hunter,勝ち筋ハンター,TOIF,win-hunter.m01,判断条件特定,win-hunter.m01.s02,合意条件設計,q18,offensive_stable,A,効果と負担を説明し、心配な点を確認したうえで、早めに判断してもらう,1.35,type-question-frequency-v1,type,verified,分岐の判断原理・近接分岐との境界に対して対象側が矛盾しないことを確認,locked-not-implemented
2,win-hunter,勝ち筋ハンター,TOIF,win-hunter.m01,判断条件特定,win-hunter.m01.s02,合意条件設計,q21,thinking_action,B,残り時間で追加確認をし、より確かな判断をしてから決める,1.2,type-question-frequency-v1,type,verified,分岐の判断原理・近接分岐との境界に対して対象側が矛盾しないことを確認,locked-not-implemented
2,win-hunter,勝ち筋ハンター,TOIF,win-hunter.m01,判断条件特定,win-hunter.m01.s02,合意条件設計,q24,divergent_convergent,A,判断の基準を決め、良さそうな案を少数に絞る,1.1,type-question-frequency-v1,type,verified,分岐の判断原理・近接分岐との境界に対して対象側が矛盾しないことを確認,locked-not-implemented
2,win-hunter,勝ち筋ハンター,TOIF,win-hunter.m01,判断条件特定,win-hunter.m01.s02,合意条件設計,q33,thinking_action,A,先に構成と順番を決め、全体の流れを固める,1.35,type-question-frequency-v1,type,verified,分岐の判断原理・近接分岐との境界に対して対象側が矛盾しないことを確認,locked-not-implemented
2,win-hunter,勝ち筋ハンター,TOIF,win-hunter.m01,判断条件特定,win-hunter.m01.s02,合意条件設計,q35,solo_team,A,いったん持ち帰り、判断材料を整理して比べやすく示す,1.35,type-question-frequency-v1,type,verified,分岐の判断原理・近接分岐との境界に対して対象側が矛盾しないことを確認,locked-not-implemented
2,win-hunter,勝ち筋ハンター,TOIF,win-hunter.m01,判断条件特定,win-hunter.m01.s02,合意条件設計,q39,solo_team,B,担当と確認するタイミングを決め、そこまでは各自に任せる,1.45,type-question-frequency-v1,type,verified,分岐の判断原理・近接分岐との境界に対して対象側が矛盾しないことを確認,locked-not-implemented
2,win-hunter,勝ち筋ハンター,TOIF,win-hunter.m02,成果集中,win-hunter.m02.s01,指標集中,q01,thinking_action,A,目的や条件を整理し、進め方を考えてから動く,1.3,type-question-frequency-v1,type,verified,分岐の判断原理・近接分岐との境界に対して対象側が矛盾しないことを確認,locked-not-implemented
2,win-hunter,勝ち筋ハンター,TOIF,win-hunter.m02,成果集中,win-hunter.m02.s01,指標集中,q02,offensive_stable,A,達成できない可能性があっても、期待以上の成果を狙う,1.15,type-question-frequency-v1,type,verified,分岐の判断原理・近接分岐との境界に対して対象側が矛盾しないことを確認,locked-not-implemented
2,win-hunter,勝ち筋ハンター,TOIF,win-hunter.m02,成果集中,win-hunter.m02.s01,指標集中,q04,divergent_convergent,B,与えられた目的や条件に沿って、解くべきことを絞る,1.3,type-question-frequency-v1,type,verified,分岐の判断原理・近接分岐との境界に対して対象側が矛盾しないことを確認,locked-not-implemented
2,win-hunter,勝ち筋ハンター,TOIF,win-hunter.m02,成果集中,win-hunter.m02.s01,指標集中,q08,divergent_convergent,A,影響の大きい原因から順に、調べるものを絞る,1.0,type-question-frequency-v1,type,verified,分岐の判断原理・近接分岐との境界に対して対象側が矛盾しないことを確認,locked-not-implemented
2,win-hunter,勝ち筋ハンター,TOIF,win-hunter.m02,成果集中,win-hunter.m02.s01,指標集中,q12,divergent_convergent,B,判断に必要な情報を決め、そこに絞って集める,1.25,type-question-frequency-v1,type,verified,分岐の判断原理・近接分岐との境界に対して対象側が矛盾しないことを確認,locked-not-implemented
2,win-hunter,勝ち筋ハンター,TOIF,win-hunter.m02,成果集中,win-hunter.m02.s01,指標集中,q16,divergent_convergent,A,目的に直接関係する不足情報だけを追加で集める,1.25,type-question-frequency-v1,type,verified,分岐の判断原理・近接分岐との境界に対して対象側が矛盾しないことを確認,locked-not-implemented
2,win-hunter,勝ち筋ハンター,TOIF,win-hunter.m02,成果集中,win-hunter.m02.s01,指標集中,q17,thinking_action,A,追加情報を集め、根拠を増やしてから決める,1.2,type-question-frequency-v1,type,verified,分岐の判断原理・近接分岐との境界に対して対象側が矛盾しないことを確認,locked-not-implemented
2,win-hunter,勝ち筋ハンター,TOIF,win-hunter.m02,成果集中,win-hunter.m02.s01,指標集中,q21,thinking_action,B,残り時間で追加確認をし、より確かな判断をしてから決める,1.2,type-question-frequency-v1,type,verified,分岐の判断原理・近接分岐との境界に対して対象側が矛盾しないことを確認,locked-not-implemented
2,win-hunter,勝ち筋ハンター,TOIF,win-hunter.m02,成果集中,win-hunter.m02.s01,指標集中,q24,divergent_convergent,A,判断の基準を決め、良さそうな案を少数に絞る,1.1,type-question-frequency-v1,type,verified,分岐の判断原理・近接分岐との境界に対して対象側が矛盾しないことを確認,locked-not-implemented
2,win-hunter,勝ち筋ハンター,TOIF,win-hunter.m02,成果集中,win-hunter.m02.s01,指標集中,q30,offensive_stable,B,一部に差が出ても、最も伸びそうな仕事へ力を集める,1.3,type-question-frequency-v1,type,verified,分岐の判断原理・近接分岐との境界に対して対象側が矛盾しないことを確認,locked-not-implemented
2,win-hunter,勝ち筋ハンター,TOIF,win-hunter.m02,成果集中,win-hunter.m02.s01,指標集中,q32,divergent_convergent,A,いったん判断基準を決め、結論を出す段階へ進む,1.1,type-question-frequency-v1,type,verified,分岐の判断原理・近接分岐との境界に対して対象側が矛盾しないことを確認,locked-not-implemented
2,win-hunter,勝ち筋ハンター,TOIF,win-hunter.m02,成果集中,win-hunter.m02.s01,指標集中,q33,thinking_action,A,先に構成と順番を決め、全体の流れを固める,1.35,type-question-frequency-v1,type,verified,分岐の判断原理・近接分岐との境界に対して対象側が矛盾しないことを確認,locked-not-implemented
2,win-hunter,勝ち筋ハンター,TOIF,win-hunter.m02,成果集中,win-hunter.m02.s01,指標集中,q40,divergent_convergent,A,広げすぎて、結局何も形にならないこと,1.15,type-question-frequency-v1,type,verified,分岐の判断原理・近接分岐との境界に対して対象側が矛盾しないことを確認,locked-not-implemented
2,win-hunter,勝ち筋ハンター,TOIF,win-hunter.m02,成果集中,win-hunter.m02.s02,資源集中,q02,offensive_stable,A,達成できない可能性があっても、期待以上の成果を狙う,1.15,type-question-frequency-v1,type,verified,分岐の判断原理・近接分岐との境界に対して対象側が矛盾しないことを確認,locked-not-implemented
2,win-hunter,勝ち筋ハンター,TOIF,win-hunter.m02,成果集中,win-hunter.m02.s02,資源集中,q03,solo_team,A,自分の担当とゴールを明確にし、最後まで責任を持つ,1.4,type-question-frequency-v1,type,verified,分岐の判断原理・近接分岐との境界に対して対象側が矛盾しないことを確認,locked-not-implemented
2,win-hunter,勝ち筋ハンター,TOIF,win-hunter.m02,成果集中,win-hunter.m02.s02,資源集中,q06,offensive_stable,B,余った時間や人手を使い、成果をさらに伸ばす,1.4,type-question-frequency-v1,type,verified,分岐の判断原理・近接分岐との境界に対して対象側が矛盾しないことを確認,locked-not-implemented
2,win-hunter,勝ち筋ハンター,TOIF,win-hunter.m02,成果集中,win-hunter.m02.s02,資源集中,q08,divergent_convergent,A,影響の大きい原因から順に、調べるものを絞る,1.0,type-question-frequency-v1,type,verified,分岐の判断原理・近接分岐との境界に対して対象側が矛盾しないことを確認,locked-not-implemented
2,win-hunter,勝ち筋ハンター,TOIF,win-hunter.m02,成果集中,win-hunter.m02.s02,資源集中,q10,offensive_stable,A,小さな失敗は受け入れ、早めに試す,1.25,type-question-frequency-v1,type,verified,分岐の判断原理・近接分岐との境界に対して対象側が矛盾しないことを確認,locked-not-implemented
2,win-hunter,勝ち筋ハンター,TOIF,win-hunter.m02,成果集中,win-hunter.m02.s02,資源集中,q14,offensive_stable,B,一時的な混乱は受け入れ、早めに新しい案へ切り替える,1.3,type-question-frequency-v1,type,verified,分岐の判断原理・近接分岐との境界に対して対象側が矛盾しないことを確認,locked-not-implemented
2,win-hunter,勝ち筋ハンター,TOIF,win-hunter.m02,成果集中,win-hunter.m02.s02,資源集中,q18,offensive_stable,A,効果と負担を説明し、心配な点を確認したうえで、早めに判断してもらう,1.35,type-question-frequency-v1,type,verified,分岐の判断原理・近接分岐との境界に対して対象側が矛盾しないことを確認,locked-not-implemented
2,win-hunter,勝ち筋ハンター,TOIF,win-hunter.m02,成果集中,win-hunter.m02.s02,資源集中,q19,solo_team,A,まず自分で仮説を立て、解決までの道筋を考える,1.3,type-question-frequency-v1,type,verified,分岐の判断原理・近接分岐との境界に対して対象側が矛盾しないことを確認,locked-not-implemented
2,win-hunter,勝ち筋ハンター,TOIF,win-hunter.m02,成果集中,win-hunter.m02.s02,資源集中,q26,offensive_stable,A,少し負担が増えても、目立つ価値を一つ加える,1.25,type-question-frequency-v1,type,verified,分岐の判断原理・近接分岐との境界に対して対象側が矛盾しないことを確認,locked-not-implemented
2,win-hunter,勝ち筋ハンター,TOIF,win-hunter.m02,成果集中,win-hunter.m02.s02,資源集中,q27,solo_team,A,自分の専門性や判断が、そのまま成果につながった時,1.45,type-question-frequency-v1,type,verified,分岐の判断原理・近接分岐との境界に対して対象側が矛盾しないことを確認,locked-not-implemented
2,win-hunter,勝ち筋ハンター,TOIF,win-hunter.m02,成果集中,win-hunter.m02.s02,資源集中,q30,offensive_stable,B,一部に差が出ても、最も伸びそうな仕事へ力を集める,1.3,type-question-frequency-v1,type,verified,分岐の判断原理・近接分岐との境界に対して対象側が矛盾しないことを確認,locked-not-implemented
2,win-hunter,勝ち筋ハンター,TOIF,win-hunter.m02,成果集中,win-hunter.m02.s02,資源集中,q31,solo_team,B,自分が担当した専門分野の成果を評価される,1.45,type-question-frequency-v1,type,verified,分岐の判断原理・近接分岐との境界に対して対象側が矛盾しないことを確認,locked-not-implemented
2,win-hunter,勝ち筋ハンター,TOIF,win-hunter.m02,成果集中,win-hunter.m02.s02,資源集中,q34,offensive_stable,A,慎重になりすぎて、大きなチャンスを逃すこと,1.2,type-question-frequency-v1,type,verified,分岐の判断原理・近接分岐との境界に対して対象側が矛盾しないことを確認,locked-not-implemented
2,win-hunter,勝ち筋ハンター,TOIF,win-hunter.m02,成果集中,win-hunter.m02.s02,資源集中,q38,offensive_stable,B,不確かな状況でも挑戦し、期待以上の成果を出せた時,1.3,type-question-frequency-v1,type,verified,分岐の判断原理・近接分岐との境界に対して対象側が矛盾しないことを確認,locked-not-implemented
2,win-hunter,勝ち筋ハンター,TOIF,win-hunter.m02,成果集中,win-hunter.m02.s03,撤退再配分,q02,offensive_stable,A,達成できない可能性があっても、期待以上の成果を狙う,1.15,type-question-frequency-v1,type,verified,分岐の判断原理・近接分岐との境界に対して対象側が矛盾しないことを確認,locked-not-implemented
2,win-hunter,勝ち筋ハンター,TOIF,win-hunter.m02,成果集中,win-hunter.m02.s03,撤退再配分,q06,offensive_stable,B,余った時間や人手を使い、成果をさらに伸ばす,1.4,type-question-frequency-v1,type,verified,分岐の判断原理・近接分岐との境界に対して対象側が矛盾しないことを確認,locked-not-implemented
2,win-hunter,勝ち筋ハンター,TOIF,win-hunter.m02,成果集中,win-hunter.m02.s03,撤退再配分,q08,divergent_convergent,A,影響の大きい原因から順に、調べるものを絞る,1.0,type-question-frequency-v1,type,verified,分岐の判断原理・近接分岐との境界に対して対象側が矛盾しないことを確認,locked-not-implemented
2,win-hunter,勝ち筋ハンター,TOIF,win-hunter.m02,成果集中,win-hunter.m02.s03,撤退再配分,q14,offensive_stable,B,一時的な混乱は受け入れ、早めに新しい案へ切り替える,1.3,type-question-frequency-v1,type,verified,分岐の判断原理・近接分岐との境界に対して対象側が矛盾しないことを確認,locked-not-implemented
2,win-hunter,勝ち筋ハンター,TOIF,win-hunter.m02,成果集中,win-hunter.m02.s03,撤退再配分,q16,divergent_convergent,A,目的に直接関係する不足情報だけを追加で集める,1.25,type-question-frequency-v1,type,verified,分岐の判断原理・近接分岐との境界に対して対象側が矛盾しないことを確認,locked-not-implemented
2,win-hunter,勝ち筋ハンター,TOIF,win-hunter.m02,成果集中,win-hunter.m02.s03,撤退再配分,q17,thinking_action,A,追加情報を集め、根拠を増やしてから決める,1.2,type-question-frequency-v1,type,verified,分岐の判断原理・近接分岐との境界に対して対象側が矛盾しないことを確認,locked-not-implemented
2,win-hunter,勝ち筋ハンター,TOIF,win-hunter.m02,成果集中,win-hunter.m02.s03,撤退再配分,q19,solo_team,A,まず自分で仮説を立て、解決までの道筋を考える,1.3,type-question-frequency-v1,type,verified,分岐の判断原理・近接分岐との境界に対して対象側が矛盾しないことを確認,locked-not-implemented
2,win-hunter,勝ち筋ハンター,TOIF,win-hunter.m02,成果集中,win-hunter.m02.s03,撤退再配分,q24,divergent_convergent,A,判断の基準を決め、良さそうな案を少数に絞る,1.1,type-question-frequency-v1,type,verified,分岐の判断原理・近接分岐との境界に対して対象側が矛盾しないことを確認,locked-not-implemented
2,win-hunter,勝ち筋ハンター,TOIF,win-hunter.m02,成果集中,win-hunter.m02.s03,撤退再配分,q28,divergent_convergent,B,早めに一つの案を選び、その案を深く考える,1.25,type-question-frequency-v1,type,verified,分岐の判断原理・近接分岐との境界に対して対象側が矛盾しないことを確認,locked-not-implemented
2,win-hunter,勝ち筋ハンター,TOIF,win-hunter.m02,成果集中,win-hunter.m02.s03,撤退再配分,q30,offensive_stable,B,一部に差が出ても、最も伸びそうな仕事へ力を集める,1.3,type-question-frequency-v1,type,verified,分岐の判断原理・近接分岐との境界に対して対象側が矛盾しないことを確認,locked-not-implemented
2,win-hunter,勝ち筋ハンター,TOIF,win-hunter.m02,成果集中,win-hunter.m02.s03,撤退再配分,q32,divergent_convergent,A,いったん判断基準を決め、結論を出す段階へ進む,1.1,type-question-frequency-v1,type,verified,分岐の判断原理・近接分岐との境界に対して対象側が矛盾しないことを確認,locked-not-implemented
2,win-hunter,勝ち筋ハンター,TOIF,win-hunter.m02,成果集中,win-hunter.m02.s03,撤退再配分,q34,offensive_stable,A,慎重になりすぎて、大きなチャンスを逃すこと,1.2,type-question-frequency-v1,type,verified,分岐の判断原理・近接分岐との境界に対して対象側が矛盾しないことを確認,locked-not-implemented
2,win-hunter,勝ち筋ハンター,TOIF,win-hunter.m02,成果集中,win-hunter.m02.s03,撤退再配分,q38,offensive_stable,B,不確かな状況でも挑戦し、期待以上の成果を出せた時,1.3,type-question-frequency-v1,type,verified,分岐の判断原理・近接分岐との境界に対して対象側が矛盾しないことを確認,locked-not-implemented
2,win-hunter,勝ち筋ハンター,TOIF,win-hunter.m02,成果集中,win-hunter.m02.s03,撤退再配分,q40,divergent_convergent,A,広げすぎて、結局何も形にならないこと,1.15,type-question-frequency-v1,type,verified,分岐の判断原理・近接分岐との境界に対して対象側が矛盾しないことを確認,locked-not-implemented
2,win-hunter,勝ち筋ハンター,TOIF,win-hunter.m03,競争優位確立,win-hunter.m03.s01,差別化一点,q02,offensive_stable,A,達成できない可能性があっても、期待以上の成果を狙う,1.15,type-question-frequency-v1,type,verified,分岐の判断原理・近接分岐との境界に対して対象側が矛盾しないことを確認,locked-not-implemented
2,win-hunter,勝ち筋ハンター,TOIF,win-hunter.m03,競争優位確立,win-hunter.m03.s01,差別化一点,q04,divergent_convergent,B,与えられた目的や条件に沿って、解くべきことを絞る,1.3,type-question-frequency-v1,type,verified,分岐の判断原理・近接分岐との境界に対して対象側が矛盾しないことを確認,locked-not-implemented
2,win-hunter,勝ち筋ハンター,TOIF,win-hunter.m03,競争優位確立,win-hunter.m03.s01,差別化一点,q08,divergent_convergent,A,影響の大きい原因から順に、調べるものを絞る,1.0,type-question-frequency-v1,type,verified,分岐の判断原理・近接分岐との境界に対して対象側が矛盾しないことを確認,locked-not-implemented
2,win-hunter,勝ち筋ハンター,TOIF,win-hunter.m03,競争優位確立,win-hunter.m03.s01,差別化一点,q10,offensive_stable,A,小さな失敗は受け入れ、早めに試す,1.25,type-question-frequency-v1,type,verified,分岐の判断原理・近接分岐との境界に対して対象側が矛盾しないことを確認,locked-not-implemented
2,win-hunter,勝ち筋ハンター,TOIF,win-hunter.m03,競争優位確立,win-hunter.m03.s01,差別化一点,q11,solo_team,A,相手が重視することと未決定の点を整理し、選びやすい形で示す,1.3,type-question-frequency-v1,type,verified,分岐の判断原理・近接分岐との境界に対して対象側が矛盾しないことを確認,locked-not-implemented
2,win-hunter,勝ち筋ハンター,TOIF,win-hunter.m03,競争優位確立,win-hunter.m03.s01,差別化一点,q12,divergent_convergent,B,判断に必要な情報を決め、そこに絞って集める,1.25,type-question-frequency-v1,type,verified,分岐の判断原理・近接分岐との境界に対して対象側が矛盾しないことを確認,locked-not-implemented
2,win-hunter,勝ち筋ハンター,TOIF,win-hunter.m03,競争優位確立,win-hunter.m03.s01,差別化一点,q14,offensive_stable,B,一時的な混乱は受け入れ、早めに新しい案へ切り替える,1.3,type-question-frequency-v1,type,verified,分岐の判断原理・近接分岐との境界に対して対象側が矛盾しないことを確認,locked-not-implemented
2,win-hunter,勝ち筋ハンター,TOIF,win-hunter.m03,競争優位確立,win-hunter.m03.s01,差別化一点,q20,divergent_convergent,B,条件に合う案へ早めに絞り、その案を仕上げる,1.45,type-question-frequency-v1,type,verified,分岐の判断原理・近接分岐との境界に対して対象側が矛盾しないことを確認,locked-not-implemented
2,win-hunter,勝ち筋ハンター,TOIF,win-hunter.m03,競争優位確立,win-hunter.m03.s01,差別化一点,q24,divergent_convergent,A,判断の基準を決め、良さそうな案を少数に絞る,1.1,type-question-frequency-v1,type,verified,分岐の判断原理・近接分岐との境界に対して対象側が矛盾しないことを確認,locked-not-implemented
2,win-hunter,勝ち筋ハンター,TOIF,win-hunter.m03,競争優位確立,win-hunter.m03.s01,差別化一点,q26,offensive_stable,A,少し負担が増えても、目立つ価値を一つ加える,1.25,type-question-frequency-v1,type,verified,分岐の判断原理・近接分岐との境界に対して対象側が矛盾しないことを確認,locked-not-implemented
2,win-hunter,勝ち筋ハンター,TOIF,win-hunter.m03,競争優位確立,win-hunter.m03.s01,差別化一点,q28,divergent_convergent,B,早めに一つの案を選び、その案を深く考える,1.25,type-question-frequency-v1,type,verified,分岐の判断原理・近接分岐との境界に対して対象側が矛盾しないことを確認,locked-not-implemented
2,win-hunter,勝ち筋ハンター,TOIF,win-hunter.m03,競争優位確立,win-hunter.m03.s01,差別化一点,q32,divergent_convergent,A,いったん判断基準を決め、結論を出す段階へ進む,1.1,type-question-frequency-v1,type,verified,分岐の判断原理・近接分岐との境界に対して対象側が矛盾しないことを確認,locked-not-implemented
2,win-hunter,勝ち筋ハンター,TOIF,win-hunter.m03,競争優位確立,win-hunter.m03.s01,差別化一点,q34,offensive_stable,A,慎重になりすぎて、大きなチャンスを逃すこと,1.2,type-question-frequency-v1,type,verified,分岐の判断原理・近接分岐との境界に対して対象側が矛盾しないことを確認,locked-not-implemented
2,win-hunter,勝ち筋ハンター,TOIF,win-hunter.m03,競争優位確立,win-hunter.m03.s01,差別化一点,q36,divergent_convergent,B,使い道を一つに絞り、限られた要素を目的に合う形へ組み直す,1.45,type-question-frequency-v1,type,verified,分岐の判断原理・近接分岐との境界に対して対象側が矛盾しないことを確認,locked-not-implemented
2,win-hunter,勝ち筋ハンター,TOIF,win-hunter.m03,競争優位確立,win-hunter.m03.s01,差別化一点,q40,divergent_convergent,A,広げすぎて、結局何も形にならないこと,1.15,type-question-frequency-v1,type,verified,分岐の判断原理・近接分岐との境界に対して対象側が矛盾しないことを確認,locked-not-implemented
2,win-hunter,勝ち筋ハンター,TOIF,win-hunter.m03,競争優位確立,win-hunter.m03.s02,機会先行,q02,offensive_stable,A,達成できない可能性があっても、期待以上の成果を狙う,1.15,type-question-frequency-v1,type,verified,分岐の判断原理・近接分岐との境界に対して対象側が矛盾しないことを確認,locked-not-implemented
2,win-hunter,勝ち筋ハンター,TOIF,win-hunter.m03,競争優位確立,win-hunter.m03.s02,機会先行,q05,thinking_action,A,まず仮の進め方で始め、途中で必要な確認をする,1.4,type-question-frequency-v1,type,changed,短い機会を逃さず仮の進め方で先に動くためAを採用,locked-not-implemented
2,win-hunter,勝ち筋ハンター,TOIF,win-hunter.m03,競争優位確立,win-hunter.m03.s02,機会先行,q08,divergent_convergent,A,影響の大きい原因から順に、調べるものを絞る,1.0,type-question-frequency-v1,type,verified,分岐の判断原理・近接分岐との境界に対して対象側が矛盾しないことを確認,locked-not-implemented
2,win-hunter,勝ち筋ハンター,TOIF,win-hunter.m03,競争優位確立,win-hunter.m03.s02,機会先行,q10,offensive_stable,A,小さな失敗は受け入れ、早めに試す,1.25,type-question-frequency-v1,type,verified,分岐の判断原理・近接分岐との境界に対して対象側が矛盾しないことを確認,locked-not-implemented
2,win-hunter,勝ち筋ハンター,TOIF,win-hunter.m03,競争優位確立,win-hunter.m03.s02,機会先行,q14,offensive_stable,B,一時的な混乱は受け入れ、早めに新しい案へ切り替える,1.3,type-question-frequency-v1,type,verified,分岐の判断原理・近接分岐との境界に対して対象側が矛盾しないことを確認,locked-not-implemented
2,win-hunter,勝ち筋ハンター,TOIF,win-hunter.m03,競争優位確立,win-hunter.m03.s02,機会先行,q17,thinking_action,B,今ある情報でいったん決め、結果を見て見直す,1.2,type-question-frequency-v1,type,changed,不完全な情報でも先行位置を取るため、いったん決めて見直すBを採用,locked-not-implemented
2,win-hunter,勝ち筋ハンター,TOIF,win-hunter.m03,競争優位確立,win-hunter.m03.s02,機会先行,q21,thinking_action,A,今ある情報で決め、必要なら結果を見て直す,1.2,type-question-frequency-v1,type,changed,期限内に先行判断を返し、結果から修正するためAを採用,locked-not-implemented
2,win-hunter,勝ち筋ハンター,TOIF,win-hunter.m03,競争優位確立,win-hunter.m03.s02,機会先行,q26,offensive_stable,A,少し負担が増えても、目立つ価値を一つ加える,1.25,type-question-frequency-v1,type,verified,分岐の判断原理・近接分岐との境界に対して対象側が矛盾しないことを確認,locked-not-implemented
2,win-hunter,勝ち筋ハンター,TOIF,win-hunter.m03,競争優位確立,win-hunter.m03.s02,機会先行,q28,divergent_convergent,B,早めに一つの案を選び、その案を深く考える,1.25,type-question-frequency-v1,type,verified,分岐の判断原理・近接分岐との境界に対して対象側が矛盾しないことを確認,locked-not-implemented
2,win-hunter,勝ち筋ハンター,TOIF,win-hunter.m03,競争優位確立,win-hunter.m03.s02,機会先行,q30,offensive_stable,B,一部に差が出ても、最も伸びそうな仕事へ力を集める,1.3,type-question-frequency-v1,type,verified,分岐の判断原理・近接分岐との境界に対して対象側が矛盾しないことを確認,locked-not-implemented
2,win-hunter,勝ち筋ハンター,TOIF,win-hunter.m03,競争優位確立,win-hunter.m03.s02,機会先行,q32,divergent_convergent,A,いったん判断基準を決め、結論を出す段階へ進む,1.1,type-question-frequency-v1,type,verified,分岐の判断原理・近接分岐との境界に対して対象側が矛盾しないことを確認,locked-not-implemented
2,win-hunter,勝ち筋ハンター,TOIF,win-hunter.m03,競争優位確立,win-hunter.m03.s02,機会先行,q34,offensive_stable,A,慎重になりすぎて、大きなチャンスを逃すこと,1.2,type-question-frequency-v1,type,verified,分岐の判断原理・近接分岐との境界に対して対象側が矛盾しないことを確認,locked-not-implemented
2,win-hunter,勝ち筋ハンター,TOIF,win-hunter.m03,競争優位確立,win-hunter.m03.s02,機会先行,q37,thinking_action,A,今できるところから進め、使えない方法は別のやり方に変える,1.35,type-question-frequency-v1,type,changed,使えない方法を切り替え、今できる手段で先行するためAを採用,locked-not-implemented
2,win-hunter,勝ち筋ハンター,TOIF,win-hunter.m03,競争優位確立,win-hunter.m03.s02,機会先行,q38,offensive_stable,B,不確かな状況でも挑戦し、期待以上の成果を出せた時,1.3,type-question-frequency-v1,type,verified,分岐の判断原理・近接分岐との境界に対して対象側が矛盾しないことを確認,locked-not-implemented
2,win-hunter,勝ち筋ハンター,TOIF,win-hunter.m03,競争優位確立,win-hunter.m03.s02,機会先行,q40,divergent_convergent,A,広げすぎて、結局何も形にならないこと,1.15,type-question-frequency-v1,type,verified,分岐の判断原理・近接分岐との境界に対して対象側が矛盾しないことを確認,locked-not-implemented
2,win-hunter,勝ち筋ハンター,TOIF,win-hunter.m03,競争優位確立,win-hunter.m03.s03,交渉優位,q02,offensive_stable,A,達成できない可能性があっても、期待以上の成果を狙う,1.15,type-question-frequency-v1,type,verified,分岐の判断原理・近接分岐との境界に対して対象側が矛盾しないことを確認,locked-not-implemented
2,win-hunter,勝ち筋ハンター,TOIF,win-hunter.m03,競争優位確立,win-hunter.m03.s03,交渉優位,q08,divergent_convergent,A,影響の大きい原因から順に、調べるものを絞る,1.0,type-question-frequency-v1,type,verified,分岐の判断原理・近接分岐との境界に対して対象側が矛盾しないことを確認,locked-not-implemented
2,win-hunter,勝ち筋ハンター,TOIF,win-hunter.m03,競争優位確立,win-hunter.m03.s03,交渉優位,q10,offensive_stable,A,小さな失敗は受け入れ、早めに試す,1.25,type-question-frequency-v1,type,verified,分岐の判断原理・近接分岐との境界に対して対象側が矛盾しないことを確認,locked-not-implemented
2,win-hunter,勝ち筋ハンター,TOIF,win-hunter.m03,競争優位確立,win-hunter.m03.s03,交渉優位,q11,solo_team,A,相手が重視することと未決定の点を整理し、選びやすい形で示す,1.3,type-question-frequency-v1,type,verified,分岐の判断原理・近接分岐との境界に対して対象側が矛盾しないことを確認,locked-not-implemented
2,win-hunter,勝ち筋ハンター,TOIF,win-hunter.m03,競争優位確立,win-hunter.m03.s03,交渉優位,q15,solo_team,A,早めに情報を集め、それぞれの心配や譲れない条件を確認して、合意できる点を探す,1.4,type-question-frequency-v1,type,changed,交渉関係者の懸念・譲れない条件を集めるためAを採用,locked-not-implemented
2,win-hunter,勝ち筋ハンター,TOIF,win-hunter.m03,競争優位確立,win-hunter.m03.s03,交渉優位,q17,thinking_action,A,追加情報を集め、根拠を増やしてから決める,1.2,type-question-frequency-v1,type,verified,分岐の判断原理・近接分岐との境界に対して対象側が矛盾しないことを確認,locked-not-implemented
2,win-hunter,勝ち筋ハンター,TOIF,win-hunter.m03,競争優位確立,win-hunter.m03.s03,交渉優位,q18,offensive_stable,A,効果と負担を説明し、心配な点を確認したうえで、早めに判断してもらう,1.35,type-question-frequency-v1,type,verified,分岐の判断原理・近接分岐との境界に対して対象側が矛盾しないことを確認,locked-not-implemented
2,win-hunter,勝ち筋ハンター,TOIF,win-hunter.m03,競争優位確立,win-hunter.m03.s03,交渉優位,q21,thinking_action,B,残り時間で追加確認をし、より確かな判断をしてから決める,1.2,type-question-frequency-v1,type,verified,分岐の判断原理・近接分岐との境界に対して対象側が矛盾しないことを確認,locked-not-implemented
2,win-hunter,勝ち筋ハンター,TOIF,win-hunter.m03,競争優位確立,win-hunter.m03.s03,交渉優位,q24,divergent_convergent,A,判断の基準を決め、良さそうな案を少数に絞る,1.1,type-question-frequency-v1,type,verified,分岐の判断原理・近接分岐との境界に対して対象側が矛盾しないことを確認,locked-not-implemented
2,win-hunter,勝ち筋ハンター,TOIF,win-hunter.m03,競争優位確立,win-hunter.m03.s03,交渉優位,q26,offensive_stable,A,少し負担が増えても、目立つ価値を一つ加える,1.25,type-question-frequency-v1,type,verified,分岐の判断原理・近接分岐との境界に対して対象側が矛盾しないことを確認,locked-not-implemented
2,win-hunter,勝ち筋ハンター,TOIF,win-hunter.m03,競争優位確立,win-hunter.m03.s03,交渉優位,q28,divergent_convergent,B,早めに一つの案を選び、その案を深く考える,1.25,type-question-frequency-v1,type,verified,分岐の判断原理・近接分岐との境界に対して対象側が矛盾しないことを確認,locked-not-implemented
2,win-hunter,勝ち筋ハンター,TOIF,win-hunter.m03,競争優位確立,win-hunter.m03.s03,交渉優位,q32,divergent_convergent,A,いったん判断基準を決め、結論を出す段階へ進む,1.1,type-question-frequency-v1,type,verified,分岐の判断原理・近接分岐との境界に対して対象側が矛盾しないことを確認,locked-not-implemented
2,win-hunter,勝ち筋ハンター,TOIF,win-hunter.m03,競争優位確立,win-hunter.m03.s03,交渉優位,q34,offensive_stable,A,慎重になりすぎて、大きなチャンスを逃すこと,1.2,type-question-frequency-v1,type,verified,分岐の判断原理・近接分岐との境界に対して対象側が矛盾しないことを確認,locked-not-implemented
2,win-hunter,勝ち筋ハンター,TOIF,win-hunter.m03,競争優位確立,win-hunter.m03.s03,交渉優位,q35,solo_team,B,その場で話を続け、迷っている理由や決める条件を確かめる,1.35,type-question-frequency-v1,type,changed,相手の迷い・期限・決定条件を会話から見極めるためBを採用,locked-not-implemented
2,win-hunter,勝ち筋ハンター,TOIF,win-hunter.m03,競争優位確立,win-hunter.m03.s03,交渉優位,q38,offensive_stable,B,不確かな状況でも挑戦し、期待以上の成果を出せた時,1.3,type-question-frequency-v1,type,verified,分岐の判断原理・近接分岐との境界に対して対象側が矛盾しないことを確認,locked-not-implemented
2,win-hunter,勝ち筋ハンター,TOIF,win-hunter.m04,制約突破,win-hunter.m04.s01,ボトルネック突破,q01,thinking_action,A,目的や条件を整理し、進め方を考えてから動く,1.3,type-question-frequency-v1,type,verified,分岐の判断原理・近接分岐との境界に対して対象側が矛盾しないことを確認,locked-not-implemented
2,win-hunter,勝ち筋ハンター,TOIF,win-hunter.m04,制約突破,win-hunter.m04.s01,ボトルネック突破,q04,divergent_convergent,B,与えられた目的や条件に沿って、解くべきことを絞る,1.3,type-question-frequency-v1,type,verified,分岐の判断原理・近接分岐との境界に対して対象側が矛盾しないことを確認,locked-not-implemented
2,win-hunter,勝ち筋ハンター,TOIF,win-hunter.m04,制約突破,win-hunter.m04.s01,ボトルネック突破,q08,divergent_convergent,A,影響の大きい原因から順に、調べるものを絞る,1.0,type-question-frequency-v1,type,verified,分岐の判断原理・近接分岐との境界に対して対象側が矛盾しないことを確認,locked-not-implemented
2,win-hunter,勝ち筋ハンター,TOIF,win-hunter.m04,制約突破,win-hunter.m04.s01,ボトルネック突破,q12,divergent_convergent,B,判断に必要な情報を決め、そこに絞って集める,1.25,type-question-frequency-v1,type,verified,分岐の判断原理・近接分岐との境界に対して対象側が矛盾しないことを確認,locked-not-implemented
2,win-hunter,勝ち筋ハンター,TOIF,win-hunter.m04,制約突破,win-hunter.m04.s01,ボトルネック突破,q16,divergent_convergent,A,目的に直接関係する不足情報だけを追加で集める,1.25,type-question-frequency-v1,type,verified,分岐の判断原理・近接分岐との境界に対して対象側が矛盾しないことを確認,locked-not-implemented
2,win-hunter,勝ち筋ハンター,TOIF,win-hunter.m04,制約突破,win-hunter.m04.s01,ボトルネック突破,q19,solo_team,A,まず自分で仮説を立て、解決までの道筋を考える,1.3,type-question-frequency-v1,type,verified,分岐の判断原理・近接分岐との境界に対して対象側が矛盾しないことを確認,locked-not-implemented
2,win-hunter,勝ち筋ハンター,TOIF,win-hunter.m04,制約突破,win-hunter.m04.s01,ボトルネック突破,q21,thinking_action,B,残り時間で追加確認をし、より確かな判断をしてから決める,1.2,type-question-frequency-v1,type,verified,分岐の判断原理・近接分岐との境界に対して対象側が矛盾しないことを確認,locked-not-implemented
2,win-hunter,勝ち筋ハンター,TOIF,win-hunter.m04,制約突破,win-hunter.m04.s01,ボトルネック突破,q24,divergent_convergent,A,判断の基準を決め、良さそうな案を少数に絞る,1.1,type-question-frequency-v1,type,verified,分岐の判断原理・近接分岐との境界に対して対象側が矛盾しないことを確認,locked-not-implemented
2,win-hunter,勝ち筋ハンター,TOIF,win-hunter.m04,制約突破,win-hunter.m04.s01,ボトルネック突破,q25,thinking_action,A,原因を分けて考え、直す順番を決めてから対応する,1.4,type-question-frequency-v1,type,verified,分岐の判断原理・近接分岐との境界に対して対象側が矛盾しないことを確認,locked-not-implemented
2,win-hunter,勝ち筋ハンター,TOIF,win-hunter.m04,制約突破,win-hunter.m04.s01,ボトルネック突破,q29,thinking_action,B,いったん止めて共通の原因を見つけてから、再開する,1.4,type-question-frequency-v1,type,verified,分岐の判断原理・近接分岐との境界に対して対象側が矛盾しないことを確認,locked-not-implemented
2,win-hunter,勝ち筋ハンター,TOIF,win-hunter.m04,制約突破,win-hunter.m04.s01,ボトルネック突破,q32,divergent_convergent,A,いったん判断基準を決め、結論を出す段階へ進む,1.1,type-question-frequency-v1,type,verified,分岐の判断原理・近接分岐との境界に対して対象側が矛盾しないことを確認,locked-not-implemented
2,win-hunter,勝ち筋ハンター,TOIF,win-hunter.m04,制約突破,win-hunter.m04.s01,ボトルネック突破,q33,thinking_action,A,先に構成と順番を決め、全体の流れを固める,1.35,type-question-frequency-v1,type,verified,分岐の判断原理・近接分岐との境界に対して対象側が矛盾しないことを確認,locked-not-implemented
2,win-hunter,勝ち筋ハンター,TOIF,win-hunter.m04,制約突破,win-hunter.m04.s01,ボトルネック突破,q37,thinking_action,B,計画を立て直し、優先順位と再開する条件を決めてから動く,1.35,type-question-frequency-v1,type,verified,分岐の判断原理・近接分岐との境界に対して対象側が矛盾しないことを確認,locked-not-implemented
2,win-hunter,勝ち筋ハンター,TOIF,win-hunter.m04,制約突破,win-hunter.m04.s01,ボトルネック突破,q40,divergent_convergent,A,広げすぎて、結局何も形にならないこと,1.15,type-question-frequency-v1,type,verified,分岐の判断原理・近接分岐との境界に対して対象側が矛盾しないことを確認,locked-not-implemented
2,win-hunter,勝ち筋ハンター,TOIF,win-hunter.m04,制約突破,win-hunter.m04.s02,失敗条件封じ,q01,thinking_action,A,目的や条件を整理し、進め方を考えてから動く,1.3,type-question-frequency-v1,type,verified,分岐の判断原理・近接分岐との境界に対して対象側が矛盾しないことを確認,locked-not-implemented
2,win-hunter,勝ち筋ハンター,TOIF,win-hunter.m04,制約突破,win-hunter.m04.s02,失敗条件封じ,q04,divergent_convergent,B,与えられた目的や条件に沿って、解くべきことを絞る,1.3,type-question-frequency-v1,type,verified,分岐の判断原理・近接分岐との境界に対して対象側が矛盾しないことを確認,locked-not-implemented
2,win-hunter,勝ち筋ハンター,TOIF,win-hunter.m04,制約突破,win-hunter.m04.s02,失敗条件封じ,q08,divergent_convergent,A,影響の大きい原因から順に、調べるものを絞る,1.0,type-question-frequency-v1,type,verified,分岐の判断原理・近接分岐との境界に対して対象側が矛盾しないことを確認,locked-not-implemented
2,win-hunter,勝ち筋ハンター,TOIF,win-hunter.m04,制約突破,win-hunter.m04.s02,失敗条件封じ,q10,offensive_stable,A,小さな失敗は受け入れ、早めに試す,1.25,type-question-frequency-v1,type,verified,分岐の判断原理・近接分岐との境界に対して対象側が矛盾しないことを確認,locked-not-implemented
2,win-hunter,勝ち筋ハンター,TOIF,win-hunter.m04,制約突破,win-hunter.m04.s02,失敗条件封じ,q12,divergent_convergent,B,判断に必要な情報を決め、そこに絞って集める,1.25,type-question-frequency-v1,type,verified,分岐の判断原理・近接分岐との境界に対して対象側が矛盾しないことを確認,locked-not-implemented
2,win-hunter,勝ち筋ハンター,TOIF,win-hunter.m04,制約突破,win-hunter.m04.s02,失敗条件封じ,q16,divergent_convergent,A,目的に直接関係する不足情報だけを追加で集める,1.25,type-question-frequency-v1,type,verified,分岐の判断原理・近接分岐との境界に対して対象側が矛盾しないことを確認,locked-not-implemented
2,win-hunter,勝ち筋ハンター,TOIF,win-hunter.m04,制約突破,win-hunter.m04.s02,失敗条件封じ,q17,thinking_action,A,追加情報を集め、根拠を増やしてから決める,1.2,type-question-frequency-v1,type,verified,分岐の判断原理・近接分岐との境界に対して対象側が矛盾しないことを確認,locked-not-implemented
2,win-hunter,勝ち筋ハンター,TOIF,win-hunter.m04,制約突破,win-hunter.m04.s02,失敗条件封じ,q19,solo_team,A,まず自分で仮説を立て、解決までの道筋を考える,1.3,type-question-frequency-v1,type,verified,分岐の判断原理・近接分岐との境界に対して対象側が矛盾しないことを確認,locked-not-implemented
2,win-hunter,勝ち筋ハンター,TOIF,win-hunter.m04,制約突破,win-hunter.m04.s02,失敗条件封じ,q21,thinking_action,B,残り時間で追加確認をし、より確かな判断をしてから決める,1.2,type-question-frequency-v1,type,verified,分岐の判断原理・近接分岐との境界に対して対象側が矛盾しないことを確認,locked-not-implemented
2,win-hunter,勝ち筋ハンター,TOIF,win-hunter.m04,制約突破,win-hunter.m04.s02,失敗条件封じ,q24,divergent_convergent,A,判断の基準を決め、良さそうな案を少数に絞る,1.1,type-question-frequency-v1,type,verified,分岐の判断原理・近接分岐との境界に対して対象側が矛盾しないことを確認,locked-not-implemented
2,win-hunter,勝ち筋ハンター,TOIF,win-hunter.m04,制約突破,win-hunter.m04.s02,失敗条件封じ,q25,thinking_action,A,原因を分けて考え、直す順番を決めてから対応する,1.4,type-question-frequency-v1,type,verified,分岐の判断原理・近接分岐との境界に対して対象側が矛盾しないことを確認,locked-not-implemented
2,win-hunter,勝ち筋ハンター,TOIF,win-hunter.m04,制約突破,win-hunter.m04.s02,失敗条件封じ,q26,offensive_stable,A,少し負担が増えても、目立つ価値を一つ加える,1.25,type-question-frequency-v1,type,verified,分岐の判断原理・近接分岐との境界に対して対象側が矛盾しないことを確認,locked-not-implemented
2,win-hunter,勝ち筋ハンター,TOIF,win-hunter.m04,制約突破,win-hunter.m04.s02,失敗条件封じ,q29,thinking_action,B,いったん止めて共通の原因を見つけてから、再開する,1.4,type-question-frequency-v1,type,verified,分岐の判断原理・近接分岐との境界に対して対象側が矛盾しないことを確認,locked-not-implemented
2,win-hunter,勝ち筋ハンター,TOIF,win-hunter.m04,制約突破,win-hunter.m04.s02,失敗条件封じ,q32,divergent_convergent,A,いったん判断基準を決め、結論を出す段階へ進む,1.1,type-question-frequency-v1,type,verified,分岐の判断原理・近接分岐との境界に対して対象側が矛盾しないことを確認,locked-not-implemented
2,win-hunter,勝ち筋ハンター,TOIF,win-hunter.m04,制約突破,win-hunter.m04.s02,失敗条件封じ,q34,offensive_stable,A,慎重になりすぎて、大きなチャンスを逃すこと,1.2,type-question-frequency-v1,type,verified,分岐の判断原理・近接分岐との境界に対して対象側が矛盾しないことを確認,locked-not-implemented
2,win-hunter,勝ち筋ハンター,TOIF,win-hunter.m04,制約突破,win-hunter.m04.s02,失敗条件封じ,q37,thinking_action,B,計画を立て直し、優先順位と再開する条件を決めてから動く,1.35,type-question-frequency-v1,type,verified,分岐の判断原理・近接分岐との境界に対して対象側が矛盾しないことを確認,locked-not-implemented
2,win-hunter,勝ち筋ハンター,TOIF,win-hunter.m04,制約突破,win-hunter.m04.s02,失敗条件封じ,q40,divergent_convergent,A,広げすぎて、結局何も形にならないこと,1.15,type-question-frequency-v1,type,verified,分岐の判断原理・近接分岐との境界に対して対象側が矛盾しないことを確認,locked-not-implemented
3,strategy-commander,企画軍師,TOGE,strategy-commander.m01,知識再編,strategy-commander.m01.s01,専門知統合,q01,thinking_action,A,目的や条件を整理し、進め方を考えてから動く,1.125,type-question-frequency-v1,type,verified,分岐の判断原理・近接分岐との境界に対して対象側が矛盾しないことを確認,locked-not-implemented
3,strategy-commander,企画軍師,TOGE,strategy-commander.m01,知識再編,strategy-commander.m01.s01,専門知統合,q04,divergent_convergent,A,目的や前提から見直し、別の考え方も探す,1.125,type-question-frequency-v1,type,verified,分岐の判断原理・近接分岐との境界に対して対象側が矛盾しないことを確認,locked-not-implemented
3,strategy-commander,企画軍師,TOGE,strategy-commander.m01,知識再編,strategy-commander.m01.s01,専門知統合,q08,divergent_convergent,B,見落としがないよう、周りの原因まで広く考える,1.3125,type-question-frequency-v1,type,verified,分岐の判断原理・近接分岐との境界に対して対象側が矛盾しないことを確認,locked-not-implemented
3,strategy-commander,企画軍師,TOGE,strategy-commander.m01,知識再編,strategy-commander.m01.s01,専門知統合,q12,divergent_convergent,A,関係が薄そうな情報も集め、意外なつながりを探す,1.1875,type-question-frequency-v1,type,verified,分岐の判断原理・近接分岐との境界に対して対象側が矛盾しないことを確認,locked-not-implemented
3,strategy-commander,企画軍師,TOGE,strategy-commander.m01,知識再編,strategy-commander.m01.s01,専門知統合,q15,solo_team,A,早めに情報を集め、それぞれの心配や譲れない条件を確認して、合意できる点を探す,1.0,type-question-frequency-v1,type,verified,分岐の判断原理・近接分岐との境界に対して対象側が矛盾しないことを確認,locked-not-implemented
3,strategy-commander,企画軍師,TOGE,strategy-commander.m01,知識再編,strategy-commander.m01.s01,専門知統合,q19,solo_team,B,早めに詳しい人へ相談し、知識を持ち寄って解決する,1.125,type-question-frequency-v1,type,verified,分岐の判断原理・近接分岐との境界に対して対象側が矛盾しないことを確認,locked-not-implemented
3,strategy-commander,企画軍師,TOGE,strategy-commander.m01,知識再編,strategy-commander.m01.s01,専門知統合,q20,divergent_convergent,A,実現できるかはいったん置き、方向の違う案をたくさん出す,1.1875,type-question-frequency-v1,type,verified,分岐の判断原理・近接分岐との境界に対して対象側が矛盾しないことを確認,locked-not-implemented
3,strategy-commander,企画軍師,TOGE,strategy-commander.m01,知識再編,strategy-commander.m01.s01,専門知統合,q24,divergent_convergent,B,案を組み合わせ、さらに新しい可能性を増やす,1.1875,type-question-frequency-v1,type,verified,分岐の判断原理・近接分岐との境界に対して対象側が矛盾しないことを確認,locked-not-implemented
3,strategy-commander,企画軍師,TOGE,strategy-commander.m01,知識再編,strategy-commander.m01.s01,専門知統合,q27,solo_team,B,みんなの強みがうまく合わさり、一人では出せない成果になった時,1.125,type-question-frequency-v1,type,verified,分岐の判断原理・近接分岐との境界に対して対象側が矛盾しないことを確認,locked-not-implemented
3,strategy-commander,企画軍師,TOGE,strategy-commander.m01,知識再編,strategy-commander.m01.s01,専門知統合,q28,divergent_convergent,A,複数の案を残し、比べるための材料を増やす,1.25,type-question-frequency-v1,type,verified,分岐の判断原理・近接分岐との境界に対して対象側が矛盾しないことを確認,locked-not-implemented
3,strategy-commander,企画軍師,TOGE,strategy-commander.m01,知識再編,strategy-commander.m01.s01,専門知統合,q32,divergent_convergent,B,まだ見落としている案がないか、もう少し広げて考える,1.3125,type-question-frequency-v1,type,verified,分岐の判断原理・近接分岐との境界に対して対象側が矛盾しないことを確認,locked-not-implemented
3,strategy-commander,企画軍師,TOGE,strategy-commander.m01,知識再編,strategy-commander.m01.s01,専門知統合,q36,divergent_convergent,A,一つの用途だけにせず、別の使い方にも広げられる形にする,1.25,type-question-frequency-v1,type,verified,分岐の判断原理・近接分岐との境界に対して対象側が矛盾しないことを確認,locked-not-implemented
3,strategy-commander,企画軍師,TOGE,strategy-commander.m01,知識再編,strategy-commander.m01.s01,専門知統合,q40,divergent_convergent,B,早く絞りすぎて、もっと良い可能性を逃すこと,1.25,type-question-frequency-v1,type,verified,分岐の判断原理・近接分岐との境界に対して対象側が矛盾しないことを確認,locked-not-implemented
3,strategy-commander,企画軍師,TOGE,strategy-commander.m01,知識再編,strategy-commander.m01.s02,現場情報統合,q01,thinking_action,A,目的や条件を整理し、進め方を考えてから動く,1.125,type-question-frequency-v1,type,verified,分岐の判断原理・近接分岐との境界に対して対象側が矛盾しないことを確認,locked-not-implemented
3,strategy-commander,企画軍師,TOGE,strategy-commander.m01,知識再編,strategy-commander.m01.s02,現場情報統合,q04,divergent_convergent,A,目的や前提から見直し、別の考え方も探す,1.125,type-question-frequency-v1,type,verified,分岐の判断原理・近接分岐との境界に対して対象側が矛盾しないことを確認,locked-not-implemented
3,strategy-commander,企画軍師,TOGE,strategy-commander.m01,知識再編,strategy-commander.m01.s02,現場情報統合,q07,solo_team,A,チーム全体の進め方を見直し、みんなで立て直す,1.1875,type-question-frequency-v1,type,verified,分岐の判断原理・近接分岐との境界に対して対象側が矛盾しないことを確認,locked-not-implemented
3,strategy-commander,企画軍師,TOGE,strategy-commander.m01,知識再編,strategy-commander.m01.s02,現場情報統合,q11,solo_team,B,途中の案を見せ、相手の反応や追加情報をもらいながら固める,1.3125,type-question-frequency-v1,type,verified,分岐の判断原理・近接分岐との境界に対して対象側が矛盾しないことを確認,locked-not-implemented
3,strategy-commander,企画軍師,TOGE,strategy-commander.m01,知識再編,strategy-commander.m01.s02,現場情報統合,q12,divergent_convergent,A,関係が薄そうな情報も集め、意外なつながりを探す,1.1875,type-question-frequency-v1,type,verified,分岐の判断原理・近接分岐との境界に対して対象側が矛盾しないことを確認,locked-not-implemented
3,strategy-commander,企画軍師,TOGE,strategy-commander.m01,知識再編,strategy-commander.m01.s02,現場情報統合,q15,solo_team,A,早めに情報を集め、それぞれの心配や譲れない条件を確認して、合意できる点を探す,1.0,type-question-frequency-v1,type,verified,分岐の判断原理・近接分岐との境界に対して対象側が矛盾しないことを確認,locked-not-implemented
3,strategy-commander,企画軍師,TOGE,strategy-commander.m01,知識再編,strategy-commander.m01.s02,現場情報統合,q17,thinking_action,A,追加情報を集め、根拠を増やしてから決める,1.25,type-question-frequency-v1,type,verified,分岐の判断原理・近接分岐との境界に対して対象側が矛盾しないことを確認,locked-not-implemented
3,strategy-commander,企画軍師,TOGE,strategy-commander.m01,知識再編,strategy-commander.m01.s02,現場情報統合,q19,solo_team,B,早めに詳しい人へ相談し、知識を持ち寄って解決する,1.125,type-question-frequency-v1,type,verified,分岐の判断原理・近接分岐との境界に対して対象側が矛盾しないことを確認,locked-not-implemented
3,strategy-commander,企画軍師,TOGE,strategy-commander.m01,知識再編,strategy-commander.m01.s02,現場情報統合,q20,divergent_convergent,A,実現できるかはいったん置き、方向の違う案をたくさん出す,1.1875,type-question-frequency-v1,type,verified,分岐の判断原理・近接分岐との境界に対して対象側が矛盾しないことを確認,locked-not-implemented
3,strategy-commander,企画軍師,TOGE,strategy-commander.m01,知識再編,strategy-commander.m01.s02,現場情報統合,q23,solo_team,A,役割を組み直し、他の人の得意なことを生かして進める,1.125,type-question-frequency-v1,type,verified,分岐の判断原理・近接分岐との境界に対して対象側が矛盾しないことを確認,locked-not-implemented
3,strategy-commander,企画軍師,TOGE,strategy-commander.m01,知識再編,strategy-commander.m01.s02,現場情報統合,q24,divergent_convergent,B,案を組み合わせ、さらに新しい可能性を増やす,1.1875,type-question-frequency-v1,type,verified,分岐の判断原理・近接分岐との境界に対して対象側が矛盾しないことを確認,locked-not-implemented
3,strategy-commander,企画軍師,TOGE,strategy-commander.m01,知識再編,strategy-commander.m01.s02,現場情報統合,q27,solo_team,B,みんなの強みがうまく合わさり、一人では出せない成果になった時,1.125,type-question-frequency-v1,type,verified,分岐の判断原理・近接分岐との境界に対して対象側が矛盾しないことを確認,locked-not-implemented
3,strategy-commander,企画軍師,TOGE,strategy-commander.m01,知識再編,strategy-commander.m01.s02,現場情報統合,q35,solo_team,B,その場で話を続け、迷っている理由や決める条件を確かめる,1.375,type-question-frequency-v1,type,verified,分岐の判断原理・近接分岐との境界に対して対象側が矛盾しないことを確認,locked-not-implemented
3,strategy-commander,企画軍師,TOGE,strategy-commander.m01,知識再編,strategy-commander.m01.s02,現場情報統合,q39,solo_team,A,短い共有をこまめに行い、認識のずれや遅れをその都度そろえる,1.125,type-question-frequency-v1,type,verified,分岐の判断原理・近接分岐との境界に対して対象側が矛盾しないことを確認,locked-not-implemented
3,strategy-commander,企画軍師,TOGE,strategy-commander.m01,知識再編,strategy-commander.m01.s03,反対論点統合,q01,thinking_action,A,目的や条件を整理し、進め方を考えてから動く,1.125,type-question-frequency-v1,type,verified,分岐の判断原理・近接分岐との境界に対して対象側が矛盾しないことを確認,locked-not-implemented
3,strategy-commander,企画軍師,TOGE,strategy-commander.m01,知識再編,strategy-commander.m01.s03,反対論点統合,q04,divergent_convergent,A,目的や前提から見直し、別の考え方も探す,1.125,type-question-frequency-v1,type,verified,分岐の判断原理・近接分岐との境界に対して対象側が矛盾しないことを確認,locked-not-implemented
3,strategy-commander,企画軍師,TOGE,strategy-commander.m01,知識再編,strategy-commander.m01.s03,反対論点統合,q08,divergent_convergent,B,見落としがないよう、周りの原因まで広く考える,1.3125,type-question-frequency-v1,type,verified,分岐の判断原理・近接分岐との境界に対して対象側が矛盾しないことを確認,locked-not-implemented
3,strategy-commander,企画軍師,TOGE,strategy-commander.m01,知識再編,strategy-commander.m01.s03,反対論点統合,q12,divergent_convergent,A,関係が薄そうな情報も集め、意外なつながりを探す,1.1875,type-question-frequency-v1,type,verified,分岐の判断原理・近接分岐との境界に対して対象側が矛盾しないことを確認,locked-not-implemented
3,strategy-commander,企画軍師,TOGE,strategy-commander.m01,知識再編,strategy-commander.m01.s03,反対論点統合,q15,solo_team,A,早めに情報を集め、それぞれの心配や譲れない条件を確認して、合意できる点を探す,1.0,type-question-frequency-v1,type,verified,分岐の判断原理・近接分岐との境界に対して対象側が矛盾しないことを確認,locked-not-implemented
3,strategy-commander,企画軍師,TOGE,strategy-commander.m01,知識再編,strategy-commander.m01.s03,反対論点統合,q16,divergent_convergent,B,周りの情報まで広げ、新しい論点がないか探す,1.375,type-question-frequency-v1,type,verified,分岐の判断原理・近接分岐との境界に対して対象側が矛盾しないことを確認,locked-not-implemented
3,strategy-commander,企画軍師,TOGE,strategy-commander.m01,知識再編,strategy-commander.m01.s03,反対論点統合,q17,thinking_action,A,追加情報を集め、根拠を増やしてから決める,1.25,type-question-frequency-v1,type,verified,分岐の判断原理・近接分岐との境界に対して対象側が矛盾しないことを確認,locked-not-implemented
3,strategy-commander,企画軍師,TOGE,strategy-commander.m01,知識再編,strategy-commander.m01.s03,反対論点統合,q19,solo_team,B,早めに詳しい人へ相談し、知識を持ち寄って解決する,1.125,type-question-frequency-v1,type,verified,分岐の判断原理・近接分岐との境界に対して対象側が矛盾しないことを確認,locked-not-implemented
3,strategy-commander,企画軍師,TOGE,strategy-commander.m01,知識再編,strategy-commander.m01.s03,反対論点統合,q20,divergent_convergent,A,実現できるかはいったん置き、方向の違う案をたくさん出す,1.1875,type-question-frequency-v1,type,verified,分岐の判断原理・近接分岐との境界に対して対象側が矛盾しないことを確認,locked-not-implemented
3,strategy-commander,企画軍師,TOGE,strategy-commander.m01,知識再編,strategy-commander.m01.s03,反対論点統合,q24,divergent_convergent,B,案を組み合わせ、さらに新しい可能性を増やす,1.1875,type-question-frequency-v1,type,verified,分岐の判断原理・近接分岐との境界に対して対象側が矛盾しないことを確認,locked-not-implemented
3,strategy-commander,企画軍師,TOGE,strategy-commander.m01,知識再編,strategy-commander.m01.s03,反対論点統合,q28,divergent_convergent,A,複数の案を残し、比べるための材料を増やす,1.25,type-question-frequency-v1,type,verified,分岐の判断原理・近接分岐との境界に対して対象側が矛盾しないことを確認,locked-not-implemented
3,strategy-commander,企画軍師,TOGE,strategy-commander.m01,知識再編,strategy-commander.m01.s03,反対論点統合,q32,divergent_convergent,B,まだ見落としている案がないか、もう少し広げて考える,1.3125,type-question-frequency-v1,type,verified,分岐の判断原理・近接分岐との境界に対して対象側が矛盾しないことを確認,locked-not-implemented
3,strategy-commander,企画軍師,TOGE,strategy-commander.m01,知識再編,strategy-commander.m01.s03,反対論点統合,q33,thinking_action,A,先に構成と順番を決め、全体の流れを固める,1.3125,type-question-frequency-v1,type,verified,分岐の判断原理・近接分岐との境界に対して対象側が矛盾しないことを確認,locked-not-implemented
3,strategy-commander,企画軍師,TOGE,strategy-commander.m01,知識再編,strategy-commander.m01.s03,反対論点統合,q40,divergent_convergent,B,早く絞りすぎて、もっと良い可能性を逃すこと,1.25,type-question-frequency-v1,type,verified,分岐の判断原理・近接分岐との境界に対して対象側が矛盾しないことを確認,locked-not-implemented
3,strategy-commander,企画軍師,TOGE,strategy-commander.m02,戦力構成,strategy-commander.m02.s01,強み配置,q03,solo_team,A,自分の担当とゴールを明確にし、最後まで責任を持つ,1.1875,type-question-frequency-v1,type,changed,強み配置後の担当と成果責任を明確にするためAを採用,locked-not-implemented
3,strategy-commander,企画軍師,TOGE,strategy-commander.m02,戦力構成,strategy-commander.m02.s01,強み配置,q07,solo_team,A,チーム全体の進め方を見直し、みんなで立て直す,1.1875,type-question-frequency-v1,type,verified,分岐の判断原理・近接分岐との境界に対して対象側が矛盾しないことを確認,locked-not-implemented
3,strategy-commander,企画軍師,TOGE,strategy-commander.m02,戦力構成,strategy-commander.m02.s01,強み配置,q15,solo_team,A,早めに情報を集め、それぞれの心配や譲れない条件を確認して、合意できる点を探す,1.0,type-question-frequency-v1,type,verified,分岐の判断原理・近接分岐との境界に対して対象側が矛盾しないことを確認,locked-not-implemented
3,strategy-commander,企画軍師,TOGE,strategy-commander.m02,戦力構成,strategy-commander.m02.s01,強み配置,q19,solo_team,B,早めに詳しい人へ相談し、知識を持ち寄って解決する,1.125,type-question-frequency-v1,type,verified,分岐の判断原理・近接分岐との境界に対して対象側が矛盾しないことを確認,locked-not-implemented
3,strategy-commander,企画軍師,TOGE,strategy-commander.m02,戦力構成,strategy-commander.m02.s01,強み配置,q23,solo_team,A,役割を組み直し、他の人の得意なことを生かして進める,1.125,type-question-frequency-v1,type,verified,分岐の判断原理・近接分岐との境界に対して対象側が矛盾しないことを確認,locked-not-implemented
3,strategy-commander,企画軍師,TOGE,strategy-commander.m02,戦力構成,strategy-commander.m02.s01,強み配置,q27,solo_team,B,みんなの強みがうまく合わさり、一人では出せない成果になった時,1.125,type-question-frequency-v1,type,verified,分岐の判断原理・近接分岐との境界に対して対象側が矛盾しないことを確認,locked-not-implemented
3,strategy-commander,企画軍師,TOGE,strategy-commander.m02,戦力構成,strategy-commander.m02.s01,強み配置,q30,offensive_stable,B,一部に差が出ても、最も伸びそうな仕事へ力を集める,1.4375,type-question-frequency-v1,type,verified,分岐の判断原理・近接分岐との境界に対して対象側が矛盾しないことを確認,locked-not-implemented
3,strategy-commander,企画軍師,TOGE,strategy-commander.m02,戦力構成,strategy-commander.m02.s01,強み配置,q31,solo_team,A,チーム全体の成果に貢献したことを評価される,1.25,type-question-frequency-v1,type,verified,分岐の判断原理・近接分岐との境界に対して対象側が矛盾しないことを確認,locked-not-implemented
3,strategy-commander,企画軍師,TOGE,strategy-commander.m02,戦力構成,strategy-commander.m02.s01,強み配置,q39,solo_team,B,担当と確認するタイミングを決め、そこまでは各自に任せる,1.125,type-question-frequency-v1,type,changed,役割と確認時期を決め、日常の細かな調整なしで連携させるためBを採用,locked-not-implemented
3,strategy-commander,企画軍師,TOGE,strategy-commander.m02,戦力構成,strategy-commander.m02.s02,部門接続,q03,solo_team,B,担当を細かく区切らず、抜けがあれば互いに補う,1.1875,type-question-frequency-v1,type,verified,分岐の判断原理・近接分岐との境界に対して対象側が矛盾しないことを確認,locked-not-implemented
3,strategy-commander,企画軍師,TOGE,strategy-commander.m02,戦力構成,strategy-commander.m02.s02,部門接続,q07,solo_team,A,チーム全体の進め方を見直し、みんなで立て直す,1.1875,type-question-frequency-v1,type,verified,分岐の判断原理・近接分岐との境界に対して対象側が矛盾しないことを確認,locked-not-implemented
3,strategy-commander,企画軍師,TOGE,strategy-commander.m02,戦力構成,strategy-commander.m02.s02,部門接続,q11,solo_team,B,途中の案を見せ、相手の反応や追加情報をもらいながら固める,1.3125,type-question-frequency-v1,type,verified,分岐の判断原理・近接分岐との境界に対して対象側が矛盾しないことを確認,locked-not-implemented
3,strategy-commander,企画軍師,TOGE,strategy-commander.m02,戦力構成,strategy-commander.m02.s02,部門接続,q15,solo_team,A,早めに情報を集め、それぞれの心配や譲れない条件を確認して、合意できる点を探す,1.0,type-question-frequency-v1,type,verified,分岐の判断原理・近接分岐との境界に対して対象側が矛盾しないことを確認,locked-not-implemented
3,strategy-commander,企画軍師,TOGE,strategy-commander.m02,戦力構成,strategy-commander.m02.s02,部門接続,q18,offensive_stable,A,効果と負担を説明し、心配な点を確認したうえで、早めに判断してもらう,1.25,type-question-frequency-v1,type,verified,分岐の判断原理・近接分岐との境界に対して対象側が矛盾しないことを確認,locked-not-implemented
3,strategy-commander,企画軍師,TOGE,strategy-commander.m02,戦力構成,strategy-commander.m02.s02,部門接続,q19,solo_team,B,早めに詳しい人へ相談し、知識を持ち寄って解決する,1.125,type-question-frequency-v1,type,verified,分岐の判断原理・近接分岐との境界に対して対象側が矛盾しないことを確認,locked-not-implemented
3,strategy-commander,企画軍師,TOGE,strategy-commander.m02,戦力構成,strategy-commander.m02.s02,部門接続,q22,offensive_stable,B,最低限の使い方を共有して全体で始め、問題が出たら運用を直す,1.3125,type-question-frequency-v1,type,verified,分岐の判断原理・近接分岐との境界に対して対象側が矛盾しないことを確認,locked-not-implemented
3,strategy-commander,企画軍師,TOGE,strategy-commander.m02,戦力構成,strategy-commander.m02.s02,部門接続,q23,solo_team,A,役割を組み直し、他の人の得意なことを生かして進める,1.125,type-question-frequency-v1,type,verified,分岐の判断原理・近接分岐との境界に対して対象側が矛盾しないことを確認,locked-not-implemented
3,strategy-commander,企画軍師,TOGE,strategy-commander.m02,戦力構成,strategy-commander.m02.s02,部門接続,q27,solo_team,B,みんなの強みがうまく合わさり、一人では出せない成果になった時,1.125,type-question-frequency-v1,type,verified,分岐の判断原理・近接分岐との境界に対して対象側が矛盾しないことを確認,locked-not-implemented
3,strategy-commander,企画軍師,TOGE,strategy-commander.m02,戦力構成,strategy-commander.m02.s02,部門接続,q31,solo_team,A,チーム全体の成果に貢献したことを評価される,1.25,type-question-frequency-v1,type,verified,分岐の判断原理・近接分岐との境界に対して対象側が矛盾しないことを確認,locked-not-implemented
3,strategy-commander,企画軍師,TOGE,strategy-commander.m02,戦力構成,strategy-commander.m02.s02,部門接続,q39,solo_team,A,短い共有をこまめに行い、認識のずれや遅れをその都度そろえる,1.125,type-question-frequency-v1,type,verified,分岐の判断原理・近接分岐との境界に対して対象側が矛盾しないことを確認,locked-not-implemented
3,strategy-commander,企画軍師,TOGE,strategy-commander.m02,戦力構成,strategy-commander.m02.s03,判断権設計,q01,thinking_action,A,目的や条件を整理し、進め方を考えてから動く,1.125,type-question-frequency-v1,type,verified,分岐の判断原理・近接分岐との境界に対して対象側が矛盾しないことを確認,locked-not-implemented
3,strategy-commander,企画軍師,TOGE,strategy-commander.m02,戦力構成,strategy-commander.m02.s03,判断権設計,q03,solo_team,A,自分の担当とゴールを明確にし、最後まで責任を持つ,1.1875,type-question-frequency-v1,type,changed,判断権を持つ担当とゴールを明確にするためAを採用,locked-not-implemented
3,strategy-commander,企画軍師,TOGE,strategy-commander.m02,戦力構成,strategy-commander.m02.s03,判断権設計,q05,thinking_action,B,短い時間でも目的や条件を確認し、進め方を決めてから始める,1.4375,type-question-frequency-v1,type,verified,分岐の判断原理・近接分岐との境界に対して対象側が矛盾しないことを確認,locked-not-implemented
3,strategy-commander,企画軍師,TOGE,strategy-commander.m02,戦力構成,strategy-commander.m02.s03,判断権設計,q15,solo_team,A,早めに情報を集め、それぞれの心配や譲れない条件を確認して、合意できる点を探す,1.0,type-question-frequency-v1,type,verified,分岐の判断原理・近接分岐との境界に対して対象側が矛盾しないことを確認,locked-not-implemented
3,strategy-commander,企画軍師,TOGE,strategy-commander.m02,戦力構成,strategy-commander.m02.s03,判断権設計,q17,thinking_action,A,追加情報を集め、根拠を増やしてから決める,1.25,type-question-frequency-v1,type,verified,分岐の判断原理・近接分岐との境界に対して対象側が矛盾しないことを確認,locked-not-implemented
3,strategy-commander,企画軍師,TOGE,strategy-commander.m02,戦力構成,strategy-commander.m02.s03,判断権設計,q18,offensive_stable,A,効果と負担を説明し、心配な点を確認したうえで、早めに判断してもらう,1.25,type-question-frequency-v1,type,verified,分岐の判断原理・近接分岐との境界に対して対象側が矛盾しないことを確認,locked-not-implemented
3,strategy-commander,企画軍師,TOGE,strategy-commander.m02,戦力構成,strategy-commander.m02.s03,判断権設計,q21,thinking_action,B,残り時間で追加確認をし、より確かな判断をしてから決める,1.4375,type-question-frequency-v1,type,verified,分岐の判断原理・近接分岐との境界に対して対象側が矛盾しないことを確認,locked-not-implemented
3,strategy-commander,企画軍師,TOGE,strategy-commander.m02,戦力構成,strategy-commander.m02.s03,判断権設計,q22,offensive_stable,A,使う範囲と確認するタイミングを決め、今の仕事に影響が出にくいところから移す,1.3125,type-question-frequency-v1,type,changed,決定範囲と確認時期を限定して運用へ移すためAを採用,locked-not-implemented
3,strategy-commander,企画軍師,TOGE,strategy-commander.m02,戦力構成,strategy-commander.m02.s03,判断権設計,q23,solo_team,A,役割を組み直し、他の人の得意なことを生かして進める,1.125,type-question-frequency-v1,type,verified,分岐の判断原理・近接分岐との境界に対して対象側が矛盾しないことを確認,locked-not-implemented
3,strategy-commander,企画軍師,TOGE,strategy-commander.m02,戦力構成,strategy-commander.m02.s03,判断権設計,q33,thinking_action,A,先に構成と順番を決め、全体の流れを固める,1.3125,type-question-frequency-v1,type,verified,分岐の判断原理・近接分岐との境界に対して対象側が矛盾しないことを確認,locked-not-implemented
3,strategy-commander,企画軍師,TOGE,strategy-commander.m02,戦力構成,strategy-commander.m02.s03,判断権設計,q37,thinking_action,B,計画を立て直し、優先順位と再開する条件を決めてから動く,1.4375,type-question-frequency-v1,type,verified,分岐の判断原理・近接分岐との境界に対して対象側が矛盾しないことを確認,locked-not-implemented
3,strategy-commander,企画軍師,TOGE,strategy-commander.m02,戦力構成,strategy-commander.m02.s03,判断権設計,q39,solo_team,B,担当と確認するタイミングを決め、そこまでは各自に任せる,1.125,type-question-frequency-v1,type,changed,担当・相談条件・確認時期を決めて各自へ判断を渡すためBを採用,locked-not-implemented
3,strategy-commander,企画軍師,TOGE,strategy-commander.m03,戦略展開,strategy-commander.m03.s01,組合せ創出,q02,offensive_stable,A,達成できない可能性があっても、期待以上の成果を狙う,1.375,type-question-frequency-v1,type,verified,分岐の判断原理・近接分岐との境界に対して対象側が矛盾しないことを確認,locked-not-implemented
3,strategy-commander,企画軍師,TOGE,strategy-commander.m03,戦略展開,strategy-commander.m03.s01,組合せ創出,q04,divergent_convergent,A,目的や前提から見直し、別の考え方も探す,1.125,type-question-frequency-v1,type,verified,分岐の判断原理・近接分岐との境界に対して対象側が矛盾しないことを確認,locked-not-implemented
3,strategy-commander,企画軍師,TOGE,strategy-commander.m03,戦略展開,strategy-commander.m03.s01,組合せ創出,q06,offensive_stable,B,余った時間や人手を使い、成果をさらに伸ばす,1.4375,type-question-frequency-v1,type,verified,分岐の判断原理・近接分岐との境界に対して対象側が矛盾しないことを確認,locked-not-implemented
3,strategy-commander,企画軍師,TOGE,strategy-commander.m03,戦略展開,strategy-commander.m03.s01,組合せ創出,q10,offensive_stable,A,小さな失敗は受け入れ、早めに試す,1.375,type-question-frequency-v1,type,verified,分岐の判断原理・近接分岐との境界に対して対象側が矛盾しないことを確認,locked-not-implemented
3,strategy-commander,企画軍師,TOGE,strategy-commander.m03,戦略展開,strategy-commander.m03.s01,組合せ創出,q12,divergent_convergent,A,関係が薄そうな情報も集め、意外なつながりを探す,1.1875,type-question-frequency-v1,type,verified,分岐の判断原理・近接分岐との境界に対して対象側が矛盾しないことを確認,locked-not-implemented
3,strategy-commander,企画軍師,TOGE,strategy-commander.m03,戦略展開,strategy-commander.m03.s01,組合せ創出,q14,offensive_stable,B,一時的な混乱は受け入れ、早めに新しい案へ切り替える,1.4375,type-question-frequency-v1,type,verified,分岐の判断原理・近接分岐との境界に対して対象側が矛盾しないことを確認,locked-not-implemented
3,strategy-commander,企画軍師,TOGE,strategy-commander.m03,戦略展開,strategy-commander.m03.s01,組合せ創出,q20,divergent_convergent,A,実現できるかはいったん置き、方向の違う案をたくさん出す,1.1875,type-question-frequency-v1,type,verified,分岐の判断原理・近接分岐との境界に対して対象側が矛盾しないことを確認,locked-not-implemented
3,strategy-commander,企画軍師,TOGE,strategy-commander.m03,戦略展開,strategy-commander.m03.s01,組合せ創出,q24,divergent_convergent,B,案を組み合わせ、さらに新しい可能性を増やす,1.1875,type-question-frequency-v1,type,verified,分岐の判断原理・近接分岐との境界に対して対象側が矛盾しないことを確認,locked-not-implemented
3,strategy-commander,企画軍師,TOGE,strategy-commander.m03,戦略展開,strategy-commander.m03.s01,組合せ創出,q26,offensive_stable,A,少し負担が増えても、目立つ価値を一つ加える,1.4375,type-question-frequency-v1,type,verified,分岐の判断原理・近接分岐との境界に対して対象側が矛盾しないことを確認,locked-not-implemented
3,strategy-commander,企画軍師,TOGE,strategy-commander.m03,戦略展開,strategy-commander.m03.s01,組合せ創出,q28,divergent_convergent,A,複数の案を残し、比べるための材料を増やす,1.25,type-question-frequency-v1,type,verified,分岐の判断原理・近接分岐との境界に対して対象側が矛盾しないことを確認,locked-not-implemented
3,strategy-commander,企画軍師,TOGE,strategy-commander.m03,戦略展開,strategy-commander.m03.s01,組合せ創出,q36,divergent_convergent,A,一つの用途だけにせず、別の使い方にも広げられる形にする,1.25,type-question-frequency-v1,type,verified,分岐の判断原理・近接分岐との境界に対して対象側が矛盾しないことを確認,locked-not-implemented
3,strategy-commander,企画軍師,TOGE,strategy-commander.m03,戦略展開,strategy-commander.m03.s01,組合せ創出,q38,offensive_stable,B,不確かな状況でも挑戦し、期待以上の成果を出せた時,1.4375,type-question-frequency-v1,type,verified,分岐の判断原理・近接分岐との境界に対して対象側が矛盾しないことを確認,locked-not-implemented
3,strategy-commander,企画軍師,TOGE,strategy-commander.m03,戦略展開,strategy-commander.m03.s01,組合せ創出,q40,divergent_convergent,B,早く絞りすぎて、もっと良い可能性を逃すこと,1.25,type-question-frequency-v1,type,verified,分岐の判断原理・近接分岐との境界に対して対象側が矛盾しないことを確認,locked-not-implemented
3,strategy-commander,企画軍師,TOGE,strategy-commander.m03,戦略展開,strategy-commander.m03.s02,複線設計,q01,thinking_action,A,目的や条件を整理し、進め方を考えてから動く,1.125,type-question-frequency-v1,type,verified,分岐の判断原理・近接分岐との境界に対して対象側が矛盾しないことを確認,locked-not-implemented
3,strategy-commander,企画軍師,TOGE,strategy-commander.m03,戦略展開,strategy-commander.m03.s02,複線設計,q02,offensive_stable,A,達成できない可能性があっても、期待以上の成果を狙う,1.375,type-question-frequency-v1,type,verified,分岐の判断原理・近接分岐との境界に対して対象側が矛盾しないことを確認,locked-not-implemented
3,strategy-commander,企画軍師,TOGE,strategy-commander.m03,戦略展開,strategy-commander.m03.s02,複線設計,q04,divergent_convergent,A,目的や前提から見直し、別の考え方も探す,1.125,type-question-frequency-v1,type,verified,分岐の判断原理・近接分岐との境界に対して対象側が矛盾しないことを確認,locked-not-implemented
3,strategy-commander,企画軍師,TOGE,strategy-commander.m03,戦略展開,strategy-commander.m03.s02,複線設計,q08,divergent_convergent,B,見落としがないよう、周りの原因まで広く考える,1.3125,type-question-frequency-v1,type,verified,分岐の判断原理・近接分岐との境界に対して対象側が矛盾しないことを確認,locked-not-implemented
3,strategy-commander,企画軍師,TOGE,strategy-commander.m03,戦略展開,strategy-commander.m03.s02,複線設計,q10,offensive_stable,A,小さな失敗は受け入れ、早めに試す,1.375,type-question-frequency-v1,type,verified,分岐の判断原理・近接分岐との境界に対して対象側が矛盾しないことを確認,locked-not-implemented
3,strategy-commander,企画軍師,TOGE,strategy-commander.m03,戦略展開,strategy-commander.m03.s02,複線設計,q12,divergent_convergent,A,関係が薄そうな情報も集め、意外なつながりを探す,1.1875,type-question-frequency-v1,type,verified,分岐の判断原理・近接分岐との境界に対して対象側が矛盾しないことを確認,locked-not-implemented
3,strategy-commander,企画軍師,TOGE,strategy-commander.m03,戦略展開,strategy-commander.m03.s02,複線設計,q16,divergent_convergent,B,周りの情報まで広げ、新しい論点がないか探す,1.375,type-question-frequency-v1,type,verified,分岐の判断原理・近接分岐との境界に対して対象側が矛盾しないことを確認,locked-not-implemented
3,strategy-commander,企画軍師,TOGE,strategy-commander.m03,戦略展開,strategy-commander.m03.s02,複線設計,q17,thinking_action,A,追加情報を集め、根拠を増やしてから決める,1.25,type-question-frequency-v1,type,verified,分岐の判断原理・近接分岐との境界に対して対象側が矛盾しないことを確認,locked-not-implemented
3,strategy-commander,企画軍師,TOGE,strategy-commander.m03,戦略展開,strategy-commander.m03.s02,複線設計,q20,divergent_convergent,A,実現できるかはいったん置き、方向の違う案をたくさん出す,1.1875,type-question-frequency-v1,type,verified,分岐の判断原理・近接分岐との境界に対して対象側が矛盾しないことを確認,locked-not-implemented
3,strategy-commander,企画軍師,TOGE,strategy-commander.m03,戦略展開,strategy-commander.m03.s02,複線設計,q24,divergent_convergent,B,案を組み合わせ、さらに新しい可能性を増やす,1.1875,type-question-frequency-v1,type,verified,分岐の判断原理・近接分岐との境界に対して対象側が矛盾しないことを確認,locked-not-implemented
3,strategy-commander,企画軍師,TOGE,strategy-commander.m03,戦略展開,strategy-commander.m03.s02,複線設計,q28,divergent_convergent,A,複数の案を残し、比べるための材料を増やす,1.25,type-question-frequency-v1,type,verified,分岐の判断原理・近接分岐との境界に対して対象側が矛盾しないことを確認,locked-not-implemented
3,strategy-commander,企画軍師,TOGE,strategy-commander.m03,戦略展開,strategy-commander.m03.s02,複線設計,q32,divergent_convergent,B,まだ見落としている案がないか、もう少し広げて考える,1.3125,type-question-frequency-v1,type,verified,分岐の判断原理・近接分岐との境界に対して対象側が矛盾しないことを確認,locked-not-implemented
3,strategy-commander,企画軍師,TOGE,strategy-commander.m03,戦略展開,strategy-commander.m03.s02,複線設計,q34,offensive_stable,A,慎重になりすぎて、大きなチャンスを逃すこと,1.4375,type-question-frequency-v1,type,verified,分岐の判断原理・近接分岐との境界に対して対象側が矛盾しないことを確認,locked-not-implemented
3,strategy-commander,企画軍師,TOGE,strategy-commander.m03,戦略展開,strategy-commander.m03.s02,複線設計,q36,divergent_convergent,A,一つの用途だけにせず、別の使い方にも広げられる形にする,1.25,type-question-frequency-v1,type,verified,分岐の判断原理・近接分岐との境界に対して対象側が矛盾しないことを確認,locked-not-implemented
3,strategy-commander,企画軍師,TOGE,strategy-commander.m03,戦略展開,strategy-commander.m03.s02,複線設計,q40,divergent_convergent,B,早く絞りすぎて、もっと良い可能性を逃すこと,1.25,type-question-frequency-v1,type,verified,分岐の判断原理・近接分岐との境界に対して対象側が矛盾しないことを確認,locked-not-implemented
3,strategy-commander,企画軍師,TOGE,strategy-commander.m04,連携資産化,strategy-commander.m04.s01,協力網形成,q03,solo_team,B,担当を細かく区切らず、抜けがあれば互いに補う,1.1875,type-question-frequency-v1,type,verified,分岐の判断原理・近接分岐との境界に対して対象側が矛盾しないことを確認,locked-not-implemented
3,strategy-commander,企画軍師,TOGE,strategy-commander.m04,連携資産化,strategy-commander.m04.s01,協力網形成,q07,solo_team,A,チーム全体の進め方を見直し、みんなで立て直す,1.1875,type-question-frequency-v1,type,verified,分岐の判断原理・近接分岐との境界に対して対象側が矛盾しないことを確認,locked-not-implemented
3,strategy-commander,企画軍師,TOGE,strategy-commander.m04,連携資産化,strategy-commander.m04.s01,協力網形成,q11,solo_team,B,途中の案を見せ、相手の反応や追加情報をもらいながら固める,1.3125,type-question-frequency-v1,type,verified,分岐の判断原理・近接分岐との境界に対して対象側が矛盾しないことを確認,locked-not-implemented
3,strategy-commander,企画軍師,TOGE,strategy-commander.m04,連携資産化,strategy-commander.m04.s01,協力網形成,q15,solo_team,A,早めに情報を集め、それぞれの心配や譲れない条件を確認して、合意できる点を探す,1.0,type-question-frequency-v1,type,verified,分岐の判断原理・近接分岐との境界に対して対象側が矛盾しないことを確認,locked-not-implemented
3,strategy-commander,企画軍師,TOGE,strategy-commander.m04,連携資産化,strategy-commander.m04.s01,協力網形成,q18,offensive_stable,A,効果と負担を説明し、心配な点を確認したうえで、早めに判断してもらう,1.25,type-question-frequency-v1,type,verified,分岐の判断原理・近接分岐との境界に対して対象側が矛盾しないことを確認,locked-not-implemented
3,strategy-commander,企画軍師,TOGE,strategy-commander.m04,連携資産化,strategy-commander.m04.s01,協力網形成,q19,solo_team,B,早めに詳しい人へ相談し、知識を持ち寄って解決する,1.125,type-question-frequency-v1,type,verified,分岐の判断原理・近接分岐との境界に対して対象側が矛盾しないことを確認,locked-not-implemented
3,strategy-commander,企画軍師,TOGE,strategy-commander.m04,連携資産化,strategy-commander.m04.s01,協力網形成,q23,solo_team,A,役割を組み直し、他の人の得意なことを生かして進める,1.125,type-question-frequency-v1,type,verified,分岐の判断原理・近接分岐との境界に対して対象側が矛盾しないことを確認,locked-not-implemented
3,strategy-commander,企画軍師,TOGE,strategy-commander.m04,連携資産化,strategy-commander.m04.s01,協力網形成,q27,solo_team,B,みんなの強みがうまく合わさり、一人では出せない成果になった時,1.125,type-question-frequency-v1,type,verified,分岐の判断原理・近接分岐との境界に対して対象側が矛盾しないことを確認,locked-not-implemented
3,strategy-commander,企画軍師,TOGE,strategy-commander.m04,連携資産化,strategy-commander.m04.s01,協力網形成,q31,solo_team,A,チーム全体の成果に貢献したことを評価される,1.25,type-question-frequency-v1,type,verified,分岐の判断原理・近接分岐との境界に対して対象側が矛盾しないことを確認,locked-not-implemented
3,strategy-commander,企画軍師,TOGE,strategy-commander.m04,連携資産化,strategy-commander.m04.s01,協力網形成,q35,solo_team,B,その場で話を続け、迷っている理由や決める条件を確かめる,1.375,type-question-frequency-v1,type,verified,分岐の判断原理・近接分岐との境界に対して対象側が矛盾しないことを確認,locked-not-implemented
3,strategy-commander,企画軍師,TOGE,strategy-commander.m04,連携資産化,strategy-commander.m04.s01,協力網形成,q39,solo_team,A,短い共有をこまめに行い、認識のずれや遅れをその都度そろえる,1.125,type-question-frequency-v1,type,verified,分岐の判断原理・近接分岐との境界に対して対象側が矛盾しないことを確認,locked-not-implemented
3,strategy-commander,企画軍師,TOGE,strategy-commander.m04,連携資産化,strategy-commander.m04.s02,共同資産化,q01,thinking_action,A,目的や条件を整理し、進め方を考えてから動く,1.125,type-question-frequency-v1,manual-semantic,verified,分岐の判断原理・近接分岐との境界に対して対象側が矛盾しないことを確認,locked-not-implemented
3,strategy-commander,企画軍師,TOGE,strategy-commander.m04,連携資産化,strategy-commander.m04.s02,共同資産化,q03,solo_team,A,自分の担当とゴールを明確にし、最後まで責任を持つ,1.1875,type-question-frequency-v1,manual-semantic,verified,分岐の判断原理・近接分岐との境界に対して対象側が矛盾しないことを確認,locked-not-implemented
3,strategy-commander,企画軍師,TOGE,strategy-commander.m04,連携資産化,strategy-commander.m04.s02,共同資産化,q04,divergent_convergent,A,目的や前提から見直し、別の考え方も探す,1.125,type-question-frequency-v1,manual-semantic,verified,分岐の判断原理・近接分岐との境界に対して対象側が矛盾しないことを確認,locked-not-implemented
3,strategy-commander,企画軍師,TOGE,strategy-commander.m04,連携資産化,strategy-commander.m04.s02,共同資産化,q07,solo_team,A,チーム全体の進め方を見直し、みんなで立て直す,1.1875,type-question-frequency-v1,manual-semantic,verified,分岐の判断原理・近接分岐との境界に対して対象側が矛盾しないことを確認,locked-not-implemented
3,strategy-commander,企画軍師,TOGE,strategy-commander.m04,連携資産化,strategy-commander.m04.s02,共同資産化,q09,thinking_action,A,全体の仕組みと基本の手順を理解してから使う,1.4375,type-question-frequency-v1,manual-semantic,verified,分岐の判断原理・近接分岐との境界に対して対象側が矛盾しないことを確認,locked-not-implemented
3,strategy-commander,企画軍師,TOGE,strategy-commander.m04,連携資産化,strategy-commander.m04.s02,共同資産化,q15,solo_team,A,早めに情報を集め、それぞれの心配や譲れない条件を確認して、合意できる点を探す,1.0,type-question-frequency-v1,manual-semantic,verified,分岐の判断原理・近接分岐との境界に対して対象側が矛盾しないことを確認,locked-not-implemented
3,strategy-commander,企画軍師,TOGE,strategy-commander.m04,連携資産化,strategy-commander.m04.s02,共同資産化,q18,offensive_stable,B,無理なく続けられる手順と確認方法を整えてから導入する,1.25,type-question-frequency-v1,manual-semantic,verified,分岐の判断原理・近接分岐との境界に対して対象側が矛盾しないことを確認,locked-not-implemented
3,strategy-commander,企画軍師,TOGE,strategy-commander.m04,連携資産化,strategy-commander.m04.s02,共同資産化,q22,offensive_stable,A,使う範囲と確認するタイミングを決め、今の仕事に影響が出にくいところから移す,1.3125,type-question-frequency-v1,manual-semantic,verified,分岐の判断原理・近接分岐との境界に対して対象側が矛盾しないことを確認,locked-not-implemented
3,strategy-commander,企画軍師,TOGE,strategy-commander.m04,連携資産化,strategy-commander.m04.s02,共同資産化,q23,solo_team,A,役割を組み直し、他の人の得意なことを生かして進める,1.125,type-question-frequency-v1,manual-semantic,verified,分岐の判断原理・近接分岐との境界に対して対象側が矛盾しないことを確認,locked-not-implemented
3,strategy-commander,企画軍師,TOGE,strategy-commander.m04,連携資産化,strategy-commander.m04.s02,共同資産化,q27,solo_team,B,みんなの強みがうまく合わさり、一人では出せない成果になった時,1.125,type-question-frequency-v1,manual-semantic,verified,分岐の判断原理・近接分岐との境界に対して対象側が矛盾しないことを確認,locked-not-implemented
3,strategy-commander,企画軍師,TOGE,strategy-commander.m04,連携資産化,strategy-commander.m04.s02,共同資産化,q31,solo_team,A,チーム全体の成果に貢献したことを評価される,1.25,type-question-frequency-v1,manual-semantic,verified,分岐の判断原理・近接分岐との境界に対して対象側が矛盾しないことを確認,locked-not-implemented
3,strategy-commander,企画軍師,TOGE,strategy-commander.m04,連携資産化,strategy-commander.m04.s02,共同資産化,q33,thinking_action,A,先に構成と順番を決め、全体の流れを固める,1.3125,type-question-frequency-v1,manual-semantic,verified,分岐の判断原理・近接分岐との境界に対して対象側が矛盾しないことを確認,locked-not-implemented
3,strategy-commander,企画軍師,TOGE,strategy-commander.m04,連携資産化,strategy-commander.m04.s02,共同資産化,q36,divergent_convergent,A,一つの用途だけにせず、別の使い方にも広げられる形にする,1.25,type-question-frequency-v1,manual-semantic,verified,分岐の判断原理・近接分岐との境界に対して対象側が矛盾しないことを確認,locked-not-implemented
3,strategy-commander,企画軍師,TOGE,strategy-commander.m04,連携資産化,strategy-commander.m04.s02,共同資産化,q39,solo_team,B,担当と確認するタイミングを決め、そこまでは各自に任せる,1.125,type-question-frequency-v1,manual-semantic,verified,分岐の判断原理・近接分岐との境界に対して対象側が矛盾しないことを確認,locked-not-implemented
4,siege-advisor,攻城参謀,TOGF,siege-advisor.m01,制約診断,siege-advisor.m01.s01,根本制約特定,q01,thinking_action,A,目的や条件を整理し、進め方を考えてから動く,1.1875,type-question-frequency-v1,type,verified,分岐の判断原理・近接分岐との境界に対して対象側が矛盾しないことを確認,locked-not-implemented
4,siege-advisor,攻城参謀,TOGF,siege-advisor.m01,制約診断,siege-advisor.m01.s01,根本制約特定,q04,divergent_convergent,B,与えられた目的や条件に沿って、解くべきことを絞る,1.3125,type-question-frequency-v1,type,verified,分岐の判断原理・近接分岐との境界に対して対象側が矛盾しないことを確認,locked-not-implemented
4,siege-advisor,攻城参謀,TOGF,siege-advisor.m01,制約診断,siege-advisor.m01.s01,根本制約特定,q08,divergent_convergent,A,影響の大きい原因から順に、調べるものを絞る,1.25,type-question-frequency-v1,type,verified,分岐の判断原理・近接分岐との境界に対して対象側が矛盾しないことを確認,locked-not-implemented
4,siege-advisor,攻城参謀,TOGF,siege-advisor.m01,制約診断,siege-advisor.m01.s01,根本制約特定,q12,divergent_convergent,B,判断に必要な情報を決め、そこに絞って集める,1.4375,type-question-frequency-v1,type,verified,分岐の判断原理・近接分岐との境界に対して対象側が矛盾しないことを確認,locked-not-implemented
4,siege-advisor,攻城参謀,TOGF,siege-advisor.m01,制約診断,siege-advisor.m01.s01,根本制約特定,q16,divergent_convergent,A,目的に直接関係する不足情報だけを追加で集める,1.3125,type-question-frequency-v1,type,verified,分岐の判断原理・近接分岐との境界に対して対象側が矛盾しないことを確認,locked-not-implemented
4,siege-advisor,攻城参謀,TOGF,siege-advisor.m01,制約診断,siege-advisor.m01.s01,根本制約特定,q19,solo_team,B,早めに詳しい人へ相談し、知識を持ち寄って解決する,1.4375,type-question-frequency-v1,type,verified,分岐の判断原理・近接分岐との境界に対して対象側が矛盾しないことを確認,locked-not-implemented
4,siege-advisor,攻城参謀,TOGF,siege-advisor.m01,制約診断,siege-advisor.m01.s01,根本制約特定,q24,divergent_convergent,A,判断の基準を決め、良さそうな案を少数に絞る,1.375,type-question-frequency-v1,type,verified,分岐の判断原理・近接分岐との境界に対して対象側が矛盾しないことを確認,locked-not-implemented
4,siege-advisor,攻城参謀,TOGF,siege-advisor.m01,制約診断,siege-advisor.m01.s01,根本制約特定,q25,thinking_action,A,原因を分けて考え、直す順番を決めてから対応する,1.1875,type-question-frequency-v1,type,verified,分岐の判断原理・近接分岐との境界に対して対象側が矛盾しないことを確認,locked-not-implemented
4,siege-advisor,攻城参謀,TOGF,siege-advisor.m01,制約診断,siege-advisor.m01.s01,根本制約特定,q29,thinking_action,B,いったん止めて共通の原因を見つけてから、再開する,1.25,type-question-frequency-v1,type,verified,分岐の判断原理・近接分岐との境界に対して対象側が矛盾しないことを確認,locked-not-implemented
4,siege-advisor,攻城参謀,TOGF,siege-advisor.m01,制約診断,siege-advisor.m01.s01,根本制約特定,q32,divergent_convergent,A,いったん判断基準を決め、結論を出す段階へ進む,1.125,type-question-frequency-v1,type,verified,分岐の判断原理・近接分岐との境界に対して対象側が矛盾しないことを確認,locked-not-implemented
4,siege-advisor,攻城参謀,TOGF,siege-advisor.m01,制約診断,siege-advisor.m01.s01,根本制約特定,q33,thinking_action,A,先に構成と順番を決め、全体の流れを固める,1.25,type-question-frequency-v1,type,verified,分岐の判断原理・近接分岐との境界に対して対象側が矛盾しないことを確認,locked-not-implemented
4,siege-advisor,攻城参謀,TOGF,siege-advisor.m01,制約診断,siege-advisor.m01.s01,根本制約特定,q37,thinking_action,B,計画を立て直し、優先順位と再開する条件を決めてから動く,1.125,type-question-frequency-v1,type,verified,分岐の判断原理・近接分岐との境界に対して対象側が矛盾しないことを確認,locked-not-implemented
4,siege-advisor,攻城参謀,TOGF,siege-advisor.m01,制約診断,siege-advisor.m01.s01,根本制約特定,q40,divergent_convergent,A,広げすぎて、結局何も形にならないこと,1.3125,type-question-frequency-v1,type,verified,分岐の判断原理・近接分岐との境界に対して対象側が矛盾しないことを確認,locked-not-implemented
4,siege-advisor,攻城参謀,TOGF,siege-advisor.m01,制約診断,siege-advisor.m01.s02,判断停滞解除,q01,thinking_action,A,目的や条件を整理し、進め方を考えてから動く,1.1875,type-question-frequency-v1,type,verified,分岐の判断原理・近接分岐との境界に対して対象側が矛盾しないことを確認,locked-not-implemented
4,siege-advisor,攻城参謀,TOGF,siege-advisor.m01,制約診断,siege-advisor.m01.s02,判断停滞解除,q05,thinking_action,B,短い時間でも目的や条件を確認し、進め方を決めてから始める,1.25,type-question-frequency-v1,type,verified,分岐の判断原理・近接分岐との境界に対して対象側が矛盾しないことを確認,locked-not-implemented
4,siege-advisor,攻城参謀,TOGF,siege-advisor.m01,制約診断,siege-advisor.m01.s02,判断停滞解除,q11,solo_team,A,相手が重視することと未決定の点を整理し、選びやすい形で示す,1.375,type-question-frequency-v1,type,changed,決定者が選べるよう判断材料と未決事項を整理して示すためAを採用,locked-not-implemented
4,siege-advisor,攻城参謀,TOGF,siege-advisor.m01,制約診断,siege-advisor.m01.s02,判断停滞解除,q15,solo_team,A,早めに情報を集め、それぞれの心配や譲れない条件を確認して、合意できる点を探す,1.1875,type-question-frequency-v1,type,verified,分岐の判断原理・近接分岐との境界に対して対象側が矛盾しないことを確認,locked-not-implemented
4,siege-advisor,攻城参謀,TOGF,siege-advisor.m01,制約診断,siege-advisor.m01.s02,判断停滞解除,q17,thinking_action,A,追加情報を集め、根拠を増やしてから決める,1.25,type-question-frequency-v1,type,verified,分岐の判断原理・近接分岐との境界に対して対象側が矛盾しないことを確認,locked-not-implemented
4,siege-advisor,攻城参謀,TOGF,siege-advisor.m01,制約診断,siege-advisor.m01.s02,判断停滞解除,q18,offensive_stable,A,効果と負担を説明し、心配な点を確認したうえで、早めに判断してもらう,1.0625,type-question-frequency-v1,type,verified,分岐の判断原理・近接分岐との境界に対して対象側が矛盾しないことを確認,locked-not-implemented
4,siege-advisor,攻城参謀,TOGF,siege-advisor.m01,制約診断,siege-advisor.m01.s02,判断停滞解除,q21,thinking_action,B,残り時間で追加確認をし、より確かな判断をしてから決める,1.125,type-question-frequency-v1,type,verified,分岐の判断原理・近接分岐との境界に対して対象側が矛盾しないことを確認,locked-not-implemented
4,siege-advisor,攻城参謀,TOGF,siege-advisor.m01,制約診断,siege-advisor.m01.s02,判断停滞解除,q22,offensive_stable,A,使う範囲と確認するタイミングを決め、今の仕事に影響が出にくいところから移す,1.1875,type-question-frequency-v1,type,changed,判断範囲と確認時期を先に固定し、停滞を再発させないためAを採用,locked-not-implemented
4,siege-advisor,攻城参謀,TOGF,siege-advisor.m01,制約診断,siege-advisor.m01.s02,判断停滞解除,q23,solo_team,A,役割を組み直し、他の人の得意なことを生かして進める,1.125,type-question-frequency-v1,type,verified,分岐の判断原理・近接分岐との境界に対して対象側が矛盾しないことを確認,locked-not-implemented
4,siege-advisor,攻城参謀,TOGF,siege-advisor.m01,制約診断,siege-advisor.m01.s02,判断停滞解除,q32,divergent_convergent,A,いったん判断基準を決め、結論を出す段階へ進む,1.125,type-question-frequency-v1,type,verified,分岐の判断原理・近接分岐との境界に対して対象側が矛盾しないことを確認,locked-not-implemented
4,siege-advisor,攻城参謀,TOGF,siege-advisor.m01,制約診断,siege-advisor.m01.s02,判断停滞解除,q35,solo_team,B,その場で話を続け、迷っている理由や決める条件を確かめる,1.375,type-question-frequency-v1,type,verified,分岐の判断原理・近接分岐との境界に対して対象側が矛盾しないことを確認,locked-not-implemented
4,siege-advisor,攻城参謀,TOGF,siege-advisor.m01,制約診断,siege-advisor.m01.s02,判断停滞解除,q37,thinking_action,B,計画を立て直し、優先順位と再開する条件を決めてから動く,1.125,type-question-frequency-v1,type,verified,分岐の判断原理・近接分岐との境界に対して対象側が矛盾しないことを確認,locked-not-implemented
4,siege-advisor,攻城参謀,TOGF,siege-advisor.m01,制約診断,siege-advisor.m01.s02,判断停滞解除,q39,solo_team,B,担当と確認するタイミングを決め、そこまでは各自に任せる,1.0,type-question-frequency-v1,type,changed,担当・決定期限・確認時期を定め、各自が判断を返せる状態にするためBを採用,locked-not-implemented
4,siege-advisor,攻城参謀,TOGF,siege-advisor.m01,制約診断,siege-advisor.m01.s03,資源詰まり解消,q02,offensive_stable,A,達成できない可能性があっても、期待以上の成果を狙う,1.25,type-question-frequency-v1,type,verified,分岐の判断原理・近接分岐との境界に対して対象側が矛盾しないことを確認,locked-not-implemented
4,siege-advisor,攻城参謀,TOGF,siege-advisor.m01,制約診断,siege-advisor.m01.s03,資源詰まり解消,q03,solo_team,B,担当を細かく区切らず、抜けがあれば互いに補う,1.25,type-question-frequency-v1,type,verified,分岐の判断原理・近接分岐との境界に対して対象側が矛盾しないことを確認,locked-not-implemented
4,siege-advisor,攻城参謀,TOGF,siege-advisor.m01,制約診断,siege-advisor.m01.s03,資源詰まり解消,q06,offensive_stable,B,余った時間や人手を使い、成果をさらに伸ばす,1.4375,type-question-frequency-v1,type,verified,分岐の判断原理・近接分岐との境界に対して対象側が矛盾しないことを確認,locked-not-implemented
4,siege-advisor,攻城参謀,TOGF,siege-advisor.m01,制約診断,siege-advisor.m01.s03,資源詰まり解消,q07,solo_team,A,チーム全体の進め方を見直し、みんなで立て直す,1.1875,type-question-frequency-v1,type,verified,分岐の判断原理・近接分岐との境界に対して対象側が矛盾しないことを確認,locked-not-implemented
4,siege-advisor,攻城参謀,TOGF,siege-advisor.m01,制約診断,siege-advisor.m01.s03,資源詰まり解消,q15,solo_team,A,早めに情報を集め、それぞれの心配や譲れない条件を確認して、合意できる点を探す,1.1875,type-question-frequency-v1,type,verified,分岐の判断原理・近接分岐との境界に対して対象側が矛盾しないことを確認,locked-not-implemented
4,siege-advisor,攻城参謀,TOGF,siege-advisor.m01,制約診断,siege-advisor.m01.s03,資源詰まり解消,q18,offensive_stable,A,効果と負担を説明し、心配な点を確認したうえで、早めに判断してもらう,1.0625,type-question-frequency-v1,type,verified,分岐の判断原理・近接分岐との境界に対して対象側が矛盾しないことを確認,locked-not-implemented
4,siege-advisor,攻城参謀,TOGF,siege-advisor.m01,制約診断,siege-advisor.m01.s03,資源詰まり解消,q23,solo_team,A,役割を組み直し、他の人の得意なことを生かして進める,1.125,type-question-frequency-v1,type,verified,分岐の判断原理・近接分岐との境界に対して対象側が矛盾しないことを確認,locked-not-implemented
4,siege-advisor,攻城参謀,TOGF,siege-advisor.m01,制約診断,siege-advisor.m01.s03,資源詰まり解消,q26,offensive_stable,A,少し負担が増えても、目立つ価値を一つ加える,1.3125,type-question-frequency-v1,type,verified,分岐の判断原理・近接分岐との境界に対して対象側が矛盾しないことを確認,locked-not-implemented
4,siege-advisor,攻城参謀,TOGF,siege-advisor.m01,制約診断,siege-advisor.m01.s03,資源詰まり解消,q27,solo_team,B,みんなの強みがうまく合わさり、一人では出せない成果になった時,1.3125,type-question-frequency-v1,type,verified,分岐の判断原理・近接分岐との境界に対して対象側が矛盾しないことを確認,locked-not-implemented
4,siege-advisor,攻城参謀,TOGF,siege-advisor.m01,制約診断,siege-advisor.m01.s03,資源詰まり解消,q30,offensive_stable,B,一部に差が出ても、最も伸びそうな仕事へ力を集める,1.1875,type-question-frequency-v1,type,verified,分岐の判断原理・近接分岐との境界に対して対象側が矛盾しないことを確認,locked-not-implemented
4,siege-advisor,攻城参謀,TOGF,siege-advisor.m01,制約診断,siege-advisor.m01.s03,資源詰まり解消,q31,solo_team,A,チーム全体の成果に貢献したことを評価される,1.3125,type-question-frequency-v1,type,verified,分岐の判断原理・近接分岐との境界に対して対象側が矛盾しないことを確認,locked-not-implemented
4,siege-advisor,攻城参謀,TOGF,siege-advisor.m01,制約診断,siege-advisor.m01.s03,資源詰まり解消,q34,offensive_stable,A,慎重になりすぎて、大きなチャンスを逃すこと,1.25,type-question-frequency-v1,type,verified,分岐の判断原理・近接分岐との境界に対して対象側が矛盾しないことを確認,locked-not-implemented
4,siege-advisor,攻城参謀,TOGF,siege-advisor.m01,制約診断,siege-advisor.m01.s03,資源詰まり解消,q38,offensive_stable,B,不確かな状況でも挑戦し、期待以上の成果を出せた時,1.25,type-question-frequency-v1,type,verified,分岐の判断原理・近接分岐との境界に対して対象側が矛盾しないことを確認,locked-not-implemented
4,siege-advisor,攻城参謀,TOGF,siege-advisor.m01,制約診断,siege-advisor.m01.s03,資源詰まり解消,q39,solo_team,A,短い共有をこまめに行い、認識のずれや遅れをその都度そろえる,1.0,type-question-frequency-v1,type,verified,分岐の判断原理・近接分岐との境界に対して対象側が矛盾しないことを確認,locked-not-implemented
4,siege-advisor,攻城参謀,TOGF,siege-advisor.m02,攻略工程,siege-advisor.m02.s01,依存関係整理,q01,thinking_action,A,目的や条件を整理し、進め方を考えてから動く,1.1875,type-question-frequency-v1,type,verified,分岐の判断原理・近接分岐との境界に対して対象側が矛盾しないことを確認,locked-not-implemented
4,siege-advisor,攻城参謀,TOGF,siege-advisor.m02,攻略工程,siege-advisor.m02.s01,依存関係整理,q03,solo_team,A,自分の担当とゴールを明確にし、最後まで責任を持つ,1.25,type-question-frequency-v1,type,changed,工程ごとの担当・ゴール・受け渡し責任を明確にするためAを採用,locked-not-implemented
4,siege-advisor,攻城参謀,TOGF,siege-advisor.m02,攻略工程,siege-advisor.m02.s01,依存関係整理,q05,thinking_action,B,短い時間でも目的や条件を確認し、進め方を決めてから始める,1.25,type-question-frequency-v1,type,verified,分岐の判断原理・近接分岐との境界に対して対象側が矛盾しないことを確認,locked-not-implemented
4,siege-advisor,攻城参謀,TOGF,siege-advisor.m02,攻略工程,siege-advisor.m02.s01,依存関係整理,q08,divergent_convergent,A,影響の大きい原因から順に、調べるものを絞る,1.25,type-question-frequency-v1,type,verified,分岐の判断原理・近接分岐との境界に対して対象側が矛盾しないことを確認,locked-not-implemented
4,siege-advisor,攻城参謀,TOGF,siege-advisor.m02,攻略工程,siege-advisor.m02.s01,依存関係整理,q16,divergent_convergent,A,目的に直接関係する不足情報だけを追加で集める,1.3125,type-question-frequency-v1,type,verified,分岐の判断原理・近接分岐との境界に対して対象側が矛盾しないことを確認,locked-not-implemented
4,siege-advisor,攻城参謀,TOGF,siege-advisor.m02,攻略工程,siege-advisor.m02.s01,依存関係整理,q17,thinking_action,A,追加情報を集め、根拠を増やしてから決める,1.25,type-question-frequency-v1,type,verified,分岐の判断原理・近接分岐との境界に対して対象側が矛盾しないことを確認,locked-not-implemented
4,siege-advisor,攻城参謀,TOGF,siege-advisor.m02,攻略工程,siege-advisor.m02.s01,依存関係整理,q21,thinking_action,B,残り時間で追加確認をし、より確かな判断をしてから決める,1.125,type-question-frequency-v1,type,verified,分岐の判断原理・近接分岐との境界に対して対象側が矛盾しないことを確認,locked-not-implemented
4,siege-advisor,攻城参謀,TOGF,siege-advisor.m02,攻略工程,siege-advisor.m02.s01,依存関係整理,q22,offensive_stable,A,使う範囲と確認するタイミングを決め、今の仕事に影響が出にくいところから移す,1.1875,type-question-frequency-v1,type,changed,開始範囲と確認時期を区切り、依存関係を崩さず移行するためAを採用,locked-not-implemented
4,siege-advisor,攻城参謀,TOGF,siege-advisor.m02,攻略工程,siege-advisor.m02.s01,依存関係整理,q24,divergent_convergent,A,判断の基準を決め、良さそうな案を少数に絞る,1.375,type-question-frequency-v1,type,verified,分岐の判断原理・近接分岐との境界に対して対象側が矛盾しないことを確認,locked-not-implemented
4,siege-advisor,攻城参謀,TOGF,siege-advisor.m02,攻略工程,siege-advisor.m02.s01,依存関係整理,q25,thinking_action,A,原因を分けて考え、直す順番を決めてから対応する,1.1875,type-question-frequency-v1,type,verified,分岐の判断原理・近接分岐との境界に対して対象側が矛盾しないことを確認,locked-not-implemented
4,siege-advisor,攻城参謀,TOGF,siege-advisor.m02,攻略工程,siege-advisor.m02.s01,依存関係整理,q32,divergent_convergent,A,いったん判断基準を決め、結論を出す段階へ進む,1.125,type-question-frequency-v1,type,verified,分岐の判断原理・近接分岐との境界に対して対象側が矛盾しないことを確認,locked-not-implemented
4,siege-advisor,攻城参謀,TOGF,siege-advisor.m02,攻略工程,siege-advisor.m02.s01,依存関係整理,q33,thinking_action,A,先に構成と順番を決め、全体の流れを固める,1.25,type-question-frequency-v1,type,verified,分岐の判断原理・近接分岐との境界に対して対象側が矛盾しないことを確認,locked-not-implemented
4,siege-advisor,攻城参謀,TOGF,siege-advisor.m02,攻略工程,siege-advisor.m02.s01,依存関係整理,q37,thinking_action,B,計画を立て直し、優先順位と再開する条件を決めてから動く,1.125,type-question-frequency-v1,type,verified,分岐の判断原理・近接分岐との境界に対して対象側が矛盾しないことを確認,locked-not-implemented
4,siege-advisor,攻城参謀,TOGF,siege-advisor.m02,攻略工程,siege-advisor.m02.s01,依存関係整理,q39,solo_team,B,担当と確認するタイミングを決め、そこまでは各自に任せる,1.0,type-question-frequency-v1,type,changed,工程の担当と確認時期を定め、受け渡しまで各自に任せるためBを採用,locked-not-implemented
4,siege-advisor,攻城参謀,TOGF,siege-advisor.m02,攻略工程,siege-advisor.m02.s02,期限逆算,q01,thinking_action,A,目的や条件を整理し、進め方を考えてから動く,1.1875,type-question-frequency-v1,type,verified,分岐の判断原理・近接分岐との境界に対して対象側が矛盾しないことを確認,locked-not-implemented
4,siege-advisor,攻城参謀,TOGF,siege-advisor.m02,攻略工程,siege-advisor.m02.s02,期限逆算,q03,solo_team,A,自分の担当とゴールを明確にし、最後まで責任を持つ,1.25,type-question-frequency-v1,type,changed,期限から逆算した担当と完了責任を明確にするためAを採用,locked-not-implemented
4,siege-advisor,攻城参謀,TOGF,siege-advisor.m02,攻略工程,siege-advisor.m02.s02,期限逆算,q05,thinking_action,B,短い時間でも目的や条件を確認し、進め方を決めてから始める,1.25,type-question-frequency-v1,type,verified,分岐の判断原理・近接分岐との境界に対して対象側が矛盾しないことを確認,locked-not-implemented
4,siege-advisor,攻城参謀,TOGF,siege-advisor.m02,攻略工程,siege-advisor.m02.s02,期限逆算,q17,thinking_action,A,追加情報を集め、根拠を増やしてから決める,1.25,type-question-frequency-v1,type,verified,分岐の判断原理・近接分岐との境界に対して対象側が矛盾しないことを確認,locked-not-implemented
4,siege-advisor,攻城参謀,TOGF,siege-advisor.m02,攻略工程,siege-advisor.m02.s02,期限逆算,q21,thinking_action,B,残り時間で追加確認をし、より確かな判断をしてから決める,1.125,type-question-frequency-v1,type,verified,分岐の判断原理・近接分岐との境界に対して対象側が矛盾しないことを確認,locked-not-implemented
4,siege-advisor,攻城参謀,TOGF,siege-advisor.m02,攻略工程,siege-advisor.m02.s02,期限逆算,q22,offensive_stable,A,使う範囲と確認するタイミングを決め、今の仕事に影響が出にくいところから移す,1.1875,type-question-frequency-v1,type,changed,移行範囲と確認時期を決め、期限への影響を早期確認するためAを採用,locked-not-implemented
4,siege-advisor,攻城参謀,TOGF,siege-advisor.m02,攻略工程,siege-advisor.m02.s02,期限逆算,q26,offensive_stable,A,少し負担が増えても、目立つ価値を一つ加える,1.3125,type-question-frequency-v1,type,verified,分岐の判断原理・近接分岐との境界に対して対象側が矛盾しないことを確認,locked-not-implemented
4,siege-advisor,攻城参謀,TOGF,siege-advisor.m02,攻略工程,siege-advisor.m02.s02,期限逆算,q30,offensive_stable,B,一部に差が出ても、最も伸びそうな仕事へ力を集める,1.1875,type-question-frequency-v1,type,verified,分岐の判断原理・近接分岐との境界に対して対象側が矛盾しないことを確認,locked-not-implemented
4,siege-advisor,攻城参謀,TOGF,siege-advisor.m02,攻略工程,siege-advisor.m02.s02,期限逆算,q32,divergent_convergent,A,いったん判断基準を決め、結論を出す段階へ進む,1.125,type-question-frequency-v1,type,verified,分岐の判断原理・近接分岐との境界に対して対象側が矛盾しないことを確認,locked-not-implemented
4,siege-advisor,攻城参謀,TOGF,siege-advisor.m02,攻略工程,siege-advisor.m02.s02,期限逆算,q33,thinking_action,A,先に構成と順番を決め、全体の流れを固める,1.25,type-question-frequency-v1,type,verified,分岐の判断原理・近接分岐との境界に対して対象側が矛盾しないことを確認,locked-not-implemented
4,siege-advisor,攻城参謀,TOGF,siege-advisor.m02,攻略工程,siege-advisor.m02.s02,期限逆算,q34,offensive_stable,A,慎重になりすぎて、大きなチャンスを逃すこと,1.25,type-question-frequency-v1,type,verified,分岐の判断原理・近接分岐との境界に対して対象側が矛盾しないことを確認,locked-not-implemented
4,siege-advisor,攻城参謀,TOGF,siege-advisor.m02,攻略工程,siege-advisor.m02.s02,期限逆算,q37,thinking_action,B,計画を立て直し、優先順位と再開する条件を決めてから動く,1.125,type-question-frequency-v1,type,verified,分岐の判断原理・近接分岐との境界に対して対象側が矛盾しないことを確認,locked-not-implemented
4,siege-advisor,攻城参謀,TOGF,siege-advisor.m02,攻略工程,siege-advisor.m02.s02,期限逆算,q39,solo_team,B,担当と確認するタイミングを決め、そこまでは各自に任せる,1.0,type-question-frequency-v1,type,changed,期限までの担当と確認地点を決め、各自に実行を任せるためBを採用,locked-not-implemented
4,siege-advisor,攻城参謀,TOGF,siege-advisor.m02,攻略工程,siege-advisor.m02.s03,失敗条件封鎖,q02,offensive_stable,A,達成できない可能性があっても、期待以上の成果を狙う,1.25,type-question-frequency-v1,type,verified,分岐の判断原理・近接分岐との境界に対して対象側が矛盾しないことを確認,locked-not-implemented
4,siege-advisor,攻城参謀,TOGF,siege-advisor.m02,攻略工程,siege-advisor.m02.s03,失敗条件封鎖,q04,divergent_convergent,B,与えられた目的や条件に沿って、解くべきことを絞る,1.3125,type-question-frequency-v1,type,verified,分岐の判断原理・近接分岐との境界に対して対象側が矛盾しないことを確認,locked-not-implemented
4,siege-advisor,攻城参謀,TOGF,siege-advisor.m02,攻略工程,siege-advisor.m02.s03,失敗条件封鎖,q08,divergent_convergent,A,影響の大きい原因から順に、調べるものを絞る,1.25,type-question-frequency-v1,type,verified,分岐の判断原理・近接分岐との境界に対して対象側が矛盾しないことを確認,locked-not-implemented
4,siege-advisor,攻城参謀,TOGF,siege-advisor.m02,攻略工程,siege-advisor.m02.s03,失敗条件封鎖,q10,offensive_stable,A,小さな失敗は受け入れ、早めに試す,1.375,type-question-frequency-v1,type,verified,分岐の判断原理・近接分岐との境界に対して対象側が矛盾しないことを確認,locked-not-implemented
4,siege-advisor,攻城参謀,TOGF,siege-advisor.m02,攻略工程,siege-advisor.m02.s03,失敗条件封鎖,q16,divergent_convergent,A,目的に直接関係する不足情報だけを追加で集める,1.3125,type-question-frequency-v1,type,verified,分岐の判断原理・近接分岐との境界に対して対象側が矛盾しないことを確認,locked-not-implemented
4,siege-advisor,攻城参謀,TOGF,siege-advisor.m02,攻略工程,siege-advisor.m02.s03,失敗条件封鎖,q17,thinking_action,A,追加情報を集め、根拠を増やしてから決める,1.25,type-question-frequency-v1,type,verified,分岐の判断原理・近接分岐との境界に対して対象側が矛盾しないことを確認,locked-not-implemented
4,siege-advisor,攻城参謀,TOGF,siege-advisor.m02,攻略工程,siege-advisor.m02.s03,失敗条件封鎖,q18,offensive_stable,B,無理なく続けられる手順と確認方法を整えてから導入する,1.0625,type-question-frequency-v1,type,changed,挑戦を止めず、停止・確認・再開手順を整えて致命的失敗を封じるためBを採用,locked-not-implemented
4,siege-advisor,攻城参謀,TOGF,siege-advisor.m02,攻略工程,siege-advisor.m02.s03,失敗条件封鎖,q21,thinking_action,B,残り時間で追加確認をし、より確かな判断をしてから決める,1.125,type-question-frequency-v1,type,verified,分岐の判断原理・近接分岐との境界に対して対象側が矛盾しないことを確認,locked-not-implemented
4,siege-advisor,攻城参謀,TOGF,siege-advisor.m02,攻略工程,siege-advisor.m02.s03,失敗条件封鎖,q25,thinking_action,A,原因を分けて考え、直す順番を決めてから対応する,1.1875,type-question-frequency-v1,type,verified,分岐の判断原理・近接分岐との境界に対して対象側が矛盾しないことを確認,locked-not-implemented
4,siege-advisor,攻城参謀,TOGF,siege-advisor.m02,攻略工程,siege-advisor.m02.s03,失敗条件封鎖,q26,offensive_stable,A,少し負担が増えても、目立つ価値を一つ加える,1.3125,type-question-frequency-v1,type,verified,分岐の判断原理・近接分岐との境界に対して対象側が矛盾しないことを確認,locked-not-implemented
4,siege-advisor,攻城参謀,TOGF,siege-advisor.m02,攻略工程,siege-advisor.m02.s03,失敗条件封鎖,q29,thinking_action,B,いったん止めて共通の原因を見つけてから、再開する,1.25,type-question-frequency-v1,type,verified,分岐の判断原理・近接分岐との境界に対して対象側が矛盾しないことを確認,locked-not-implemented
4,siege-advisor,攻城参謀,TOGF,siege-advisor.m02,攻略工程,siege-advisor.m02.s03,失敗条件封鎖,q32,divergent_convergent,A,いったん判断基準を決め、結論を出す段階へ進む,1.125,type-question-frequency-v1,type,verified,分岐の判断原理・近接分岐との境界に対して対象側が矛盾しないことを確認,locked-not-implemented
4,siege-advisor,攻城参謀,TOGF,siege-advisor.m02,攻略工程,siege-advisor.m02.s03,失敗条件封鎖,q34,offensive_stable,A,慎重になりすぎて、大きなチャンスを逃すこと,1.25,type-question-frequency-v1,type,verified,分岐の判断原理・近接分岐との境界に対して対象側が矛盾しないことを確認,locked-not-implemented
4,siege-advisor,攻城参謀,TOGF,siege-advisor.m02,攻略工程,siege-advisor.m02.s03,失敗条件封鎖,q38,offensive_stable,B,不確かな状況でも挑戦し、期待以上の成果を出せた時,1.25,type-question-frequency-v1,type,verified,分岐の判断原理・近接分岐との境界に対して対象側が矛盾しないことを確認,locked-not-implemented
4,siege-advisor,攻城参謀,TOGF,siege-advisor.m02,攻略工程,siege-advisor.m02.s03,失敗条件封鎖,q40,divergent_convergent,A,広げすぎて、結局何も形にならないこと,1.3125,type-question-frequency-v1,type,verified,分岐の判断原理・近接分岐との境界に対して対象側が矛盾しないことを確認,locked-not-implemented
4,siege-advisor,攻城参謀,TOGF,siege-advisor.m03,戦力統率,siege-advisor.m03.s01,強み集中配置,q02,offensive_stable,A,達成できない可能性があっても、期待以上の成果を狙う,1.25,type-question-frequency-v1,type,verified,分岐の判断原理・近接分岐との境界に対して対象側が矛盾しないことを確認,locked-not-implemented
4,siege-advisor,攻城参謀,TOGF,siege-advisor.m03,戦力統率,siege-advisor.m03.s01,強み集中配置,q03,solo_team,A,自分の担当とゴールを明確にし、最後まで責任を持つ,1.25,type-question-frequency-v1,type,changed,重要地点へ置いた人の担当・ゴール・責任を明確にするためAを採用,locked-not-implemented
4,siege-advisor,攻城参謀,TOGF,siege-advisor.m03,戦力統率,siege-advisor.m03.s01,強み集中配置,q07,solo_team,A,チーム全体の進め方を見直し、みんなで立て直す,1.1875,type-question-frequency-v1,type,verified,分岐の判断原理・近接分岐との境界に対して対象側が矛盾しないことを確認,locked-not-implemented
4,siege-advisor,攻城参謀,TOGF,siege-advisor.m03,戦力統率,siege-advisor.m03.s01,強み集中配置,q15,solo_team,A,早めに情報を集め、それぞれの心配や譲れない条件を確認して、合意できる点を探す,1.1875,type-question-frequency-v1,type,verified,分岐の判断原理・近接分岐との境界に対して対象側が矛盾しないことを確認,locked-not-implemented
4,siege-advisor,攻城参謀,TOGF,siege-advisor.m03,戦力統率,siege-advisor.m03.s01,強み集中配置,q18,offensive_stable,A,効果と負担を説明し、心配な点を確認したうえで、早めに判断してもらう,1.0625,type-question-frequency-v1,type,verified,分岐の判断原理・近接分岐との境界に対して対象側が矛盾しないことを確認,locked-not-implemented
4,siege-advisor,攻城参謀,TOGF,siege-advisor.m03,戦力統率,siege-advisor.m03.s01,強み集中配置,q23,solo_team,A,役割を組み直し、他の人の得意なことを生かして進める,1.125,type-question-frequency-v1,type,verified,分岐の判断原理・近接分岐との境界に対して対象側が矛盾しないことを確認,locked-not-implemented
4,siege-advisor,攻城参謀,TOGF,siege-advisor.m03,戦力統率,siege-advisor.m03.s01,強み集中配置,q27,solo_team,B,みんなの強みがうまく合わさり、一人では出せない成果になった時,1.3125,type-question-frequency-v1,type,verified,分岐の判断原理・近接分岐との境界に対して対象側が矛盾しないことを確認,locked-not-implemented
4,siege-advisor,攻城参謀,TOGF,siege-advisor.m03,戦力統率,siege-advisor.m03.s01,強み集中配置,q30,offensive_stable,B,一部に差が出ても、最も伸びそうな仕事へ力を集める,1.1875,type-question-frequency-v1,type,verified,分岐の判断原理・近接分岐との境界に対して対象側が矛盾しないことを確認,locked-not-implemented
4,siege-advisor,攻城参謀,TOGF,siege-advisor.m03,戦力統率,siege-advisor.m03.s01,強み集中配置,q31,solo_team,A,チーム全体の成果に貢献したことを評価される,1.3125,type-question-frequency-v1,type,verified,分岐の判断原理・近接分岐との境界に対して対象側が矛盾しないことを確認,locked-not-implemented
4,siege-advisor,攻城参謀,TOGF,siege-advisor.m03,戦力統率,siege-advisor.m03.s01,強み集中配置,q34,offensive_stable,A,慎重になりすぎて、大きなチャンスを逃すこと,1.25,type-question-frequency-v1,type,verified,分岐の判断原理・近接分岐との境界に対して対象側が矛盾しないことを確認,locked-not-implemented
4,siege-advisor,攻城参謀,TOGF,siege-advisor.m03,戦力統率,siege-advisor.m03.s01,強み集中配置,q38,offensive_stable,B,不確かな状況でも挑戦し、期待以上の成果を出せた時,1.25,type-question-frequency-v1,type,verified,分岐の判断原理・近接分岐との境界に対して対象側が矛盾しないことを確認,locked-not-implemented
4,siege-advisor,攻城参謀,TOGF,siege-advisor.m03,戦力統率,siege-advisor.m03.s01,強み集中配置,q39,solo_team,B,担当と確認するタイミングを決め、そこまでは各自に任せる,1.0,type-question-frequency-v1,type,changed,集中配置後の担当と確認時期を固定し、細かな調整を減らすためBを採用,locked-not-implemented
4,siege-advisor,攻城参謀,TOGF,siege-advisor.m03,戦力統率,siege-advisor.m03.s02,部門横断統率,q02,offensive_stable,A,達成できない可能性があっても、期待以上の成果を狙う,1.25,type-question-frequency-v1,type,verified,分岐の判断原理・近接分岐との境界に対して対象側が矛盾しないことを確認,locked-not-implemented
4,siege-advisor,攻城参謀,TOGF,siege-advisor.m03,戦力統率,siege-advisor.m03.s02,部門横断統率,q07,solo_team,A,チーム全体の進め方を見直し、みんなで立て直す,1.1875,type-question-frequency-v1,type,verified,分岐の判断原理・近接分岐との境界に対して対象側が矛盾しないことを確認,locked-not-implemented
4,siege-advisor,攻城参謀,TOGF,siege-advisor.m03,戦力統率,siege-advisor.m03.s02,部門横断統率,q11,solo_team,B,途中の案を見せ、相手の反応や追加情報をもらいながら固める,1.375,type-question-frequency-v1,type,verified,分岐の判断原理・近接分岐との境界に対して対象側が矛盾しないことを確認,locked-not-implemented
4,siege-advisor,攻城参謀,TOGF,siege-advisor.m03,戦力統率,siege-advisor.m03.s02,部門横断統率,q15,solo_team,A,早めに情報を集め、それぞれの心配や譲れない条件を確認して、合意できる点を探す,1.1875,type-question-frequency-v1,type,verified,分岐の判断原理・近接分岐との境界に対して対象側が矛盾しないことを確認,locked-not-implemented
4,siege-advisor,攻城参謀,TOGF,siege-advisor.m03,戦力統率,siege-advisor.m03.s02,部門横断統率,q18,offensive_stable,A,効果と負担を説明し、心配な点を確認したうえで、早めに判断してもらう,1.0625,type-question-frequency-v1,type,verified,分岐の判断原理・近接分岐との境界に対して対象側が矛盾しないことを確認,locked-not-implemented
4,siege-advisor,攻城参謀,TOGF,siege-advisor.m03,戦力統率,siege-advisor.m03.s02,部門横断統率,q22,offensive_stable,B,最低限の使い方を共有して全体で始め、問題が出たら運用を直す,1.1875,type-question-frequency-v1,type,verified,分岐の判断原理・近接分岐との境界に対して対象側が矛盾しないことを確認,locked-not-implemented
4,siege-advisor,攻城参謀,TOGF,siege-advisor.m03,戦力統率,siege-advisor.m03.s02,部門横断統率,q23,solo_team,A,役割を組み直し、他の人の得意なことを生かして進める,1.125,type-question-frequency-v1,type,verified,分岐の判断原理・近接分岐との境界に対して対象側が矛盾しないことを確認,locked-not-implemented
4,siege-advisor,攻城参謀,TOGF,siege-advisor.m03,戦力統率,siege-advisor.m03.s02,部門横断統率,q27,solo_team,B,みんなの強みがうまく合わさり、一人では出せない成果になった時,1.3125,type-question-frequency-v1,type,verified,分岐の判断原理・近接分岐との境界に対して対象側が矛盾しないことを確認,locked-not-implemented
4,siege-advisor,攻城参謀,TOGF,siege-advisor.m03,戦力統率,siege-advisor.m03.s02,部門横断統率,q30,offensive_stable,B,一部に差が出ても、最も伸びそうな仕事へ力を集める,1.1875,type-question-frequency-v1,type,verified,分岐の判断原理・近接分岐との境界に対して対象側が矛盾しないことを確認,locked-not-implemented
4,siege-advisor,攻城参謀,TOGF,siege-advisor.m03,戦力統率,siege-advisor.m03.s02,部門横断統率,q31,solo_team,A,チーム全体の成果に貢献したことを評価される,1.3125,type-question-frequency-v1,type,verified,分岐の判断原理・近接分岐との境界に対して対象側が矛盾しないことを確認,locked-not-implemented
4,siege-advisor,攻城参謀,TOGF,siege-advisor.m03,戦力統率,siege-advisor.m03.s02,部門横断統率,q35,solo_team,B,その場で話を続け、迷っている理由や決める条件を確かめる,1.375,type-question-frequency-v1,type,verified,分岐の判断原理・近接分岐との境界に対して対象側が矛盾しないことを確認,locked-not-implemented
4,siege-advisor,攻城参謀,TOGF,siege-advisor.m03,戦力統率,siege-advisor.m03.s02,部門横断統率,q38,offensive_stable,B,不確かな状況でも挑戦し、期待以上の成果を出せた時,1.25,type-question-frequency-v1,type,verified,分岐の判断原理・近接分岐との境界に対して対象側が矛盾しないことを確認,locked-not-implemented
4,siege-advisor,攻城参謀,TOGF,siege-advisor.m03,戦力統率,siege-advisor.m03.s02,部門横断統率,q39,solo_team,A,短い共有をこまめに行い、認識のずれや遅れをその都度そろえる,1.0,type-question-frequency-v1,type,verified,分岐の判断原理・近接分岐との境界に対して対象側が矛盾しないことを確認,locked-not-implemented
4,siege-advisor,攻城参謀,TOGF,siege-advisor.m04,再建突破,siege-advisor.m04.s01,緊急封鎖,q05,thinking_action,A,まず仮の進め方で始め、途中で必要な確認をする,1.25,type-question-frequency-v1,manual-semantic,verified,分岐の判断原理・近接分岐との境界に対して対象側が矛盾しないことを確認,locked-not-implemented
4,siege-advisor,攻城参謀,TOGF,siege-advisor.m04,再建突破,siege-advisor.m04.s01,緊急封鎖,q07,solo_team,A,チーム全体の進め方を見直し、みんなで立て直す,1.1875,type-question-frequency-v1,manual-semantic,verified,分岐の判断原理・近接分岐との境界に対して対象側が矛盾しないことを確認,locked-not-implemented
4,siege-advisor,攻城参謀,TOGF,siege-advisor.m04,再建突破,siege-advisor.m04.s01,緊急封鎖,q10,offensive_stable,B,失敗しても影響が小さくなる準備をしてから広げる,1.375,type-question-frequency-v1,manual-semantic,verified,分岐の判断原理・近接分岐との境界に対して対象側が矛盾しないことを確認,locked-not-implemented
4,siege-advisor,攻城参謀,TOGF,siege-advisor.m04,再建突破,siege-advisor.m04.s01,緊急封鎖,q18,offensive_stable,B,無理なく続けられる手順と確認方法を整えてから導入する,1.0625,type-question-frequency-v1,manual-semantic,verified,分岐の判断原理・近接分岐との境界に対して対象側が矛盾しないことを確認,locked-not-implemented
4,siege-advisor,攻城参謀,TOGF,siege-advisor.m04,再建突破,siege-advisor.m04.s01,緊急封鎖,q21,thinking_action,A,今ある情報で決め、必要なら結果を見て直す,1.125,type-question-frequency-v1,manual-semantic,verified,分岐の判断原理・近接分岐との境界に対して対象側が矛盾しないことを確認,locked-not-implemented
4,siege-advisor,攻城参謀,TOGF,siege-advisor.m04,再建突破,siege-advisor.m04.s01,緊急封鎖,q22,offensive_stable,B,最低限の使い方を共有して全体で始め、問題が出たら運用を直す,1.1875,type-question-frequency-v1,manual-semantic,verified,分岐の判断原理・近接分岐との境界に対して対象側が矛盾しないことを確認,locked-not-implemented
4,siege-advisor,攻城参謀,TOGF,siege-advisor.m04,再建突破,siege-advisor.m04.s01,緊急封鎖,q23,solo_team,A,役割を組み直し、他の人の得意なことを生かして進める,1.125,type-question-frequency-v1,manual-semantic,verified,分岐の判断原理・近接分岐との境界に対して対象側が矛盾しないことを確認,locked-not-implemented
4,siege-advisor,攻城参謀,TOGF,siege-advisor.m04,再建突破,siege-advisor.m04.s01,緊急封鎖,q25,thinking_action,B,まず影響を止め、その場で動きながら原因を探す,1.1875,type-question-frequency-v1,manual-semantic,verified,分岐の判断原理・近接分岐との境界に対して対象側が矛盾しないことを確認,locked-not-implemented
4,siege-advisor,攻城参謀,TOGF,siege-advisor.m04,再建突破,siege-advisor.m04.s01,緊急封鎖,q29,thinking_action,B,いったん止めて共通の原因を見つけてから、再開する,1.25,type-question-frequency-v1,manual-semantic,verified,分岐の判断原理・近接分岐との境界に対して対象側が矛盾しないことを確認,locked-not-implemented
4,siege-advisor,攻城参謀,TOGF,siege-advisor.m04,再建突破,siege-advisor.m04.s01,緊急封鎖,q30,offensive_stable,A,すべてを一定以上の水準に保てるよう、バランスよく配分する,1.1875,type-question-frequency-v1,manual-semantic,verified,分岐の判断原理・近接分岐との境界に対して対象側が矛盾しないことを確認,locked-not-implemented
4,siege-advisor,攻城参謀,TOGF,siege-advisor.m04,再建突破,siege-advisor.m04.s01,緊急封鎖,q37,thinking_action,B,計画を立て直し、優先順位と再開する条件を決めてから動く,1.125,type-question-frequency-v1,manual-semantic,verified,分岐の判断原理・近接分岐との境界に対して対象側が矛盾しないことを確認,locked-not-implemented
4,siege-advisor,攻城参謀,TOGF,siege-advisor.m04,再建突破,siege-advisor.m04.s01,緊急封鎖,q39,solo_team,A,短い共有をこまめに行い、認識のずれや遅れをその都度そろえる,1.0,type-question-frequency-v1,manual-semantic,verified,分岐の判断原理・近接分岐との境界に対して対象側が矛盾しないことを確認,locked-not-implemented
4,siege-advisor,攻城参謀,TOGF,siege-advisor.m04,再建突破,siege-advisor.m04.s02,再始動設計,q01,thinking_action,A,目的や条件を整理し、進め方を考えてから動く,1.1875,type-question-frequency-v1,manual-semantic,verified,分岐の判断原理・近接分岐との境界に対して対象側が矛盾しないことを確認,locked-not-implemented
4,siege-advisor,攻城参謀,TOGF,siege-advisor.m04,再建突破,siege-advisor.m04.s02,再始動設計,q04,divergent_convergent,A,目的や前提から見直し、別の考え方も探す,1.3125,type-question-frequency-v1,manual-semantic,verified,分岐の判断原理・近接分岐との境界に対して対象側が矛盾しないことを確認,locked-not-implemented
4,siege-advisor,攻城参謀,TOGF,siege-advisor.m04,再建突破,siege-advisor.m04.s02,再始動設計,q07,solo_team,A,チーム全体の進め方を見直し、みんなで立て直す,1.1875,type-question-frequency-v1,manual-semantic,verified,分岐の判断原理・近接分岐との境界に対して対象側が矛盾しないことを確認,locked-not-implemented
4,siege-advisor,攻城参謀,TOGF,siege-advisor.m04,再建突破,siege-advisor.m04.s02,再始動設計,q08,divergent_convergent,A,影響の大きい原因から順に、調べるものを絞る,1.25,type-question-frequency-v1,manual-semantic,verified,分岐の判断原理・近接分岐との境界に対して対象側が矛盾しないことを確認,locked-not-implemented
4,siege-advisor,攻城参謀,TOGF,siege-advisor.m04,再建突破,siege-advisor.m04.s02,再始動設計,q15,solo_team,A,早めに情報を集め、それぞれの心配や譲れない条件を確認して、合意できる点を探す,1.1875,type-question-frequency-v1,manual-semantic,verified,分岐の判断原理・近接分岐との境界に対して対象側が矛盾しないことを確認,locked-not-implemented
4,siege-advisor,攻城参謀,TOGF,siege-advisor.m04,再建突破,siege-advisor.m04.s02,再始動設計,q18,offensive_stable,B,無理なく続けられる手順と確認方法を整えてから導入する,1.0625,type-question-frequency-v1,manual-semantic,verified,分岐の判断原理・近接分岐との境界に対して対象側が矛盾しないことを確認,locked-not-implemented
4,siege-advisor,攻城参謀,TOGF,siege-advisor.m04,再建突破,siege-advisor.m04.s02,再始動設計,q21,thinking_action,B,残り時間で追加確認をし、より確かな判断をしてから決める,1.125,type-question-frequency-v1,manual-semantic,verified,分岐の判断原理・近接分岐との境界に対して対象側が矛盾しないことを確認,locked-not-implemented
4,siege-advisor,攻城参謀,TOGF,siege-advisor.m04,再建突破,siege-advisor.m04.s02,再始動設計,q23,solo_team,A,役割を組み直し、他の人の得意なことを生かして進める,1.125,type-question-frequency-v1,manual-semantic,verified,分岐の判断原理・近接分岐との境界に対して対象側が矛盾しないことを確認,locked-not-implemented
4,siege-advisor,攻城参謀,TOGF,siege-advisor.m04,再建突破,siege-advisor.m04.s02,再始動設計,q25,thinking_action,A,原因を分けて考え、直す順番を決めてから対応する,1.1875,type-question-frequency-v1,manual-semantic,verified,分岐の判断原理・近接分岐との境界に対して対象側が矛盾しないことを確認,locked-not-implemented
4,siege-advisor,攻城参謀,TOGF,siege-advisor.m04,再建突破,siege-advisor.m04.s02,再始動設計,q29,thinking_action,B,いったん止めて共通の原因を見つけてから、再開する,1.25,type-question-frequency-v1,manual-semantic,verified,分岐の判断原理・近接分岐との境界に対して対象側が矛盾しないことを確認,locked-not-implemented
4,siege-advisor,攻城参謀,TOGF,siege-advisor.m04,再建突破,siege-advisor.m04.s02,再始動設計,q32,divergent_convergent,A,いったん判断基準を決め、結論を出す段階へ進む,1.125,type-question-frequency-v1,manual-semantic,verified,分岐の判断原理・近接分岐との境界に対して対象側が矛盾しないことを確認,locked-not-implemented
4,siege-advisor,攻城参謀,TOGF,siege-advisor.m04,再建突破,siege-advisor.m04.s02,再始動設計,q33,thinking_action,A,先に構成と順番を決め、全体の流れを固める,1.25,type-question-frequency-v1,manual-semantic,verified,分岐の判断原理・近接分岐との境界に対して対象側が矛盾しないことを確認,locked-not-implemented
4,siege-advisor,攻城参謀,TOGF,siege-advisor.m04,再建突破,siege-advisor.m04.s02,再始動設計,q37,thinking_action,B,計画を立て直し、優先順位と再開する条件を決めてから動く,1.125,type-question-frequency-v1,manual-semantic,verified,分岐の判断原理・近接分岐との境界に対して対象側が矛盾しないことを確認,locked-not-implemented
4,siege-advisor,攻城参謀,TOGF,siege-advisor.m04,再建突破,siege-advisor.m04.s02,再始動設計,q39,solo_team,A,短い共有をこまめに行い、認識のずれや遅れをその都度そろえる,1.0,type-question-frequency-v1,manual-semantic,verified,分岐の判断原理・近接分岐との境界に対して対象側が矛盾しないことを確認,locked-not-implemented
4,siege-advisor,攻城参謀,TOGF,siege-advisor.m04,再建突破,siege-advisor.m04.s02,再始動設計,q40,divergent_convergent,A,広げすぎて、結局何も形にならないこと,1.3125,type-question-frequency-v1,manual-semantic,verified,分岐の判断原理・近接分岐との境界に対して対象側が矛盾しないことを確認,locked-not-implemented
5,solo-inventor,独創の発明家,TSIE,solo-inventor.m01,問い再設計,solo-inventor.m01.s01,前提反転,q01,thinking_action,A,目的や条件を整理し、進め方を考えてから動く,1.2143,type-question-frequency-v1,type,verified,分岐の判断原理・近接分岐との境界に対して対象側が矛盾しないことを確認,locked-not-implemented
5,solo-inventor,独創の発明家,TSIE,solo-inventor.m01,問い再設計,solo-inventor.m01.s01,前提反転,q04,divergent_convergent,A,目的や前提から見直し、別の考え方も探す,1.0714,type-question-frequency-v1,type,verified,分岐の判断原理・近接分岐との境界に対して対象側が矛盾しないことを確認,locked-not-implemented
5,solo-inventor,独創の発明家,TSIE,solo-inventor.m01,問い再設計,solo-inventor.m01.s01,前提反転,q12,divergent_convergent,A,関係が薄そうな情報も集め、意外なつながりを探す,1.1429,type-question-frequency-v1,type,verified,分岐の判断原理・近接分岐との境界に対して対象側が矛盾しないことを確認,locked-not-implemented
5,solo-inventor,独創の発明家,TSIE,solo-inventor.m01,問い再設計,solo-inventor.m01.s01,前提反転,q17,thinking_action,A,追加情報を集め、根拠を増やしてから決める,1.3571,type-question-frequency-v1,type,verified,分岐の判断原理・近接分岐との境界に対して対象側が矛盾しないことを確認,locked-not-implemented
5,solo-inventor,独創の発明家,TSIE,solo-inventor.m01,問い再設計,solo-inventor.m01.s01,前提反転,q20,divergent_convergent,A,実現できるかはいったん置き、方向の違う案をたくさん出す,1.1429,type-question-frequency-v1,type,verified,分岐の判断原理・近接分岐との境界に対して対象側が矛盾しないことを確認,locked-not-implemented
5,solo-inventor,独創の発明家,TSIE,solo-inventor.m01,問い再設計,solo-inventor.m01.s01,前提反転,q28,divergent_convergent,A,複数の案を残し、比べるための材料を増やす,1.2143,type-question-frequency-v1,type,verified,分岐の判断原理・近接分岐との境界に対して対象側が矛盾しないことを確認,locked-not-implemented
5,solo-inventor,独創の発明家,TSIE,solo-inventor.m01,問い再設計,solo-inventor.m01.s01,前提反転,q32,divergent_convergent,B,まだ見落としている案がないか、もう少し広げて考える,1.2143,type-question-frequency-v1,type,verified,分岐の判断原理・近接分岐との境界に対して対象側が矛盾しないことを確認,locked-not-implemented
5,solo-inventor,独創の発明家,TSIE,solo-inventor.m01,問い再設計,solo-inventor.m01.s01,前提反転,q40,divergent_convergent,B,早く絞りすぎて、もっと良い可能性を逃すこと,1.1429,type-question-frequency-v1,type,verified,分岐の判断原理・近接分岐との境界に対して対象側が矛盾しないことを確認,locked-not-implemented
5,solo-inventor,独創の発明家,TSIE,solo-inventor.m01,問い再設計,solo-inventor.m01.s02,原因再設計,q01,thinking_action,A,目的や条件を整理し、進め方を考えてから動く,1.2143,type-question-frequency-v1,type,verified,分岐の判断原理・近接分岐との境界に対して対象側が矛盾しないことを確認,locked-not-implemented
5,solo-inventor,独創の発明家,TSIE,solo-inventor.m01,問い再設計,solo-inventor.m01.s02,原因再設計,q08,divergent_convergent,B,見落としがないよう、周りの原因まで広く考える,1.2857,type-question-frequency-v1,type,verified,分岐の判断原理・近接分岐との境界に対して対象側が矛盾しないことを確認,locked-not-implemented
5,solo-inventor,独創の発明家,TSIE,solo-inventor.m01,問い再設計,solo-inventor.m01.s02,原因再設計,q16,divergent_convergent,B,周りの情報まで広げ、新しい論点がないか探す,1.2857,type-question-frequency-v1,type,verified,分岐の判断原理・近接分岐との境界に対して対象側が矛盾しないことを確認,locked-not-implemented
5,solo-inventor,独創の発明家,TSIE,solo-inventor.m01,問い再設計,solo-inventor.m01.s02,原因再設計,q19,solo_team,A,まず自分で仮説を立て、解決までの道筋を考える,1.2143,type-question-frequency-v1,type,verified,分岐の判断原理・近接分岐との境界に対して対象側が矛盾しないことを確認,locked-not-implemented
5,solo-inventor,独創の発明家,TSIE,solo-inventor.m01,問い再設計,solo-inventor.m01.s02,原因再設計,q25,thinking_action,A,原因を分けて考え、直す順番を決めてから対応する,1.4286,type-question-frequency-v1,type,verified,分岐の判断原理・近接分岐との境界に対して対象側が矛盾しないことを確認,locked-not-implemented
5,solo-inventor,独創の発明家,TSIE,solo-inventor.m01,問い再設計,solo-inventor.m01.s02,原因再設計,q29,thinking_action,B,いったん止めて共通の原因を見つけてから、再開する,1.4286,type-question-frequency-v1,type,verified,分岐の判断原理・近接分岐との境界に対して対象側が矛盾しないことを確認,locked-not-implemented
5,solo-inventor,独創の発明家,TSIE,solo-inventor.m01,問い再設計,solo-inventor.m01.s02,原因再設計,q37,thinking_action,B,計画を立て直し、優先順位と再開する条件を決めてから動く,1.4286,type-question-frequency-v1,type,verified,分岐の判断原理・近接分岐との境界に対して対象側が矛盾しないことを確認,locked-not-implemented
5,solo-inventor,独創の発明家,TSIE,solo-inventor.m01,問い再設計,solo-inventor.m01.s02,原因再設計,q40,divergent_convergent,B,早く絞りすぎて、もっと良い可能性を逃すこと,1.1429,type-question-frequency-v1,type,verified,分岐の判断原理・近接分岐との境界に対して対象側が矛盾しないことを確認,locked-not-implemented
5,solo-inventor,独創の発明家,TSIE,solo-inventor.m01,問い再設計,solo-inventor.m01.s03,制約活用,q03,solo_team,A,自分の担当とゴールを明確にし、最後まで責任を持つ,1.2857,type-question-frequency-v1,type,verified,分岐の判断原理・近接分岐との境界に対して対象側が矛盾しないことを確認,locked-not-implemented
5,solo-inventor,独創の発明家,TSIE,solo-inventor.m01,問い再設計,solo-inventor.m01.s03,制約活用,q04,divergent_convergent,A,目的や前提から見直し、別の考え方も探す,1.0714,type-question-frequency-v1,type,verified,分岐の判断原理・近接分岐との境界に対して対象側が矛盾しないことを確認,locked-not-implemented
5,solo-inventor,独創の発明家,TSIE,solo-inventor.m01,問い再設計,solo-inventor.m01.s03,制約活用,q06,offensive_stable,A,急な変更にも対応できる余裕を残し、品質を安定させる,1.3571,type-question-frequency-v1,type,verified,分岐の判断原理・近接分岐との境界に対して対象側が矛盾しないことを確認,locked-not-implemented
5,solo-inventor,独創の発明家,TSIE,solo-inventor.m01,問い再設計,solo-inventor.m01.s03,制約活用,q10,offensive_stable,B,失敗しても影響が小さくなる準備をしてから広げる,1.3571,type-question-frequency-v1,type,verified,分岐の判断原理・近接分岐との境界に対して対象側が矛盾しないことを確認,locked-not-implemented
5,solo-inventor,独創の発明家,TSIE,solo-inventor.m01,問い再設計,solo-inventor.m01.s03,制約活用,q14,offensive_stable,A,今の品質を守りながら、一部で新しい案を試す,1.2857,type-question-frequency-v1,type,verified,分岐の判断原理・近接分岐との境界に対して対象側が矛盾しないことを確認,locked-not-implemented
5,solo-inventor,独創の発明家,TSIE,solo-inventor.m01,問い再設計,solo-inventor.m01.s03,制約活用,q18,offensive_stable,B,無理なく続けられる手順と確認方法を整えてから導入する,1.3571,type-question-frequency-v1,type,verified,分岐の判断原理・近接分岐との境界に対して対象側が矛盾しないことを確認,locked-not-implemented
5,solo-inventor,独創の発明家,TSIE,solo-inventor.m01,問い再設計,solo-inventor.m01.s03,制約活用,q26,offensive_stable,B,工夫は増やしすぎず、全体の品質と締切を確実に守る,1.3571,type-question-frequency-v1,type,verified,分岐の判断原理・近接分岐との境界に対して対象側が矛盾しないことを確認,locked-not-implemented
5,solo-inventor,独創の発明家,TSIE,solo-inventor.m01,問い再設計,solo-inventor.m01.s03,制約活用,q34,offensive_stable,B,成果を求めすぎて、守るべき品質や信頼を失うこと,1.3571,type-question-frequency-v1,type,verified,分岐の判断原理・近接分岐との境界に対して対象側が矛盾しないことを確認,locked-not-implemented
5,solo-inventor,独創の発明家,TSIE,solo-inventor.m01,問い再設計,solo-inventor.m01.s03,制約活用,q36,divergent_convergent,A,一つの用途だけにせず、別の使い方にも広げられる形にする,1.0,type-question-frequency-v1,type,verified,分岐の判断原理・近接分岐との境界に対して対象側が矛盾しないことを確認,locked-not-implemented
5,solo-inventor,独創の発明家,TSIE,solo-inventor.m01,問い再設計,solo-inventor.m01.s03,制約活用,q38,offensive_stable,A,大きな混乱を起こさず、品質と信頼を守れた時,1.3571,type-question-frequency-v1,type,verified,分岐の判断原理・近接分岐との境界に対して対象側が矛盾しないことを確認,locked-not-implemented
5,solo-inventor,独創の発明家,TSIE,solo-inventor.m02,要素再結合,solo-inventor.m02.s01,異分野接続,q04,divergent_convergent,A,目的や前提から見直し、別の考え方も探す,1.0714,type-question-frequency-v1,type,verified,分岐の判断原理・近接分岐との境界に対して対象側が矛盾しないことを確認,locked-not-implemented
5,solo-inventor,独創の発明家,TSIE,solo-inventor.m02,要素再結合,solo-inventor.m02.s01,異分野接続,q12,divergent_convergent,A,関係が薄そうな情報も集め、意外なつながりを探す,1.1429,type-question-frequency-v1,type,verified,分岐の判断原理・近接分岐との境界に対して対象側が矛盾しないことを確認,locked-not-implemented
5,solo-inventor,独創の発明家,TSIE,solo-inventor.m02,要素再結合,solo-inventor.m02.s01,異分野接続,q16,divergent_convergent,B,周りの情報まで広げ、新しい論点がないか探す,1.2857,type-question-frequency-v1,type,verified,分岐の判断原理・近接分岐との境界に対して対象側が矛盾しないことを確認,locked-not-implemented
5,solo-inventor,独創の発明家,TSIE,solo-inventor.m02,要素再結合,solo-inventor.m02.s01,異分野接続,q20,divergent_convergent,A,実現できるかはいったん置き、方向の違う案をたくさん出す,1.1429,type-question-frequency-v1,type,verified,分岐の判断原理・近接分岐との境界に対して対象側が矛盾しないことを確認,locked-not-implemented
5,solo-inventor,独創の発明家,TSIE,solo-inventor.m02,要素再結合,solo-inventor.m02.s01,異分野接続,q24,divergent_convergent,B,案を組み合わせ、さらに新しい可能性を増やす,1.2143,type-question-frequency-v1,type,verified,分岐の判断原理・近接分岐との境界に対して対象側が矛盾しないことを確認,locked-not-implemented
5,solo-inventor,独創の発明家,TSIE,solo-inventor.m02,要素再結合,solo-inventor.m02.s01,異分野接続,q28,divergent_convergent,A,複数の案を残し、比べるための材料を増やす,1.2143,type-question-frequency-v1,type,verified,分岐の判断原理・近接分岐との境界に対して対象側が矛盾しないことを確認,locked-not-implemented
5,solo-inventor,独創の発明家,TSIE,solo-inventor.m02,要素再結合,solo-inventor.m02.s01,異分野接続,q32,divergent_convergent,B,まだ見落としている案がないか、もう少し広げて考える,1.2143,type-question-frequency-v1,type,verified,分岐の判断原理・近接分岐との境界に対して対象側が矛盾しないことを確認,locked-not-implemented
5,solo-inventor,独創の発明家,TSIE,solo-inventor.m02,要素再結合,solo-inventor.m02.s01,異分野接続,q36,divergent_convergent,A,一つの用途だけにせず、別の使い方にも広げられる形にする,1.0,type-question-frequency-v1,type,verified,分岐の判断原理・近接分岐との境界に対して対象側が矛盾しないことを確認,locked-not-implemented
5,solo-inventor,独創の発明家,TSIE,solo-inventor.m02,要素再結合,solo-inventor.m02.s01,異分野接続,q40,divergent_convergent,B,早く絞りすぎて、もっと良い可能性を逃すこと,1.1429,type-question-frequency-v1,type,verified,分岐の判断原理・近接分岐との境界に対して対象側が矛盾しないことを確認,locked-not-implemented
5,solo-inventor,独創の発明家,TSIE,solo-inventor.m02,要素再結合,solo-inventor.m02.s02,機能再構成,q01,thinking_action,A,目的や条件を整理し、進め方を考えてから動く,1.2143,type-question-frequency-v1,type,verified,分岐の判断原理・近接分岐との境界に対して対象側が矛盾しないことを確認,locked-not-implemented
5,solo-inventor,独創の発明家,TSIE,solo-inventor.m02,要素再結合,solo-inventor.m02.s02,機能再構成,q04,divergent_convergent,A,目的や前提から見直し、別の考え方も探す,1.0714,type-question-frequency-v1,type,verified,分岐の判断原理・近接分岐との境界に対して対象側が矛盾しないことを確認,locked-not-implemented
5,solo-inventor,独創の発明家,TSIE,solo-inventor.m02,要素再結合,solo-inventor.m02.s02,機能再構成,q08,divergent_convergent,B,見落としがないよう、周りの原因まで広く考える,1.2857,type-question-frequency-v1,type,verified,分岐の判断原理・近接分岐との境界に対して対象側が矛盾しないことを確認,locked-not-implemented
5,solo-inventor,独創の発明家,TSIE,solo-inventor.m02,要素再結合,solo-inventor.m02.s02,機能再構成,q19,solo_team,A,まず自分で仮説を立て、解決までの道筋を考える,1.2143,type-question-frequency-v1,type,verified,分岐の判断原理・近接分岐との境界に対して対象側が矛盾しないことを確認,locked-not-implemented
5,solo-inventor,独創の発明家,TSIE,solo-inventor.m02,要素再結合,solo-inventor.m02.s02,機能再構成,q24,divergent_convergent,B,案を組み合わせ、さらに新しい可能性を増やす,1.2143,type-question-frequency-v1,type,verified,分岐の判断原理・近接分岐との境界に対して対象側が矛盾しないことを確認,locked-not-implemented
5,solo-inventor,独創の発明家,TSIE,solo-inventor.m02,要素再結合,solo-inventor.m02.s02,機能再構成,q33,thinking_action,A,先に構成と順番を決め、全体の流れを固める,1.2857,type-question-frequency-v1,type,verified,分岐の判断原理・近接分岐との境界に対して対象側が矛盾しないことを確認,locked-not-implemented
5,solo-inventor,独創の発明家,TSIE,solo-inventor.m02,要素再結合,solo-inventor.m02.s02,機能再構成,q36,divergent_convergent,A,一つの用途だけにせず、別の使い方にも広げられる形にする,1.0,type-question-frequency-v1,type,verified,分岐の判断原理・近接分岐との境界に対して対象側が矛盾しないことを確認,locked-not-implemented
5,solo-inventor,独創の発明家,TSIE,solo-inventor.m02,要素再結合,solo-inventor.m02.s02,機能再構成,q39,solo_team,B,担当と確認するタイミングを決め、そこまでは各自に任せる,1.2857,type-question-frequency-v1,type,verified,分岐の判断原理・近接分岐との境界に対して対象側が矛盾しないことを確認,locked-not-implemented
5,solo-inventor,独創の発明家,TSIE,solo-inventor.m02,要素再結合,solo-inventor.m02.s03,多用途展開,q04,divergent_convergent,A,目的や前提から見直し、別の考え方も探す,1.0714,type-question-frequency-v1,type,verified,分岐の判断原理・近接分岐との境界に対して対象側が矛盾しないことを確認,locked-not-implemented
5,solo-inventor,独創の発明家,TSIE,solo-inventor.m02,要素再結合,solo-inventor.m02.s03,多用途展開,q12,divergent_convergent,A,関係が薄そうな情報も集め、意外なつながりを探す,1.1429,type-question-frequency-v1,type,verified,分岐の判断原理・近接分岐との境界に対して対象側が矛盾しないことを確認,locked-not-implemented
5,solo-inventor,独創の発明家,TSIE,solo-inventor.m02,要素再結合,solo-inventor.m02.s03,多用途展開,q14,offensive_stable,A,今の品質を守りながら、一部で新しい案を試す,1.2857,type-question-frequency-v1,type,verified,分岐の判断原理・近接分岐との境界に対して対象側が矛盾しないことを確認,locked-not-implemented
5,solo-inventor,独創の発明家,TSIE,solo-inventor.m02,要素再結合,solo-inventor.m02.s03,多用途展開,q20,divergent_convergent,A,実現できるかはいったん置き、方向の違う案をたくさん出す,1.1429,type-question-frequency-v1,type,verified,分岐の判断原理・近接分岐との境界に対して対象側が矛盾しないことを確認,locked-not-implemented
5,solo-inventor,独創の発明家,TSIE,solo-inventor.m02,要素再結合,solo-inventor.m02.s03,多用途展開,q24,divergent_convergent,B,案を組み合わせ、さらに新しい可能性を増やす,1.2143,type-question-frequency-v1,type,verified,分岐の判断原理・近接分岐との境界に対して対象側が矛盾しないことを確認,locked-not-implemented
5,solo-inventor,独創の発明家,TSIE,solo-inventor.m02,要素再結合,solo-inventor.m02.s03,多用途展開,q28,divergent_convergent,A,複数の案を残し、比べるための材料を増やす,1.2143,type-question-frequency-v1,type,verified,分岐の判断原理・近接分岐との境界に対して対象側が矛盾しないことを確認,locked-not-implemented
5,solo-inventor,独創の発明家,TSIE,solo-inventor.m02,要素再結合,solo-inventor.m02.s03,多用途展開,q32,divergent_convergent,B,まだ見落としている案がないか、もう少し広げて考える,1.2143,type-question-frequency-v1,type,verified,分岐の判断原理・近接分岐との境界に対して対象側が矛盾しないことを確認,locked-not-implemented
5,solo-inventor,独創の発明家,TSIE,solo-inventor.m02,要素再結合,solo-inventor.m02.s03,多用途展開,q36,divergent_convergent,A,一つの用途だけにせず、別の使い方にも広げられる形にする,1.0,type-question-frequency-v1,type,verified,分岐の判断原理・近接分岐との境界に対して対象側が矛盾しないことを確認,locked-not-implemented
5,solo-inventor,独創の発明家,TSIE,solo-inventor.m02,要素再結合,solo-inventor.m02.s03,多用途展開,q40,divergent_convergent,B,早く絞りすぎて、もっと良い可能性を逃すこと,1.1429,type-question-frequency-v1,type,verified,分岐の判断原理・近接分岐との境界に対して対象側が矛盾しないことを確認,locked-not-implemented
5,solo-inventor,独創の発明家,TSIE,solo-inventor.m03,安全探索,solo-inventor.m03.s01,小域実験,q06,offensive_stable,A,急な変更にも対応できる余裕を残し、品質を安定させる,1.3571,type-question-frequency-v1,type,verified,分岐の判断原理・近接分岐との境界に対して対象側が矛盾しないことを確認,locked-not-implemented
5,solo-inventor,独創の発明家,TSIE,solo-inventor.m03,安全探索,solo-inventor.m03.s01,小域実験,q10,offensive_stable,B,失敗しても影響が小さくなる準備をしてから広げる,1.3571,type-question-frequency-v1,type,verified,分岐の判断原理・近接分岐との境界に対して対象側が矛盾しないことを確認,locked-not-implemented
5,solo-inventor,独創の発明家,TSIE,solo-inventor.m03,安全探索,solo-inventor.m03.s01,小域実験,q14,offensive_stable,A,今の品質を守りながら、一部で新しい案を試す,1.2857,type-question-frequency-v1,type,verified,分岐の判断原理・近接分岐との境界に対して対象側が矛盾しないことを確認,locked-not-implemented
5,solo-inventor,独創の発明家,TSIE,solo-inventor.m03,安全探索,solo-inventor.m03.s01,小域実験,q18,offensive_stable,B,無理なく続けられる手順と確認方法を整えてから導入する,1.3571,type-question-frequency-v1,type,verified,分岐の判断原理・近接分岐との境界に対して対象側が矛盾しないことを確認,locked-not-implemented
5,solo-inventor,独創の発明家,TSIE,solo-inventor.m03,安全探索,solo-inventor.m03.s01,小域実験,q20,divergent_convergent,B,条件に合う案へ早めに絞り、その案を仕上げる,1.1429,type-question-frequency-v1,type,changed,小域実験は案を増やすより、一回で確かめる仮説へ絞って試すためBを採用,locked-not-implemented
5,solo-inventor,独創の発明家,TSIE,solo-inventor.m03,安全探索,solo-inventor.m03.s01,小域実験,q22,offensive_stable,A,使う範囲と確認するタイミングを決め、今の仕事に影響が出にくいところから移す,1.4286,type-question-frequency-v1,type,verified,分岐の判断原理・近接分岐との境界に対して対象側が矛盾しないことを確認,locked-not-implemented
5,solo-inventor,独創の発明家,TSIE,solo-inventor.m03,安全探索,solo-inventor.m03.s01,小域実験,q26,offensive_stable,B,工夫は増やしすぎず、全体の品質と締切を確実に守る,1.3571,type-question-frequency-v1,type,verified,分岐の判断原理・近接分岐との境界に対して対象側が矛盾しないことを確認,locked-not-implemented
5,solo-inventor,独創の発明家,TSIE,solo-inventor.m03,安全探索,solo-inventor.m03.s01,小域実験,q34,offensive_stable,B,成果を求めすぎて、守るべき品質や信頼を失うこと,1.3571,type-question-frequency-v1,type,verified,分岐の判断原理・近接分岐との境界に対して対象側が矛盾しないことを確認,locked-not-implemented
5,solo-inventor,独創の発明家,TSIE,solo-inventor.m03,安全探索,solo-inventor.m03.s01,小域実験,q36,divergent_convergent,A,一つの用途だけにせず、別の使い方にも広げられる形にする,1.0,type-question-frequency-v1,type,verified,分岐の判断原理・近接分岐との境界に対して対象側が矛盾しないことを確認,locked-not-implemented
5,solo-inventor,独創の発明家,TSIE,solo-inventor.m03,安全探索,solo-inventor.m03.s01,小域実験,q38,offensive_stable,A,大きな混乱を起こさず、品質と信頼を守れた時,1.3571,type-question-frequency-v1,type,verified,分岐の判断原理・近接分岐との境界に対して対象側が矛盾しないことを確認,locked-not-implemented
5,solo-inventor,独創の発明家,TSIE,solo-inventor.m03,安全探索,solo-inventor.m03.s02,比較検証,q01,thinking_action,A,目的や条件を整理し、進め方を考えてから動く,1.2143,type-question-frequency-v1,type,verified,分岐の判断原理・近接分岐との境界に対して対象側が矛盾しないことを確認,locked-not-implemented
5,solo-inventor,独創の発明家,TSIE,solo-inventor.m03,安全探索,solo-inventor.m03.s02,比較検証,q08,divergent_convergent,A,影響の大きい原因から順に、調べるものを絞る,1.2857,type-question-frequency-v1,type,changed,比較検証では周辺原因を広げ続けず、比較対象へ影響する原因を絞るためAを採用,locked-not-implemented
5,solo-inventor,独創の発明家,TSIE,solo-inventor.m03,安全探索,solo-inventor.m03.s02,比較検証,q12,divergent_convergent,B,判断に必要な情報を決め、そこに絞って集める,1.1429,type-question-frequency-v1,type,changed,比較に必要な情報を先に定め、同条件で集めるためBを採用,locked-not-implemented
5,solo-inventor,独創の発明家,TSIE,solo-inventor.m03,安全探索,solo-inventor.m03.s02,比較検証,q17,thinking_action,A,追加情報を集め、根拠を増やしてから決める,1.3571,type-question-frequency-v1,type,verified,分岐の判断原理・近接分岐との境界に対して対象側が矛盾しないことを確認,locked-not-implemented
5,solo-inventor,独創の発明家,TSIE,solo-inventor.m03,安全探索,solo-inventor.m03.s02,比較検証,q20,divergent_convergent,A,実現できるかはいったん置き、方向の違う案をたくさん出す,1.1429,type-question-frequency-v1,type,verified,分岐の判断原理・近接分岐との境界に対して対象側が矛盾しないことを確認,locked-not-implemented
5,solo-inventor,独創の発明家,TSIE,solo-inventor.m03,安全探索,solo-inventor.m03.s02,比較検証,q24,divergent_convergent,A,判断の基準を決め、良さそうな案を少数に絞る,1.2143,type-question-frequency-v1,type,changed,比較軸を決め、有望な案を少数へ絞るためAを採用,locked-not-implemented
5,solo-inventor,独創の発明家,TSIE,solo-inventor.m03,安全探索,solo-inventor.m03.s02,比較検証,q28,divergent_convergent,A,複数の案を残し、比べるための材料を増やす,1.2143,type-question-frequency-v1,type,verified,分岐の判断原理・近接分岐との境界に対して対象側が矛盾しないことを確認,locked-not-implemented
5,solo-inventor,独創の発明家,TSIE,solo-inventor.m03,安全探索,solo-inventor.m03.s02,比較検証,q32,divergent_convergent,A,いったん判断基準を決め、結論を出す段階へ進む,1.2143,type-question-frequency-v1,type,changed,比較結果を使って結論を出す段階へ進むためAを採用,locked-not-implemented
5,solo-inventor,独創の発明家,TSIE,solo-inventor.m03,安全探索,solo-inventor.m03.s02,比較検証,q33,thinking_action,A,先に構成と順番を決め、全体の流れを固める,1.2857,type-question-frequency-v1,type,verified,分岐の判断原理・近接分岐との境界に対して対象側が矛盾しないことを確認,locked-not-implemented
5,solo-inventor,独創の発明家,TSIE,solo-inventor.m03,安全探索,solo-inventor.m03.s02,比較検証,q40,divergent_convergent,A,広げすぎて、結局何も形にならないこと,1.1429,type-question-frequency-v1,type,changed,案を広げ続けて形にならない事故を避けるためAを採用,locked-not-implemented
5,solo-inventor,独創の発明家,TSIE,solo-inventor.m04,独自資産化,solo-inventor.m04.s01,専用道具,q03,solo_team,A,自分の担当とゴールを明確にし、最後まで責任を持つ,1.2857,type-question-frequency-v1,type,verified,分岐の判断原理・近接分岐との境界に対して対象側が矛盾しないことを確認,locked-not-implemented
5,solo-inventor,独創の発明家,TSIE,solo-inventor.m04,独自資産化,solo-inventor.m04.s01,専用道具,q07,solo_team,B,自分の担当部分を引き取り、自分のやり方で立て直す,1.4286,type-question-frequency-v1,type,verified,分岐の判断原理・近接分岐との境界に対して対象側が矛盾しないことを確認,locked-not-implemented
5,solo-inventor,独創の発明家,TSIE,solo-inventor.m04,独自資産化,solo-inventor.m04.s01,専用道具,q09,thinking_action,A,全体の仕組みと基本の手順を理解してから使う,1.3571,type-question-frequency-v1,type,verified,分岐の判断原理・近接分岐との境界に対して対象側が矛盾しないことを確認,locked-not-implemented
5,solo-inventor,独創の発明家,TSIE,solo-inventor.m04,独自資産化,solo-inventor.m04.s01,専用道具,q19,solo_team,A,まず自分で仮説を立て、解決までの道筋を考える,1.2143,type-question-frequency-v1,type,verified,分岐の判断原理・近接分岐との境界に対して対象側が矛盾しないことを確認,locked-not-implemented
5,solo-inventor,独創の発明家,TSIE,solo-inventor.m04,独自資産化,solo-inventor.m04.s01,専用道具,q23,solo_team,B,自分だけで完結できるよう、手順や進め方を工夫する,1.3571,type-question-frequency-v1,type,verified,分岐の判断原理・近接分岐との境界に対して対象側が矛盾しないことを確認,locked-not-implemented
5,solo-inventor,独創の発明家,TSIE,solo-inventor.m04,独自資産化,solo-inventor.m04.s01,専用道具,q27,solo_team,A,自分の専門性や判断が、そのまま成果につながった時,1.4286,type-question-frequency-v1,type,verified,分岐の判断原理・近接分岐との境界に対して対象側が矛盾しないことを確認,locked-not-implemented
5,solo-inventor,独創の発明家,TSIE,solo-inventor.m04,独自資産化,solo-inventor.m04.s01,専用道具,q31,solo_team,B,自分が担当した専門分野の成果を評価される,1.4286,type-question-frequency-v1,type,verified,分岐の判断原理・近接分岐との境界に対して対象側が矛盾しないことを確認,locked-not-implemented
5,solo-inventor,独創の発明家,TSIE,solo-inventor.m04,独自資産化,solo-inventor.m04.s01,専用道具,q36,divergent_convergent,A,一つの用途だけにせず、別の使い方にも広げられる形にする,1.0,type-question-frequency-v1,type,verified,分岐の判断原理・近接分岐との境界に対して対象側が矛盾しないことを確認,locked-not-implemented
5,solo-inventor,独創の発明家,TSIE,solo-inventor.m04,独自資産化,solo-inventor.m04.s01,専用道具,q39,solo_team,B,担当と確認するタイミングを決め、そこまでは各自に任せる,1.2857,type-question-frequency-v1,type,verified,分岐の判断原理・近接分岐との境界に対して対象側が矛盾しないことを確認,locked-not-implemented
5,solo-inventor,独創の発明家,TSIE,solo-inventor.m04,独自資産化,solo-inventor.m04.s02,原理資産,q03,solo_team,A,自分の担当とゴールを明確にし、最後まで責任を持つ,1.2857,type-question-frequency-v1,type,verified,分岐の判断原理・近接分岐との境界に対して対象側が矛盾しないことを確認,locked-not-implemented
5,solo-inventor,独創の発明家,TSIE,solo-inventor.m04,独自資産化,solo-inventor.m04.s02,原理資産,q04,divergent_convergent,A,目的や前提から見直し、別の考え方も探す,1.0714,type-question-frequency-v1,type,verified,分岐の判断原理・近接分岐との境界に対して対象側が矛盾しないことを確認,locked-not-implemented
5,solo-inventor,独創の発明家,TSIE,solo-inventor.m04,独自資産化,solo-inventor.m04.s02,原理資産,q09,thinking_action,A,全体の仕組みと基本の手順を理解してから使う,1.3571,type-question-frequency-v1,type,verified,分岐の判断原理・近接分岐との境界に対して対象側が矛盾しないことを確認,locked-not-implemented
5,solo-inventor,独創の発明家,TSIE,solo-inventor.m04,独自資産化,solo-inventor.m04.s02,原理資産,q12,divergent_convergent,A,関係が薄そうな情報も集め、意外なつながりを探す,1.1429,type-question-frequency-v1,type,verified,分岐の判断原理・近接分岐との境界に対して対象側が矛盾しないことを確認,locked-not-implemented
5,solo-inventor,独創の発明家,TSIE,solo-inventor.m04,独自資産化,solo-inventor.m04.s02,原理資産,q16,divergent_convergent,B,周りの情報まで広げ、新しい論点がないか探す,1.2857,type-question-frequency-v1,type,verified,分岐の判断原理・近接分岐との境界に対して対象側が矛盾しないことを確認,locked-not-implemented
5,solo-inventor,独創の発明家,TSIE,solo-inventor.m04,独自資産化,solo-inventor.m04.s02,原理資産,q19,solo_team,A,まず自分で仮説を立て、解決までの道筋を考える,1.2143,type-question-frequency-v1,type,verified,分岐の判断原理・近接分岐との境界に対して対象側が矛盾しないことを確認,locked-not-implemented
5,solo-inventor,独創の発明家,TSIE,solo-inventor.m04,独自資産化,solo-inventor.m04.s02,原理資産,q23,solo_team,B,自分だけで完結できるよう、手順や進め方を工夫する,1.3571,type-question-frequency-v1,type,verified,分岐の判断原理・近接分岐との境界に対して対象側が矛盾しないことを確認,locked-not-implemented
5,solo-inventor,独創の発明家,TSIE,solo-inventor.m04,独自資産化,solo-inventor.m04.s02,原理資産,q33,thinking_action,A,先に構成と順番を決め、全体の流れを固める,1.2857,type-question-frequency-v1,type,verified,分岐の判断原理・近接分岐との境界に対して対象側が矛盾しないことを確認,locked-not-implemented
5,solo-inventor,独創の発明家,TSIE,solo-inventor.m04,独自資産化,solo-inventor.m04.s02,原理資産,q36,divergent_convergent,A,一つの用途だけにせず、別の使い方にも広げられる形にする,1.0,type-question-frequency-v1,type,verified,分岐の判断原理・近接分岐との境界に対して対象側が矛盾しないことを確認,locked-not-implemented
5,solo-inventor,独創の発明家,TSIE,solo-inventor.m04,独自資産化,solo-inventor.m04.s02,原理資産,q39,solo_team,B,担当と確認するタイミングを決め、そこまでは各自に任せる,1.2857,type-question-frequency-v1,type,verified,分岐の判断原理・近接分岐との境界に対して対象側が矛盾しないことを確認,locked-not-implemented
6,precision-sniper,精密スナイパー,TSIF,precision-sniper.m01,焦点特定,precision-sniper.m01.s01,異常抽出,q01,thinking_action,A,目的や条件を整理し、進め方を考えてから動く,1.05,type-question-frequency-v1,type,verified,分岐の判断原理・近接分岐との境界に対して対象側が矛盾しないことを確認,locked-not-implemented
6,precision-sniper,精密スナイパー,TSIF,precision-sniper.m01,焦点特定,precision-sniper.m01.s01,異常抽出,q08,divergent_convergent,A,影響の大きい原因から順に、調べるものを絞る,1.0,type-question-frequency-v1,type,verified,分岐の判断原理・近接分岐との境界に対して対象側が矛盾しないことを確認,locked-not-implemented
6,precision-sniper,精密スナイパー,TSIF,precision-sniper.m01,焦点特定,precision-sniper.m01.s01,異常抽出,q12,divergent_convergent,B,判断に必要な情報を決め、そこに絞って集める,1.3,type-question-frequency-v1,type,verified,分岐の判断原理・近接分岐との境界に対して対象側が矛盾しないことを確認,locked-not-implemented
6,precision-sniper,精密スナイパー,TSIF,precision-sniper.m01,焦点特定,precision-sniper.m01.s01,異常抽出,q16,divergent_convergent,A,目的に直接関係する不足情報だけを追加で集める,1.05,type-question-frequency-v1,type,verified,分岐の判断原理・近接分岐との境界に対して対象側が矛盾しないことを確認,locked-not-implemented
6,precision-sniper,精密スナイパー,TSIF,precision-sniper.m01,焦点特定,precision-sniper.m01.s01,異常抽出,q17,thinking_action,A,追加情報を集め、根拠を増やしてから決める,1.25,type-question-frequency-v1,type,verified,分岐の判断原理・近接分岐との境界に対して対象側が矛盾しないことを確認,locked-not-implemented
6,precision-sniper,精密スナイパー,TSIF,precision-sniper.m01,焦点特定,precision-sniper.m01.s01,異常抽出,q24,divergent_convergent,A,判断の基準を決め、良さそうな案を少数に絞る,1.2,type-question-frequency-v1,type,verified,分岐の判断原理・近接分岐との境界に対して対象側が矛盾しないことを確認,locked-not-implemented
6,precision-sniper,精密スナイパー,TSIF,precision-sniper.m01,焦点特定,precision-sniper.m01.s01,異常抽出,q32,divergent_convergent,A,いったん判断基準を決め、結論を出す段階へ進む,1.3,type-question-frequency-v1,type,verified,分岐の判断原理・近接分岐との境界に対して対象側が矛盾しないことを確認,locked-not-implemented
6,precision-sniper,精密スナイパー,TSIF,precision-sniper.m01,焦点特定,precision-sniper.m01.s01,異常抽出,q33,thinking_action,A,先に構成と順番を決め、全体の流れを固める,1.3,type-question-frequency-v1,type,verified,分岐の判断原理・近接分岐との境界に対して対象側が矛盾しないことを確認,locked-not-implemented
6,precision-sniper,精密スナイパー,TSIF,precision-sniper.m01,焦点特定,precision-sniper.m01.s01,異常抽出,q40,divergent_convergent,A,広げすぎて、結局何も形にならないこと,1.25,type-question-frequency-v1,type,verified,分岐の判断原理・近接分岐との境界に対して対象側が矛盾しないことを確認,locked-not-implemented
6,precision-sniper,精密スナイパー,TSIF,precision-sniper.m01,焦点特定,precision-sniper.m01.s02,矛盾解消,q03,solo_team,A,自分の担当とゴールを明確にし、最後まで責任を持つ,1.25,type-question-frequency-v1,type,verified,分岐の判断原理・近接分岐との境界に対して対象側が矛盾しないことを確認,locked-not-implemented
6,precision-sniper,精密スナイパー,TSIF,precision-sniper.m01,焦点特定,precision-sniper.m01.s02,矛盾解消,q05,thinking_action,B,短い時間でも目的や条件を確認し、進め方を決めてから始める,1.3,type-question-frequency-v1,type,verified,分岐の判断原理・近接分岐との境界に対して対象側が矛盾しないことを確認,locked-not-implemented
6,precision-sniper,精密スナイパー,TSIF,precision-sniper.m01,焦点特定,precision-sniper.m01.s02,矛盾解消,q08,divergent_convergent,A,影響の大きい原因から順に、調べるものを絞る,1.0,type-question-frequency-v1,type,verified,分岐の判断原理・近接分岐との境界に対して対象側が矛盾しないことを確認,locked-not-implemented
6,precision-sniper,精密スナイパー,TSIF,precision-sniper.m01,焦点特定,precision-sniper.m01.s02,矛盾解消,q11,solo_team,A,相手が重視することと未決定の点を整理し、選びやすい形で示す,1.4,type-question-frequency-v1,type,verified,分岐の判断原理・近接分岐との境界に対して対象側が矛盾しないことを確認,locked-not-implemented
6,precision-sniper,精密スナイパー,TSIF,precision-sniper.m01,焦点特定,precision-sniper.m01.s02,矛盾解消,q15,solo_team,A,早めに情報を集め、それぞれの心配や譲れない条件を確認して、合意できる点を探す,1.45,type-question-frequency-v1,type,changed,食い違う説明を整理するため、複数者の懸念と譲れない条件を集めるAを採用,locked-not-implemented
6,precision-sniper,精密スナイパー,TSIF,precision-sniper.m01,焦点特定,precision-sniper.m01.s02,矛盾解消,q16,divergent_convergent,A,目的に直接関係する不足情報だけを追加で集める,1.05,type-question-frequency-v1,type,verified,分岐の判断原理・近接分岐との境界に対して対象側が矛盾しないことを確認,locked-not-implemented
6,precision-sniper,精密スナイパー,TSIF,precision-sniper.m01,焦点特定,precision-sniper.m01.s02,矛盾解消,q18,offensive_stable,B,無理なく続けられる手順と確認方法を整えてから導入する,1.4,type-question-frequency-v1,type,verified,分岐の判断原理・近接分岐との境界に対して対象側が矛盾しないことを確認,locked-not-implemented
6,precision-sniper,精密スナイパー,TSIF,precision-sniper.m01,焦点特定,precision-sniper.m01.s02,矛盾解消,q24,divergent_convergent,A,判断の基準を決め、良さそうな案を少数に絞る,1.2,type-question-frequency-v1,type,verified,分岐の判断原理・近接分岐との境界に対して対象側が矛盾しないことを確認,locked-not-implemented
6,precision-sniper,精密スナイパー,TSIF,precision-sniper.m01,焦点特定,precision-sniper.m01.s02,矛盾解消,q33,thinking_action,A,先に構成と順番を決め、全体の流れを固める,1.3,type-question-frequency-v1,type,verified,分岐の判断原理・近接分岐との境界に対して対象側が矛盾しないことを確認,locked-not-implemented
6,precision-sniper,精密スナイパー,TSIF,precision-sniper.m01,焦点特定,precision-sniper.m01.s02,矛盾解消,q35,solo_team,A,いったん持ち帰り、判断材料を整理して比べやすく示す,1.4,type-question-frequency-v1,type,verified,分岐の判断原理・近接分岐との境界に対して対象側が矛盾しないことを確認,locked-not-implemented
6,precision-sniper,精密スナイパー,TSIF,precision-sniper.m01,焦点特定,precision-sniper.m01.s02,矛盾解消,q39,solo_team,B,担当と確認するタイミングを決め、そこまでは各自に任せる,1.3,type-question-frequency-v1,type,verified,分岐の判断原理・近接分岐との境界に対して対象側が矛盾しないことを確認,locked-not-implemented
6,precision-sniper,精密スナイパー,TSIF,precision-sniper.m01,焦点特定,precision-sniper.m01.s03,条件分離,q01,thinking_action,A,目的や条件を整理し、進め方を考えてから動く,1.05,type-question-frequency-v1,type,verified,分岐の判断原理・近接分岐との境界に対して対象側が矛盾しないことを確認,locked-not-implemented
6,precision-sniper,精密スナイパー,TSIF,precision-sniper.m01,焦点特定,precision-sniper.m01.s03,条件分離,q04,divergent_convergent,B,与えられた目的や条件に沿って、解くべきことを絞る,1.4,type-question-frequency-v1,type,verified,分岐の判断原理・近接分岐との境界に対して対象側が矛盾しないことを確認,locked-not-implemented
6,precision-sniper,精密スナイパー,TSIF,precision-sniper.m01,焦点特定,precision-sniper.m01.s03,条件分離,q08,divergent_convergent,A,影響の大きい原因から順に、調べるものを絞る,1.0,type-question-frequency-v1,type,verified,分岐の判断原理・近接分岐との境界に対して対象側が矛盾しないことを確認,locked-not-implemented
6,precision-sniper,精密スナイパー,TSIF,precision-sniper.m01,焦点特定,precision-sniper.m01.s03,条件分離,q12,divergent_convergent,B,判断に必要な情報を決め、そこに絞って集める,1.3,type-question-frequency-v1,type,verified,分岐の判断原理・近接分岐との境界に対して対象側が矛盾しないことを確認,locked-not-implemented
6,precision-sniper,精密スナイパー,TSIF,precision-sniper.m01,焦点特定,precision-sniper.m01.s03,条件分離,q16,divergent_convergent,A,目的に直接関係する不足情報だけを追加で集める,1.05,type-question-frequency-v1,type,verified,分岐の判断原理・近接分岐との境界に対して対象側が矛盾しないことを確認,locked-not-implemented
6,precision-sniper,精密スナイパー,TSIF,precision-sniper.m01,焦点特定,precision-sniper.m01.s03,条件分離,q17,thinking_action,A,追加情報を集め、根拠を増やしてから決める,1.25,type-question-frequency-v1,type,verified,分岐の判断原理・近接分岐との境界に対して対象側が矛盾しないことを確認,locked-not-implemented
6,precision-sniper,精密スナイパー,TSIF,precision-sniper.m01,焦点特定,precision-sniper.m01.s03,条件分離,q19,solo_team,A,まず自分で仮説を立て、解決までの道筋を考える,1.3,type-question-frequency-v1,type,verified,分岐の判断原理・近接分岐との境界に対して対象側が矛盾しないことを確認,locked-not-implemented
6,precision-sniper,精密スナイパー,TSIF,precision-sniper.m01,焦点特定,precision-sniper.m01.s03,条件分離,q25,thinking_action,A,原因を分けて考え、直す順番を決めてから対応する,1.2,type-question-frequency-v1,type,verified,分岐の判断原理・近接分岐との境界に対して対象側が矛盾しないことを確認,locked-not-implemented
6,precision-sniper,精密スナイパー,TSIF,precision-sniper.m01,焦点特定,precision-sniper.m01.s03,条件分離,q28,divergent_convergent,B,早めに一つの案を選び、その案を深く考える,1.3,type-question-frequency-v1,type,verified,分岐の判断原理・近接分岐との境界に対して対象側が矛盾しないことを確認,locked-not-implemented
6,precision-sniper,精密スナイパー,TSIF,precision-sniper.m01,焦点特定,precision-sniper.m01.s03,条件分離,q36,divergent_convergent,B,使い道を一つに絞り、限られた要素を目的に合う形へ組み直す,1.4,type-question-frequency-v1,type,verified,分岐の判断原理・近接分岐との境界に対して対象側が矛盾しないことを確認,locked-not-implemented
6,precision-sniper,精密スナイパー,TSIF,precision-sniper.m01,焦点特定,precision-sniper.m01.s03,条件分離,q40,divergent_convergent,A,広げすぎて、結局何も形にならないこと,1.25,type-question-frequency-v1,type,verified,分岐の判断原理・近接分岐との境界に対して対象側が矛盾しないことを確認,locked-not-implemented
6,precision-sniper,精密スナイパー,TSIF,precision-sniper.m02,原因検証,precision-sniper.m02.s01,仮説反証,q01,thinking_action,A,目的や条件を整理し、進め方を考えてから動く,1.05,type-question-frequency-v1,type,verified,分岐の判断原理・近接分岐との境界に対して対象側が矛盾しないことを確認,locked-not-implemented
6,precision-sniper,精密スナイパー,TSIF,precision-sniper.m02,原因検証,precision-sniper.m02.s01,仮説反証,q08,divergent_convergent,A,影響の大きい原因から順に、調べるものを絞る,1.0,type-question-frequency-v1,type,verified,分岐の判断原理・近接分岐との境界に対して対象側が矛盾しないことを確認,locked-not-implemented
6,precision-sniper,精密スナイパー,TSIF,precision-sniper.m02,原因検証,precision-sniper.m02.s01,仮説反証,q12,divergent_convergent,B,判断に必要な情報を決め、そこに絞って集める,1.3,type-question-frequency-v1,type,verified,分岐の判断原理・近接分岐との境界に対して対象側が矛盾しないことを確認,locked-not-implemented
6,precision-sniper,精密スナイパー,TSIF,precision-sniper.m02,原因検証,precision-sniper.m02.s01,仮説反証,q16,divergent_convergent,A,目的に直接関係する不足情報だけを追加で集める,1.05,type-question-frequency-v1,type,verified,分岐の判断原理・近接分岐との境界に対して対象側が矛盾しないことを確認,locked-not-implemented
6,precision-sniper,精密スナイパー,TSIF,precision-sniper.m02,原因検証,precision-sniper.m02.s01,仮説反証,q17,thinking_action,A,追加情報を集め、根拠を増やしてから決める,1.25,type-question-frequency-v1,type,verified,分岐の判断原理・近接分岐との境界に対して対象側が矛盾しないことを確認,locked-not-implemented
6,precision-sniper,精密スナイパー,TSIF,precision-sniper.m02,原因検証,precision-sniper.m02.s01,仮説反証,q19,solo_team,A,まず自分で仮説を立て、解決までの道筋を考える,1.3,type-question-frequency-v1,type,verified,分岐の判断原理・近接分岐との境界に対して対象側が矛盾しないことを確認,locked-not-implemented
6,precision-sniper,精密スナイパー,TSIF,precision-sniper.m02,原因検証,precision-sniper.m02.s01,仮説反証,q24,divergent_convergent,A,判断の基準を決め、良さそうな案を少数に絞る,1.2,type-question-frequency-v1,type,verified,分岐の判断原理・近接分岐との境界に対して対象側が矛盾しないことを確認,locked-not-implemented
6,precision-sniper,精密スナイパー,TSIF,precision-sniper.m02,原因検証,precision-sniper.m02.s01,仮説反証,q25,thinking_action,A,原因を分けて考え、直す順番を決めてから対応する,1.2,type-question-frequency-v1,type,verified,分岐の判断原理・近接分岐との境界に対して対象側が矛盾しないことを確認,locked-not-implemented
6,precision-sniper,精密スナイパー,TSIF,precision-sniper.m02,原因検証,precision-sniper.m02.s01,仮説反証,q28,divergent_convergent,B,早めに一つの案を選び、その案を深く考える,1.3,type-question-frequency-v1,type,verified,分岐の判断原理・近接分岐との境界に対して対象側が矛盾しないことを確認,locked-not-implemented
6,precision-sniper,精密スナイパー,TSIF,precision-sniper.m02,原因検証,precision-sniper.m02.s01,仮説反証,q32,divergent_convergent,A,いったん判断基準を決め、結論を出す段階へ進む,1.3,type-question-frequency-v1,type,verified,分岐の判断原理・近接分岐との境界に対して対象側が矛盾しないことを確認,locked-not-implemented
6,precision-sniper,精密スナイパー,TSIF,precision-sniper.m02,原因検証,precision-sniper.m02.s01,仮説反証,q40,divergent_convergent,A,広げすぎて、結局何も形にならないこと,1.25,type-question-frequency-v1,type,verified,分岐の判断原理・近接分岐との境界に対して対象側が矛盾しないことを確認,locked-not-implemented
6,precision-sniper,精密スナイパー,TSIF,precision-sniper.m02,原因検証,precision-sniper.m02.s02,影響切り分け,q01,thinking_action,A,目的や条件を整理し、進め方を考えてから動く,1.05,type-question-frequency-v1,type,verified,分岐の判断原理・近接分岐との境界に対して対象側が矛盾しないことを確認,locked-not-implemented
6,precision-sniper,精密スナイパー,TSIF,precision-sniper.m02,原因検証,precision-sniper.m02.s02,影響切り分け,q03,solo_team,A,自分の担当とゴールを明確にし、最後まで責任を持つ,1.25,type-question-frequency-v1,type,verified,分岐の判断原理・近接分岐との境界に対して対象側が矛盾しないことを確認,locked-not-implemented
6,precision-sniper,精密スナイパー,TSIF,precision-sniper.m02,原因検証,precision-sniper.m02.s02,影響切り分け,q07,solo_team,B,自分の担当部分を引き取り、自分のやり方で立て直す,1.4,type-question-frequency-v1,type,verified,分岐の判断原理・近接分岐との境界に対して対象側が矛盾しないことを確認,locked-not-implemented
6,precision-sniper,精密スナイパー,TSIF,precision-sniper.m02,原因検証,precision-sniper.m02.s02,影響切り分け,q08,divergent_convergent,A,影響の大きい原因から順に、調べるものを絞る,1.0,type-question-frequency-v1,type,verified,分岐の判断原理・近接分岐との境界に対して対象側が矛盾しないことを確認,locked-not-implemented
6,precision-sniper,精密スナイパー,TSIF,precision-sniper.m02,原因検証,precision-sniper.m02.s02,影響切り分け,q16,divergent_convergent,A,目的に直接関係する不足情報だけを追加で集める,1.05,type-question-frequency-v1,type,verified,分岐の判断原理・近接分岐との境界に対して対象側が矛盾しないことを確認,locked-not-implemented
6,precision-sniper,精密スナイパー,TSIF,precision-sniper.m02,原因検証,precision-sniper.m02.s02,影響切り分け,q19,solo_team,A,まず自分で仮説を立て、解決までの道筋を考える,1.3,type-question-frequency-v1,type,verified,分岐の判断原理・近接分岐との境界に対して対象側が矛盾しないことを確認,locked-not-implemented
6,precision-sniper,精密スナイパー,TSIF,precision-sniper.m02,原因検証,precision-sniper.m02.s02,影響切り分け,q25,thinking_action,A,原因を分けて考え、直す順番を決めてから対応する,1.2,type-question-frequency-v1,type,verified,分岐の判断原理・近接分岐との境界に対して対象側が矛盾しないことを確認,locked-not-implemented
6,precision-sniper,精密スナイパー,TSIF,precision-sniper.m02,原因検証,precision-sniper.m02.s02,影響切り分け,q29,thinking_action,B,いったん止めて共通の原因を見つけてから、再開する,1.35,type-question-frequency-v1,type,verified,分岐の判断原理・近接分岐との境界に対して対象側が矛盾しないことを確認,locked-not-implemented
6,precision-sniper,精密スナイパー,TSIF,precision-sniper.m02,原因検証,precision-sniper.m02.s02,影響切り分け,q37,thinking_action,B,計画を立て直し、優先順位と再開する条件を決めてから動く,1.3,type-question-frequency-v1,type,verified,分岐の判断原理・近接分岐との境界に対して対象側が矛盾しないことを確認,locked-not-implemented
6,precision-sniper,精密スナイパー,TSIF,precision-sniper.m02,原因検証,precision-sniper.m02.s02,影響切り分け,q39,solo_team,B,担当と確認するタイミングを決め、そこまでは各自に任せる,1.3,type-question-frequency-v1,type,verified,分岐の判断原理・近接分岐との境界に対して対象側が矛盾しないことを確認,locked-not-implemented
6,precision-sniper,精密スナイパー,TSIF,precision-sniper.m02,原因検証,precision-sniper.m02.s03,再現確認,q01,thinking_action,A,目的や条件を整理し、進め方を考えてから動く,1.05,type-question-frequency-v1,type,verified,分岐の判断原理・近接分岐との境界に対して対象側が矛盾しないことを確認,locked-not-implemented
6,precision-sniper,精密スナイパー,TSIF,precision-sniper.m02,原因検証,precision-sniper.m02.s03,再現確認,q03,solo_team,A,自分の担当とゴールを明確にし、最後まで責任を持つ,1.25,type-question-frequency-v1,type,verified,分岐の判断原理・近接分岐との境界に対して対象側が矛盾しないことを確認,locked-not-implemented
6,precision-sniper,精密スナイパー,TSIF,precision-sniper.m02,原因検証,precision-sniper.m02.s03,再現確認,q05,thinking_action,B,短い時間でも目的や条件を確認し、進め方を決めてから始める,1.3,type-question-frequency-v1,type,verified,分岐の判断原理・近接分岐との境界に対して対象側が矛盾しないことを確認,locked-not-implemented
6,precision-sniper,精密スナイパー,TSIF,precision-sniper.m02,原因検証,precision-sniper.m02.s03,再現確認,q08,divergent_convergent,A,影響の大きい原因から順に、調べるものを絞る,1.0,type-question-frequency-v1,type,verified,分岐の判断原理・近接分岐との境界に対して対象側が矛盾しないことを確認,locked-not-implemented
6,precision-sniper,精密スナイパー,TSIF,precision-sniper.m02,原因検証,precision-sniper.m02.s03,再現確認,q09,thinking_action,A,全体の仕組みと基本の手順を理解してから使う,1.4,type-question-frequency-v1,type,verified,分岐の判断原理・近接分岐との境界に対して対象側が矛盾しないことを確認,locked-not-implemented
6,precision-sniper,精密スナイパー,TSIF,precision-sniper.m02,原因検証,precision-sniper.m02.s03,再現確認,q13,thinking_action,B,先に大事な点と注意点を確認し、流れを理解してからやってみる,1.45,type-question-frequency-v1,type,verified,分岐の判断原理・近接分岐との境界に対して対象側が矛盾しないことを確認,locked-not-implemented
6,precision-sniper,精密スナイパー,TSIF,precision-sniper.m02,原因検証,precision-sniper.m02.s03,再現確認,q16,divergent_convergent,A,目的に直接関係する不足情報だけを追加で集める,1.05,type-question-frequency-v1,type,verified,分岐の判断原理・近接分岐との境界に対して対象側が矛盾しないことを確認,locked-not-implemented
6,precision-sniper,精密スナイパー,TSIF,precision-sniper.m02,原因検証,precision-sniper.m02.s03,再現確認,q21,thinking_action,B,残り時間で追加確認をし、より確かな判断をしてから決める,1.35,type-question-frequency-v1,type,verified,分岐の判断原理・近接分岐との境界に対して対象側が矛盾しないことを確認,locked-not-implemented
6,precision-sniper,精密スナイパー,TSIF,precision-sniper.m02,原因検証,precision-sniper.m02.s03,再現確認,q25,thinking_action,A,原因を分けて考え、直す順番を決めてから対応する,1.2,type-question-frequency-v1,type,verified,分岐の判断原理・近接分岐との境界に対して対象側が矛盾しないことを確認,locked-not-implemented
6,precision-sniper,精密スナイパー,TSIF,precision-sniper.m02,原因検証,precision-sniper.m02.s03,再現確認,q29,thinking_action,B,いったん止めて共通の原因を見つけてから、再開する,1.35,type-question-frequency-v1,type,verified,分岐の判断原理・近接分岐との境界に対して対象側が矛盾しないことを確認,locked-not-implemented
6,precision-sniper,精密スナイパー,TSIF,precision-sniper.m02,原因検証,precision-sniper.m02.s03,再現確認,q33,thinking_action,A,先に構成と順番を決め、全体の流れを固める,1.3,type-question-frequency-v1,type,verified,分岐の判断原理・近接分岐との境界に対して対象側が矛盾しないことを確認,locked-not-implemented
6,precision-sniper,精密スナイパー,TSIF,precision-sniper.m02,原因検証,precision-sniper.m02.s03,再現確認,q37,thinking_action,B,計画を立て直し、優先順位と再開する条件を決めてから動く,1.3,type-question-frequency-v1,type,verified,分岐の判断原理・近接分岐との境界に対して対象側が矛盾しないことを確認,locked-not-implemented
6,precision-sniper,精密スナイパー,TSIF,precision-sniper.m02,原因検証,precision-sniper.m02.s03,再現確認,q39,solo_team,B,担当と確認するタイミングを決め、そこまでは各自に任せる,1.3,type-question-frequency-v1,type,verified,分岐の判断原理・近接分岐との境界に対して対象側が矛盾しないことを確認,locked-not-implemented
6,precision-sniper,精密スナイパー,TSIF,precision-sniper.m03,判断精密化,precision-sniper.m03.s01,比較基準,q01,thinking_action,A,目的や条件を整理し、進め方を考えてから動く,1.05,type-question-frequency-v1,type,verified,分岐の判断原理・近接分岐との境界に対して対象側が矛盾しないことを確認,locked-not-implemented
6,precision-sniper,精密スナイパー,TSIF,precision-sniper.m03,判断精密化,precision-sniper.m03.s01,比較基準,q04,divergent_convergent,B,与えられた目的や条件に沿って、解くべきことを絞る,1.4,type-question-frequency-v1,type,verified,分岐の判断原理・近接分岐との境界に対して対象側が矛盾しないことを確認,locked-not-implemented
6,precision-sniper,精密スナイパー,TSIF,precision-sniper.m03,判断精密化,precision-sniper.m03.s01,比較基準,q08,divergent_convergent,A,影響の大きい原因から順に、調べるものを絞る,1.0,type-question-frequency-v1,type,verified,分岐の判断原理・近接分岐との境界に対して対象側が矛盾しないことを確認,locked-not-implemented
6,precision-sniper,精密スナイパー,TSIF,precision-sniper.m03,判断精密化,precision-sniper.m03.s01,比較基準,q11,solo_team,A,相手が重視することと未決定の点を整理し、選びやすい形で示す,1.4,type-question-frequency-v1,type,verified,分岐の判断原理・近接分岐との境界に対して対象側が矛盾しないことを確認,locked-not-implemented
6,precision-sniper,精密スナイパー,TSIF,precision-sniper.m03,判断精密化,precision-sniper.m03.s01,比較基準,q12,divergent_convergent,B,判断に必要な情報を決め、そこに絞って集める,1.3,type-question-frequency-v1,type,verified,分岐の判断原理・近接分岐との境界に対して対象側が矛盾しないことを確認,locked-not-implemented
6,precision-sniper,精密スナイパー,TSIF,precision-sniper.m03,判断精密化,precision-sniper.m03.s01,比較基準,q16,divergent_convergent,A,目的に直接関係する不足情報だけを追加で集める,1.05,type-question-frequency-v1,type,verified,分岐の判断原理・近接分岐との境界に対して対象側が矛盾しないことを確認,locked-not-implemented
6,precision-sniper,精密スナイパー,TSIF,precision-sniper.m03,判断精密化,precision-sniper.m03.s01,比較基準,q17,thinking_action,A,追加情報を集め、根拠を増やしてから決める,1.25,type-question-frequency-v1,type,verified,分岐の判断原理・近接分岐との境界に対して対象側が矛盾しないことを確認,locked-not-implemented
6,precision-sniper,精密スナイパー,TSIF,precision-sniper.m03,判断精密化,precision-sniper.m03.s01,比較基準,q20,divergent_convergent,B,条件に合う案へ早めに絞り、その案を仕上げる,1.45,type-question-frequency-v1,type,verified,分岐の判断原理・近接分岐との境界に対して対象側が矛盾しないことを確認,locked-not-implemented
6,precision-sniper,精密スナイパー,TSIF,precision-sniper.m03,判断精密化,precision-sniper.m03.s01,比較基準,q24,divergent_convergent,A,判断の基準を決め、良さそうな案を少数に絞る,1.2,type-question-frequency-v1,type,verified,分岐の判断原理・近接分岐との境界に対して対象側が矛盾しないことを確認,locked-not-implemented
6,precision-sniper,精密スナイパー,TSIF,precision-sniper.m03,判断精密化,precision-sniper.m03.s01,比較基準,q28,divergent_convergent,B,早めに一つの案を選び、その案を深く考える,1.3,type-question-frequency-v1,type,verified,分岐の判断原理・近接分岐との境界に対して対象側が矛盾しないことを確認,locked-not-implemented
6,precision-sniper,精密スナイパー,TSIF,precision-sniper.m03,判断精密化,precision-sniper.m03.s01,比較基準,q32,divergent_convergent,A,いったん判断基準を決め、結論を出す段階へ進む,1.3,type-question-frequency-v1,type,verified,分岐の判断原理・近接分岐との境界に対して対象側が矛盾しないことを確認,locked-not-implemented
6,precision-sniper,精密スナイパー,TSIF,precision-sniper.m03,判断精密化,precision-sniper.m03.s01,比較基準,q35,solo_team,A,いったん持ち帰り、判断材料を整理して比べやすく示す,1.4,type-question-frequency-v1,type,verified,分岐の判断原理・近接分岐との境界に対して対象側が矛盾しないことを確認,locked-not-implemented
6,precision-sniper,精密スナイパー,TSIF,precision-sniper.m03,判断精密化,precision-sniper.m03.s01,比較基準,q40,divergent_convergent,A,広げすぎて、結局何も形にならないこと,1.25,type-question-frequency-v1,type,verified,分岐の判断原理・近接分岐との境界に対して対象側が矛盾しないことを確認,locked-not-implemented
6,precision-sniper,精密スナイパー,TSIF,precision-sniper.m03,判断精密化,precision-sniper.m03.s02,証拠閾値,q01,thinking_action,A,目的や条件を整理し、進め方を考えてから動く,1.05,type-question-frequency-v1,type,verified,分岐の判断原理・近接分岐との境界に対して対象側が矛盾しないことを確認,locked-not-implemented
6,precision-sniper,精密スナイパー,TSIF,precision-sniper.m03,判断精密化,precision-sniper.m03.s02,証拠閾値,q05,thinking_action,B,短い時間でも目的や条件を確認し、進め方を決めてから始める,1.3,type-question-frequency-v1,type,verified,分岐の判断原理・近接分岐との境界に対して対象側が矛盾しないことを確認,locked-not-implemented
6,precision-sniper,精密スナイパー,TSIF,precision-sniper.m03,判断精密化,precision-sniper.m03.s02,証拠閾値,q08,divergent_convergent,A,影響の大きい原因から順に、調べるものを絞る,1.0,type-question-frequency-v1,type,verified,分岐の判断原理・近接分岐との境界に対して対象側が矛盾しないことを確認,locked-not-implemented
6,precision-sniper,精密スナイパー,TSIF,precision-sniper.m03,判断精密化,precision-sniper.m03.s02,証拠閾値,q16,divergent_convergent,A,目的に直接関係する不足情報だけを追加で集める,1.05,type-question-frequency-v1,type,verified,分岐の判断原理・近接分岐との境界に対して対象側が矛盾しないことを確認,locked-not-implemented
6,precision-sniper,精密スナイパー,TSIF,precision-sniper.m03,判断精密化,precision-sniper.m03.s02,証拠閾値,q17,thinking_action,A,追加情報を集め、根拠を増やしてから決める,1.25,type-question-frequency-v1,type,verified,分岐の判断原理・近接分岐との境界に対して対象側が矛盾しないことを確認,locked-not-implemented
6,precision-sniper,精密スナイパー,TSIF,precision-sniper.m03,判断精密化,precision-sniper.m03.s02,証拠閾値,q21,thinking_action,B,残り時間で追加確認をし、より確かな判断をしてから決める,1.35,type-question-frequency-v1,type,verified,分岐の判断原理・近接分岐との境界に対して対象側が矛盾しないことを確認,locked-not-implemented
6,precision-sniper,精密スナイパー,TSIF,precision-sniper.m03,判断精密化,precision-sniper.m03.s02,証拠閾値,q24,divergent_convergent,A,判断の基準を決め、良さそうな案を少数に絞る,1.2,type-question-frequency-v1,type,verified,分岐の判断原理・近接分岐との境界に対して対象側が矛盾しないことを確認,locked-not-implemented
6,precision-sniper,精密スナイパー,TSIF,precision-sniper.m03,判断精密化,precision-sniper.m03.s02,証拠閾値,q25,thinking_action,A,原因を分けて考え、直す順番を決めてから対応する,1.2,type-question-frequency-v1,type,verified,分岐の判断原理・近接分岐との境界に対して対象側が矛盾しないことを確認,locked-not-implemented
6,precision-sniper,精密スナイパー,TSIF,precision-sniper.m03,判断精密化,precision-sniper.m03.s02,証拠閾値,q28,divergent_convergent,B,早めに一つの案を選び、その案を深く考える,1.3,type-question-frequency-v1,type,verified,分岐の判断原理・近接分岐との境界に対して対象側が矛盾しないことを確認,locked-not-implemented
6,precision-sniper,精密スナイパー,TSIF,precision-sniper.m03,判断精密化,precision-sniper.m03.s02,証拠閾値,q32,divergent_convergent,A,いったん判断基準を決め、結論を出す段階へ進む,1.3,type-question-frequency-v1,type,verified,分岐の判断原理・近接分岐との境界に対して対象側が矛盾しないことを確認,locked-not-implemented
6,precision-sniper,精密スナイパー,TSIF,precision-sniper.m03,判断精密化,precision-sniper.m03.s02,証拠閾値,q34,offensive_stable,B,成果を求めすぎて、守るべき品質や信頼を失うこと,1.4,type-question-frequency-v1,type,verified,分岐の判断原理・近接分岐との境界に対して対象側が矛盾しないことを確認,locked-not-implemented
6,precision-sniper,精密スナイパー,TSIF,precision-sniper.m03,判断精密化,precision-sniper.m03.s02,証拠閾値,q37,thinking_action,B,計画を立て直し、優先順位と再開する条件を決めてから動く,1.3,type-question-frequency-v1,type,verified,分岐の判断原理・近接分岐との境界に対して対象側が矛盾しないことを確認,locked-not-implemented
6,precision-sniper,精密スナイパー,TSIF,precision-sniper.m03,判断精密化,precision-sniper.m03.s02,証拠閾値,q40,divergent_convergent,A,広げすぎて、結局何も形にならないこと,1.25,type-question-frequency-v1,type,verified,分岐の判断原理・近接分岐との境界に対して対象側が矛盾しないことを確認,locked-not-implemented
6,precision-sniper,精密スナイパー,TSIF,precision-sniper.m04,最小介入,precision-sniper.m04.s01,修正点限定,q01,thinking_action,A,目的や条件を整理し、進め方を考えてから動く,1.05,type-question-frequency-v1,type,verified,分岐の判断原理・近接分岐との境界に対して対象側が矛盾しないことを確認,locked-not-implemented
6,precision-sniper,精密スナイパー,TSIF,precision-sniper.m04,最小介入,precision-sniper.m04.s01,修正点限定,q03,solo_team,A,自分の担当とゴールを明確にし、最後まで責任を持つ,1.25,type-question-frequency-v1,type,verified,分岐の判断原理・近接分岐との境界に対して対象側が矛盾しないことを確認,locked-not-implemented
6,precision-sniper,精密スナイパー,TSIF,precision-sniper.m04,最小介入,precision-sniper.m04.s01,修正点限定,q07,solo_team,B,自分の担当部分を引き取り、自分のやり方で立て直す,1.4,type-question-frequency-v1,type,verified,分岐の判断原理・近接分岐との境界に対して対象側が矛盾しないことを確認,locked-not-implemented
6,precision-sniper,精密スナイパー,TSIF,precision-sniper.m04,最小介入,precision-sniper.m04.s01,修正点限定,q08,divergent_convergent,A,影響の大きい原因から順に、調べるものを絞る,1.0,type-question-frequency-v1,type,verified,分岐の判断原理・近接分岐との境界に対して対象側が矛盾しないことを確認,locked-not-implemented
6,precision-sniper,精密スナイパー,TSIF,precision-sniper.m04,最小介入,precision-sniper.m04.s01,修正点限定,q16,divergent_convergent,A,目的に直接関係する不足情報だけを追加で集める,1.05,type-question-frequency-v1,type,verified,分岐の判断原理・近接分岐との境界に対して対象側が矛盾しないことを確認,locked-not-implemented
6,precision-sniper,精密スナイパー,TSIF,precision-sniper.m04,最小介入,precision-sniper.m04.s01,修正点限定,q19,solo_team,A,まず自分で仮説を立て、解決までの道筋を考える,1.3,type-question-frequency-v1,type,verified,分岐の判断原理・近接分岐との境界に対して対象側が矛盾しないことを確認,locked-not-implemented
6,precision-sniper,精密スナイパー,TSIF,precision-sniper.m04,最小介入,precision-sniper.m04.s01,修正点限定,q21,thinking_action,B,残り時間で追加確認をし、より確かな判断をしてから決める,1.35,type-question-frequency-v1,type,verified,分岐の判断原理・近接分岐との境界に対して対象側が矛盾しないことを確認,locked-not-implemented
6,precision-sniper,精密スナイパー,TSIF,precision-sniper.m04,最小介入,precision-sniper.m04.s01,修正点限定,q24,divergent_convergent,A,判断の基準を決め、良さそうな案を少数に絞る,1.2,type-question-frequency-v1,type,verified,分岐の判断原理・近接分岐との境界に対して対象側が矛盾しないことを確認,locked-not-implemented
6,precision-sniper,精密スナイパー,TSIF,precision-sniper.m04,最小介入,precision-sniper.m04.s01,修正点限定,q25,thinking_action,A,原因を分けて考え、直す順番を決めてから対応する,1.2,type-question-frequency-v1,type,verified,分岐の判断原理・近接分岐との境界に対して対象側が矛盾しないことを確認,locked-not-implemented
6,precision-sniper,精密スナイパー,TSIF,precision-sniper.m04,最小介入,precision-sniper.m04.s01,修正点限定,q26,offensive_stable,B,工夫は増やしすぎず、全体の品質と締切を確実に守る,1.4,type-question-frequency-v1,type,verified,分岐の判断原理・近接分岐との境界に対して対象側が矛盾しないことを確認,locked-not-implemented
6,precision-sniper,精密スナイパー,TSIF,precision-sniper.m04,最小介入,precision-sniper.m04.s01,修正点限定,q29,thinking_action,B,いったん止めて共通の原因を見つけてから、再開する,1.35,type-question-frequency-v1,type,verified,分岐の判断原理・近接分岐との境界に対して対象側が矛盾しないことを確認,locked-not-implemented
6,precision-sniper,精密スナイパー,TSIF,precision-sniper.m04,最小介入,precision-sniper.m04.s01,修正点限定,q36,divergent_convergent,B,使い道を一つに絞り、限られた要素を目的に合う形へ組み直す,1.4,type-question-frequency-v1,type,verified,分岐の判断原理・近接分岐との境界に対して対象側が矛盾しないことを確認,locked-not-implemented
6,precision-sniper,精密スナイパー,TSIF,precision-sniper.m04,最小介入,precision-sniper.m04.s01,修正点限定,q37,thinking_action,B,計画を立て直し、優先順位と再開する条件を決めてから動く,1.3,type-question-frequency-v1,type,verified,分岐の判断原理・近接分岐との境界に対して対象側が矛盾しないことを確認,locked-not-implemented
6,precision-sniper,精密スナイパー,TSIF,precision-sniper.m04,最小介入,precision-sniper.m04.s02,予防確認,q01,thinking_action,A,目的や条件を整理し、進め方を考えてから動く,1.05,type-question-frequency-v1,type,verified,分岐の判断原理・近接分岐との境界に対して対象側が矛盾しないことを確認,locked-not-implemented
6,precision-sniper,精密スナイパー,TSIF,precision-sniper.m04,最小介入,precision-sniper.m04.s02,予防確認,q03,solo_team,A,自分の担当とゴールを明確にし、最後まで責任を持つ,1.25,type-question-frequency-v1,type,verified,分岐の判断原理・近接分岐との境界に対して対象側が矛盾しないことを確認,locked-not-implemented
6,precision-sniper,精密スナイパー,TSIF,precision-sniper.m04,最小介入,precision-sniper.m04.s02,予防確認,q05,thinking_action,B,短い時間でも目的や条件を確認し、進め方を決めてから始める,1.3,type-question-frequency-v1,type,verified,分岐の判断原理・近接分岐との境界に対して対象側が矛盾しないことを確認,locked-not-implemented
6,precision-sniper,精密スナイパー,TSIF,precision-sniper.m04,最小介入,precision-sniper.m04.s02,予防確認,q06,offensive_stable,A,急な変更にも対応できる余裕を残し、品質を安定させる,1.45,type-question-frequency-v1,type,verified,分岐の判断原理・近接分岐との境界に対して対象側が矛盾しないことを確認,locked-not-implemented
6,precision-sniper,精密スナイパー,TSIF,precision-sniper.m04,最小介入,precision-sniper.m04.s02,予防確認,q08,divergent_convergent,A,影響の大きい原因から順に、調べるものを絞る,1.0,type-question-frequency-v1,type,verified,分岐の判断原理・近接分岐との境界に対して対象側が矛盾しないことを確認,locked-not-implemented
6,precision-sniper,精密スナイパー,TSIF,precision-sniper.m04,最小介入,precision-sniper.m04.s02,予防確認,q09,thinking_action,A,全体の仕組みと基本の手順を理解してから使う,1.4,type-question-frequency-v1,type,verified,分岐の判断原理・近接分岐との境界に対して対象側が矛盾しないことを確認,locked-not-implemented
6,precision-sniper,精密スナイパー,TSIF,precision-sniper.m04,最小介入,precision-sniper.m04.s02,予防確認,q14,offensive_stable,A,今の品質を守りながら、一部で新しい案を試す,1.45,type-question-frequency-v1,type,verified,分岐の判断原理・近接分岐との境界に対して対象側が矛盾しないことを確認,locked-not-implemented
6,precision-sniper,精密スナイパー,TSIF,precision-sniper.m04,最小介入,precision-sniper.m04.s02,予防確認,q18,offensive_stable,B,無理なく続けられる手順と確認方法を整えてから導入する,1.4,type-question-frequency-v1,type,verified,分岐の判断原理・近接分岐との境界に対して対象側が矛盾しないことを確認,locked-not-implemented
6,precision-sniper,精密スナイパー,TSIF,precision-sniper.m04,最小介入,precision-sniper.m04.s02,予防確認,q22,offensive_stable,A,使う範囲と確認するタイミングを決め、今の仕事に影響が出にくいところから移す,1.45,type-question-frequency-v1,type,verified,分岐の判断原理・近接分岐との境界に対して対象側が矛盾しないことを確認,locked-not-implemented
6,precision-sniper,精密スナイパー,TSIF,precision-sniper.m04,最小介入,precision-sniper.m04.s02,予防確認,q26,offensive_stable,B,工夫は増やしすぎず、全体の品質と締切を確実に守る,1.4,type-question-frequency-v1,type,verified,分岐の判断原理・近接分岐との境界に対して対象側が矛盾しないことを確認,locked-not-implemented
6,precision-sniper,精密スナイパー,TSIF,precision-sniper.m04,最小介入,precision-sniper.m04.s02,予防確認,q30,offensive_stable,A,すべてを一定以上の水準に保てるよう、バランスよく配分する,1.45,type-question-frequency-v1,type,verified,分岐の判断原理・近接分岐との境界に対して対象側が矛盾しないことを確認,locked-not-implemented
6,precision-sniper,精密スナイパー,TSIF,precision-sniper.m04,最小介入,precision-sniper.m04.s02,予防確認,q33,thinking_action,A,先に構成と順番を決め、全体の流れを固める,1.3,type-question-frequency-v1,type,verified,分岐の判断原理・近接分岐との境界に対して対象側が矛盾しないことを確認,locked-not-implemented
6,precision-sniper,精密スナイパー,TSIF,precision-sniper.m04,最小介入,precision-sniper.m04.s02,予防確認,q34,offensive_stable,B,成果を求めすぎて、守るべき品質や信頼を失うこと,1.4,type-question-frequency-v1,type,verified,分岐の判断原理・近接分岐との境界に対して対象側が矛盾しないことを確認,locked-not-implemented
6,precision-sniper,精密スナイパー,TSIF,precision-sniper.m04,最小介入,precision-sniper.m04.s02,予防確認,q38,offensive_stable,A,大きな混乱を起こさず、品質と信頼を守れた時,1.45,type-question-frequency-v1,type,verified,分岐の判断原理・近接分岐との境界に対して対象側が矛盾しないことを確認,locked-not-implemented
6,precision-sniper,精密スナイパー,TSIF,precision-sniper.m04,最小介入,precision-sniper.m04.s02,予防確認,q39,solo_team,B,担当と確認するタイミングを決め、そこまでは各自に任せる,1.3,type-question-frequency-v1,type,verified,分岐の判断原理・近接分岐との境界に対して対象側が矛盾しないことを確認,locked-not-implemented
7,structure-hacker,構造ハッカー,TSGE,structure-hacker.m01,流れ再設計,structure-hacker.m01.s01,滞留解除,q01,thinking_action,A,目的や条件を整理し、進め方を考えてから動く,1.35,type-question-frequency-v1,type,verified,分岐の判断原理・近接分岐との境界に対して対象側が矛盾しないことを確認,locked-not-implemented
7,structure-hacker,構造ハッカー,TSGE,structure-hacker.m01,流れ再設計,structure-hacker.m01.s01,滞留解除,q04,divergent_convergent,A,目的や前提から見直し、別の考え方も探す,1.3,type-question-frequency-v1,type,verified,分岐の判断原理・近接分岐との境界に対して対象側が矛盾しないことを確認,locked-not-implemented
7,structure-hacker,構造ハッカー,TSGE,structure-hacker.m01,流れ再設計,structure-hacker.m01.s01,滞留解除,q07,solo_team,A,チーム全体の進め方を見直し、みんなで立て直す,1.25,type-question-frequency-v1,type,verified,分岐の判断原理・近接分岐との境界に対して対象側が矛盾しないことを確認,locked-not-implemented
7,structure-hacker,構造ハッカー,TSGE,structure-hacker.m01,流れ再設計,structure-hacker.m01.s01,滞留解除,q08,divergent_convergent,B,見落としがないよう、周りの原因まで広く考える,1.4,type-question-frequency-v1,type,verified,分岐の判断原理・近接分岐との境界に対して対象側が矛盾しないことを確認,locked-not-implemented
7,structure-hacker,構造ハッカー,TSGE,structure-hacker.m01,流れ再設計,structure-hacker.m01.s01,滞留解除,q09,thinking_action,A,全体の仕組みと基本の手順を理解してから使う,1.35,type-question-frequency-v1,type,verified,分岐の判断原理・近接分岐との境界に対して対象側が矛盾しないことを確認,locked-not-implemented
7,structure-hacker,構造ハッカー,TSGE,structure-hacker.m01,流れ再設計,structure-hacker.m01.s01,滞留解除,q15,solo_team,A,早めに情報を集め、それぞれの心配や譲れない条件を確認して、合意できる点を探す,1.2,type-question-frequency-v1,type,verified,分岐の判断原理・近接分岐との境界に対して対象側が矛盾しないことを確認,locked-not-implemented
7,structure-hacker,構造ハッカー,TSGE,structure-hacker.m01,流れ再設計,structure-hacker.m01.s01,滞留解除,q16,divergent_convergent,B,周りの情報まで広げ、新しい論点がないか探す,1.4,type-question-frequency-v1,type,verified,分岐の判断原理・近接分岐との境界に対して対象側が矛盾しないことを確認,locked-not-implemented
7,structure-hacker,構造ハッカー,TSGE,structure-hacker.m01,流れ再設計,structure-hacker.m01.s01,滞留解除,q18,offensive_stable,B,無理なく続けられる手順と確認方法を整えてから導入する,1.15,type-question-frequency-v1,type,verified,分岐の判断原理・近接分岐との境界に対して対象側が矛盾しないことを確認,locked-not-implemented
7,structure-hacker,構造ハッカー,TSGE,structure-hacker.m01,流れ再設計,structure-hacker.m01.s01,滞留解除,q22,offensive_stable,A,使う範囲と確認するタイミングを決め、今の仕事に影響が出にくいところから移す,1.25,type-question-frequency-v1,type,verified,分岐の判断原理・近接分岐との境界に対して対象側が矛盾しないことを確認,locked-not-implemented
7,structure-hacker,構造ハッカー,TSGE,structure-hacker.m01,流れ再設計,structure-hacker.m01.s01,滞留解除,q29,thinking_action,B,いったん止めて共通の原因を見つけてから、再開する,1.35,type-question-frequency-v1,type,verified,分岐の判断原理・近接分岐との境界に対して対象側が矛盾しないことを確認,locked-not-implemented
7,structure-hacker,構造ハッカー,TSGE,structure-hacker.m01,流れ再設計,structure-hacker.m01.s01,滞留解除,q33,thinking_action,A,先に構成と順番を決め、全体の流れを固める,1.25,type-question-frequency-v1,type,verified,分岐の判断原理・近接分岐との境界に対して対象側が矛盾しないことを確認,locked-not-implemented
7,structure-hacker,構造ハッカー,TSGE,structure-hacker.m01,流れ再設計,structure-hacker.m01.s01,滞留解除,q37,thinking_action,B,計画を立て直し、優先順位と再開する条件を決めてから動く,1.3,type-question-frequency-v1,type,verified,分岐の判断原理・近接分岐との境界に対して対象側が矛盾しないことを確認,locked-not-implemented
7,structure-hacker,構造ハッカー,TSGE,structure-hacker.m01,流れ再設計,structure-hacker.m01.s01,滞留解除,q39,solo_team,A,短い共有をこまめに行い、認識のずれや遅れをその都度そろえる,1.0,type-question-frequency-v1,type,verified,分岐の判断原理・近接分岐との境界に対して対象側が矛盾しないことを確認,locked-not-implemented
7,structure-hacker,構造ハッカー,TSGE,structure-hacker.m01,流れ再設計,structure-hacker.m01.s02,受け渡し設計,q03,solo_team,A,自分の担当とゴールを明確にし、最後まで責任を持つ,1.4,type-question-frequency-v1,type,changed,受け渡し元・受け手の担当と完了責任を明確にするためAを採用,locked-not-implemented
7,structure-hacker,構造ハッカー,TSGE,structure-hacker.m01,流れ再設計,structure-hacker.m01.s02,受け渡し設計,q05,thinking_action,B,短い時間でも目的や条件を確認し、進め方を決めてから始める,1.4,type-question-frequency-v1,type,verified,分岐の判断原理・近接分岐との境界に対して対象側が矛盾しないことを確認,locked-not-implemented
7,structure-hacker,構造ハッカー,TSGE,structure-hacker.m01,流れ再設計,structure-hacker.m01.s02,受け渡し設計,q11,solo_team,A,相手が重視することと未決定の点を整理し、選びやすい形で示す,1.4,type-question-frequency-v1,type,changed,受け手が開始できるよう、重視点と未決事項を整理して渡すためAを採用,locked-not-implemented
7,structure-hacker,構造ハッカー,TSGE,structure-hacker.m01,流れ再設計,structure-hacker.m01.s02,受け渡し設計,q15,solo_team,A,早めに情報を集め、それぞれの心配や譲れない条件を確認して、合意できる点を探す,1.2,type-question-frequency-v1,type,verified,分岐の判断原理・近接分岐との境界に対して対象側が矛盾しないことを確認,locked-not-implemented
7,structure-hacker,構造ハッカー,TSGE,structure-hacker.m01,流れ再設計,structure-hacker.m01.s02,受け渡し設計,q18,offensive_stable,B,無理なく続けられる手順と確認方法を整えてから導入する,1.15,type-question-frequency-v1,type,verified,分岐の判断原理・近接分岐との境界に対して対象側が矛盾しないことを確認,locked-not-implemented
7,structure-hacker,構造ハッカー,TSGE,structure-hacker.m01,流れ再設計,structure-hacker.m01.s02,受け渡し設計,q22,offensive_stable,A,使う範囲と確認するタイミングを決め、今の仕事に影響が出にくいところから移す,1.25,type-question-frequency-v1,type,verified,分岐の判断原理・近接分岐との境界に対して対象側が矛盾しないことを確認,locked-not-implemented
7,structure-hacker,構造ハッカー,TSGE,structure-hacker.m01,流れ再設計,structure-hacker.m01.s02,受け渡し設計,q23,solo_team,A,役割を組み直し、他の人の得意なことを生かして進める,1.25,type-question-frequency-v1,type,verified,分岐の判断原理・近接分岐との境界に対して対象側が矛盾しないことを確認,locked-not-implemented
7,structure-hacker,構造ハッカー,TSGE,structure-hacker.m01,流れ再設計,structure-hacker.m01.s02,受け渡し設計,q33,thinking_action,A,先に構成と順番を決め、全体の流れを固める,1.25,type-question-frequency-v1,type,verified,分岐の判断原理・近接分岐との境界に対して対象側が矛盾しないことを確認,locked-not-implemented
7,structure-hacker,構造ハッカー,TSGE,structure-hacker.m01,流れ再設計,structure-hacker.m01.s02,受け渡し設計,q35,solo_team,A,いったん持ち帰り、判断材料を整理して比べやすく示す,1.3,type-question-frequency-v1,type,changed,受け手の判断材料を持ち帰って整理し、比較しやすく示すためAを採用,locked-not-implemented
7,structure-hacker,構造ハッカー,TSGE,structure-hacker.m01,流れ再設計,structure-hacker.m01.s02,受け渡し設計,q39,solo_team,B,担当と確認するタイミングを決め、そこまでは各自に任せる,1.0,type-question-frequency-v1,type,changed,担当と確認時期を固定し、追加説明を待たず進められるためBを採用,locked-not-implemented
7,structure-hacker,構造ハッカー,TSGE,structure-hacker.m01,流れ再設計,structure-hacker.m01.s03,並行化,q04,divergent_convergent,A,目的や前提から見直し、別の考え方も探す,1.3,type-question-frequency-v1,type,verified,分岐の判断原理・近接分岐との境界に対して対象側が矛盾しないことを確認,locked-not-implemented
7,structure-hacker,構造ハッカー,TSGE,structure-hacker.m01,流れ再設計,structure-hacker.m01.s03,並行化,q06,offensive_stable,A,急な変更にも対応できる余裕を残し、品質を安定させる,1.35,type-question-frequency-v1,type,verified,分岐の判断原理・近接分岐との境界に対して対象側が矛盾しないことを確認,locked-not-implemented
7,structure-hacker,構造ハッカー,TSGE,structure-hacker.m01,流れ再設計,structure-hacker.m01.s03,並行化,q07,solo_team,A,チーム全体の進め方を見直し、みんなで立て直す,1.25,type-question-frequency-v1,type,verified,分岐の判断原理・近接分岐との境界に対して対象側が矛盾しないことを確認,locked-not-implemented
7,structure-hacker,構造ハッカー,TSGE,structure-hacker.m01,流れ再設計,structure-hacker.m01.s03,並行化,q14,offensive_stable,A,今の品質を守りながら、一部で新しい案を試す,1.3,type-question-frequency-v1,type,verified,分岐の判断原理・近接分岐との境界に対して対象側が矛盾しないことを確認,locked-not-implemented
7,structure-hacker,構造ハッカー,TSGE,structure-hacker.m01,流れ再設計,structure-hacker.m01.s03,並行化,q20,divergent_convergent,A,実現できるかはいったん置き、方向の違う案をたくさん出す,1.35,type-question-frequency-v1,type,verified,分岐の判断原理・近接分岐との境界に対して対象側が矛盾しないことを確認,locked-not-implemented
7,structure-hacker,構造ハッカー,TSGE,structure-hacker.m01,流れ再設計,structure-hacker.m01.s03,並行化,q23,solo_team,A,役割を組み直し、他の人の得意なことを生かして進める,1.25,type-question-frequency-v1,type,verified,分岐の判断原理・近接分岐との境界に対して対象側が矛盾しないことを確認,locked-not-implemented
7,structure-hacker,構造ハッカー,TSGE,structure-hacker.m01,流れ再設計,structure-hacker.m01.s03,並行化,q24,divergent_convergent,B,案を組み合わせ、さらに新しい可能性を増やす,1.3,type-question-frequency-v1,type,verified,分岐の判断原理・近接分岐との境界に対して対象側が矛盾しないことを確認,locked-not-implemented
7,structure-hacker,構造ハッカー,TSGE,structure-hacker.m01,流れ再設計,structure-hacker.m01.s03,並行化,q28,divergent_convergent,A,複数の案を残し、比べるための材料を増やす,1.4,type-question-frequency-v1,type,verified,分岐の判断原理・近接分岐との境界に対して対象側が矛盾しないことを確認,locked-not-implemented
7,structure-hacker,構造ハッカー,TSGE,structure-hacker.m01,流れ再設計,structure-hacker.m01.s03,並行化,q30,offensive_stable,A,すべてを一定以上の水準に保てるよう、バランスよく配分する,1.35,type-question-frequency-v1,type,verified,分岐の判断原理・近接分岐との境界に対して対象側が矛盾しないことを確認,locked-not-implemented
7,structure-hacker,構造ハッカー,TSGE,structure-hacker.m01,流れ再設計,structure-hacker.m01.s03,並行化,q33,thinking_action,A,先に構成と順番を決め、全体の流れを固める,1.25,type-question-frequency-v1,type,verified,分岐の判断原理・近接分岐との境界に対して対象側が矛盾しないことを確認,locked-not-implemented
7,structure-hacker,構造ハッカー,TSGE,structure-hacker.m01,流れ再設計,structure-hacker.m01.s03,並行化,q39,solo_team,A,短い共有をこまめに行い、認識のずれや遅れをその都度そろえる,1.0,type-question-frequency-v1,type,verified,分岐の判断原理・近接分岐との境界に対して対象側が矛盾しないことを確認,locked-not-implemented
7,structure-hacker,構造ハッカー,TSGE,structure-hacker.m01,流れ再設計,structure-hacker.m01.s03,並行化,q40,divergent_convergent,B,早く絞りすぎて、もっと良い可能性を逃すこと,1.35,type-question-frequency-v1,type,verified,分岐の判断原理・近接分岐との境界に対して対象側が矛盾しないことを確認,locked-not-implemented
7,structure-hacker,構造ハッカー,TSGE,structure-hacker.m02,接続再設計,structure-hacker.m02.s01,責任境界,q03,solo_team,A,自分の担当とゴールを明確にし、最後まで責任を持つ,1.4,type-question-frequency-v1,type,changed,通常担当・共同対応者・最終判断者の責任単位を明確にするためAを採用,locked-not-implemented
7,structure-hacker,構造ハッカー,TSGE,structure-hacker.m02,接続再設計,structure-hacker.m02.s01,責任境界,q07,solo_team,A,チーム全体の進め方を見直し、みんなで立て直す,1.25,type-question-frequency-v1,type,verified,分岐の判断原理・近接分岐との境界に対して対象側が矛盾しないことを確認,locked-not-implemented
7,structure-hacker,構造ハッカー,TSGE,structure-hacker.m02,接続再設計,structure-hacker.m02.s01,責任境界,q15,solo_team,A,早めに情報を集め、それぞれの心配や譲れない条件を確認して、合意できる点を探す,1.2,type-question-frequency-v1,type,verified,分岐の判断原理・近接分岐との境界に対して対象側が矛盾しないことを確認,locked-not-implemented
7,structure-hacker,構造ハッカー,TSGE,structure-hacker.m02,接続再設計,structure-hacker.m02.s01,責任境界,q18,offensive_stable,B,無理なく続けられる手順と確認方法を整えてから導入する,1.15,type-question-frequency-v1,type,verified,分岐の判断原理・近接分岐との境界に対して対象側が矛盾しないことを確認,locked-not-implemented
7,structure-hacker,構造ハッカー,TSGE,structure-hacker.m02,接続再設計,structure-hacker.m02.s01,責任境界,q19,solo_team,B,早めに詳しい人へ相談し、知識を持ち寄って解決する,1.4,type-question-frequency-v1,type,verified,分岐の判断原理・近接分岐との境界に対して対象側が矛盾しないことを確認,locked-not-implemented
7,structure-hacker,構造ハッカー,TSGE,structure-hacker.m02,接続再設計,structure-hacker.m02.s01,責任境界,q23,solo_team,A,役割を組み直し、他の人の得意なことを生かして進める,1.25,type-question-frequency-v1,type,verified,分岐の判断原理・近接分岐との境界に対して対象側が矛盾しないことを確認,locked-not-implemented
7,structure-hacker,構造ハッカー,TSGE,structure-hacker.m02,接続再設計,structure-hacker.m02.s01,責任境界,q27,solo_team,B,みんなの強みがうまく合わさり、一人では出せない成果になった時,1.4,type-question-frequency-v1,type,verified,分岐の判断原理・近接分岐との境界に対して対象側が矛盾しないことを確認,locked-not-implemented
7,structure-hacker,構造ハッカー,TSGE,structure-hacker.m02,接続再設計,structure-hacker.m02.s01,責任境界,q31,solo_team,A,チーム全体の成果に貢献したことを評価される,1.4,type-question-frequency-v1,type,verified,分岐の判断原理・近接分岐との境界に対して対象側が矛盾しないことを確認,locked-not-implemented
7,structure-hacker,構造ハッカー,TSGE,structure-hacker.m02,接続再設計,structure-hacker.m02.s01,責任境界,q35,solo_team,B,その場で話を続け、迷っている理由や決める条件を確かめる,1.3,type-question-frequency-v1,type,verified,分岐の判断原理・近接分岐との境界に対して対象側が矛盾しないことを確認,locked-not-implemented
7,structure-hacker,構造ハッカー,TSGE,structure-hacker.m02,接続再設計,structure-hacker.m02.s01,責任境界,q39,solo_team,B,担当と確認するタイミングを決め、そこまでは各自に任せる,1.0,type-question-frequency-v1,type,changed,責任境界と確認時期を決め、日常の細かな同期を減らすためBを採用,locked-not-implemented
7,structure-hacker,構造ハッカー,TSGE,structure-hacker.m02,接続再設計,structure-hacker.m02.s02,判断窓口,q01,thinking_action,A,目的や条件を整理し、進め方を考えてから動く,1.35,type-question-frequency-v1,type,verified,分岐の判断原理・近接分岐との境界に対して対象側が矛盾しないことを確認,locked-not-implemented
7,structure-hacker,構造ハッカー,TSGE,structure-hacker.m02,接続再設計,structure-hacker.m02.s02,判断窓口,q05,thinking_action,B,短い時間でも目的や条件を確認し、進め方を決めてから始める,1.4,type-question-frequency-v1,type,verified,分岐の判断原理・近接分岐との境界に対して対象側が矛盾しないことを確認,locked-not-implemented
7,structure-hacker,構造ハッカー,TSGE,structure-hacker.m02,接続再設計,structure-hacker.m02.s02,判断窓口,q11,solo_team,A,相手が重視することと未決定の点を整理し、選びやすい形で示す,1.4,type-question-frequency-v1,type,changed,判断者が選べるよう重視点と未決事項を整理するためAを採用,locked-not-implemented
7,structure-hacker,構造ハッカー,TSGE,structure-hacker.m02,接続再設計,structure-hacker.m02.s02,判断窓口,q15,solo_team,A,早めに情報を集め、それぞれの心配や譲れない条件を確認して、合意できる点を探す,1.2,type-question-frequency-v1,type,verified,分岐の判断原理・近接分岐との境界に対して対象側が矛盾しないことを確認,locked-not-implemented
7,structure-hacker,構造ハッカー,TSGE,structure-hacker.m02,接続再設計,structure-hacker.m02.s02,判断窓口,q16,divergent_convergent,A,目的に直接関係する不足情報だけを追加で集める,1.4,type-question-frequency-v1,type,changed,判断窓口へ渡す情報を、目的に直接必要な不足情報へ絞るためAを採用,locked-not-implemented
7,structure-hacker,構造ハッカー,TSGE,structure-hacker.m02,接続再設計,structure-hacker.m02.s02,判断窓口,q17,thinking_action,A,追加情報を集め、根拠を増やしてから決める,1.45,type-question-frequency-v1,type,verified,分岐の判断原理・近接分岐との境界に対して対象側が矛盾しないことを確認,locked-not-implemented
7,structure-hacker,構造ハッカー,TSGE,structure-hacker.m02,接続再設計,structure-hacker.m02.s02,判断窓口,q18,offensive_stable,B,無理なく続けられる手順と確認方法を整えてから導入する,1.15,type-question-frequency-v1,type,verified,分岐の判断原理・近接分岐との境界に対して対象側が矛盾しないことを確認,locked-not-implemented
7,structure-hacker,構造ハッカー,TSGE,structure-hacker.m02,接続再設計,structure-hacker.m02.s02,判断窓口,q21,thinking_action,B,残り時間で追加確認をし、より確かな判断をしてから決める,1.45,type-question-frequency-v1,type,verified,分岐の判断原理・近接分岐との境界に対して対象側が矛盾しないことを確認,locked-not-implemented
7,structure-hacker,構造ハッカー,TSGE,structure-hacker.m02,接続再設計,structure-hacker.m02.s02,判断窓口,q24,divergent_convergent,A,判断の基準を決め、良さそうな案を少数に絞る,1.3,type-question-frequency-v1,type,changed,論点ごとの判断基準を決め、決定可能な案へ絞るためAを採用,locked-not-implemented
7,structure-hacker,構造ハッカー,TSGE,structure-hacker.m02,接続再設計,structure-hacker.m02.s02,判断窓口,q32,divergent_convergent,A,いったん判断基準を決め、結論を出す段階へ進む,1.4,type-question-frequency-v1,type,changed,同じ論点を戻さず、結論を出す段階へ進むためAを採用,locked-not-implemented
7,structure-hacker,構造ハッカー,TSGE,structure-hacker.m02,接続再設計,structure-hacker.m02.s02,判断窓口,q35,solo_team,B,その場で話を続け、迷っている理由や決める条件を確かめる,1.3,type-question-frequency-v1,type,verified,分岐の判断原理・近接分岐との境界に対して対象側が矛盾しないことを確認,locked-not-implemented
7,structure-hacker,構造ハッカー,TSGE,structure-hacker.m02,接続再設計,structure-hacker.m02.s02,判断窓口,q39,solo_team,B,担当と確認するタイミングを決め、そこまでは各自に任せる,1.0,type-question-frequency-v1,type,changed,判断者・相談条件・確認時期を固定し、各自へ裁量を渡すためBを採用,locked-not-implemented
7,structure-hacker,構造ハッカー,TSGE,structure-hacker.m02,接続再設計,structure-hacker.m02.s03,専門連携,q04,divergent_convergent,A,目的や前提から見直し、別の考え方も探す,1.3,type-question-frequency-v1,type,verified,分岐の判断原理・近接分岐との境界に対して対象側が矛盾しないことを確認,locked-not-implemented
7,structure-hacker,構造ハッカー,TSGE,structure-hacker.m02,接続再設計,structure-hacker.m02.s03,専門連携,q07,solo_team,A,チーム全体の進め方を見直し、みんなで立て直す,1.25,type-question-frequency-v1,type,verified,分岐の判断原理・近接分岐との境界に対して対象側が矛盾しないことを確認,locked-not-implemented
7,structure-hacker,構造ハッカー,TSGE,structure-hacker.m02,接続再設計,structure-hacker.m02.s03,専門連携,q12,divergent_convergent,A,関係が薄そうな情報も集め、意外なつながりを探す,1.4,type-question-frequency-v1,type,verified,分岐の判断原理・近接分岐との境界に対して対象側が矛盾しないことを確認,locked-not-implemented
7,structure-hacker,構造ハッカー,TSGE,structure-hacker.m02,接続再設計,structure-hacker.m02.s03,専門連携,q15,solo_team,A,早めに情報を集め、それぞれの心配や譲れない条件を確認して、合意できる点を探す,1.2,type-question-frequency-v1,type,verified,分岐の判断原理・近接分岐との境界に対して対象側が矛盾しないことを確認,locked-not-implemented
7,structure-hacker,構造ハッカー,TSGE,structure-hacker.m02,接続再設計,structure-hacker.m02.s03,専門連携,q19,solo_team,B,早めに詳しい人へ相談し、知識を持ち寄って解決する,1.4,type-question-frequency-v1,type,verified,分岐の判断原理・近接分岐との境界に対して対象側が矛盾しないことを確認,locked-not-implemented
7,structure-hacker,構造ハッカー,TSGE,structure-hacker.m02,接続再設計,structure-hacker.m02.s03,専門連携,q20,divergent_convergent,A,実現できるかはいったん置き、方向の違う案をたくさん出す,1.35,type-question-frequency-v1,type,verified,分岐の判断原理・近接分岐との境界に対して対象側が矛盾しないことを確認,locked-not-implemented
7,structure-hacker,構造ハッカー,TSGE,structure-hacker.m02,接続再設計,structure-hacker.m02.s03,専門連携,q23,solo_team,A,役割を組み直し、他の人の得意なことを生かして進める,1.25,type-question-frequency-v1,type,verified,分岐の判断原理・近接分岐との境界に対して対象側が矛盾しないことを確認,locked-not-implemented
7,structure-hacker,構造ハッカー,TSGE,structure-hacker.m02,接続再設計,structure-hacker.m02.s03,専門連携,q24,divergent_convergent,B,案を組み合わせ、さらに新しい可能性を増やす,1.3,type-question-frequency-v1,type,verified,分岐の判断原理・近接分岐との境界に対して対象側が矛盾しないことを確認,locked-not-implemented
7,structure-hacker,構造ハッカー,TSGE,structure-hacker.m02,接続再設計,structure-hacker.m02.s03,専門連携,q27,solo_team,B,みんなの強みがうまく合わさり、一人では出せない成果になった時,1.4,type-question-frequency-v1,type,verified,分岐の判断原理・近接分岐との境界に対して対象側が矛盾しないことを確認,locked-not-implemented
7,structure-hacker,構造ハッカー,TSGE,structure-hacker.m02,接続再設計,structure-hacker.m02.s03,専門連携,q31,solo_team,A,チーム全体の成果に貢献したことを評価される,1.4,type-question-frequency-v1,type,verified,分岐の判断原理・近接分岐との境界に対して対象側が矛盾しないことを確認,locked-not-implemented
7,structure-hacker,構造ハッカー,TSGE,structure-hacker.m02,接続再設計,structure-hacker.m02.s03,専門連携,q35,solo_team,B,その場で話を続け、迷っている理由や決める条件を確かめる,1.3,type-question-frequency-v1,type,verified,分岐の判断原理・近接分岐との境界に対して対象側が矛盾しないことを確認,locked-not-implemented
7,structure-hacker,構造ハッカー,TSGE,structure-hacker.m02,接続再設計,structure-hacker.m02.s03,専門連携,q39,solo_team,A,短い共有をこまめに行い、認識のずれや遅れをその都度そろえる,1.0,type-question-frequency-v1,type,verified,分岐の判断原理・近接分岐との境界に対して対象側が矛盾しないことを確認,locked-not-implemented
7,structure-hacker,構造ハッカー,TSGE,structure-hacker.m03,運用再設計,structure-hacker.m03.s01,例外吸収,q06,offensive_stable,A,急な変更にも対応できる余裕を残し、品質を安定させる,1.35,type-question-frequency-v1,type,verified,分岐の判断原理・近接分岐との境界に対して対象側が矛盾しないことを確認,locked-not-implemented
7,structure-hacker,構造ハッカー,TSGE,structure-hacker.m03,運用再設計,structure-hacker.m03.s01,例外吸収,q10,offensive_stable,B,失敗しても影響が小さくなる準備をしてから広げる,1.45,type-question-frequency-v1,type,verified,分岐の判断原理・近接分岐との境界に対して対象側が矛盾しないことを確認,locked-not-implemented
7,structure-hacker,構造ハッカー,TSGE,structure-hacker.m03,運用再設計,structure-hacker.m03.s01,例外吸収,q14,offensive_stable,A,今の品質を守りながら、一部で新しい案を試す,1.3,type-question-frequency-v1,type,verified,分岐の判断原理・近接分岐との境界に対して対象側が矛盾しないことを確認,locked-not-implemented
7,structure-hacker,構造ハッカー,TSGE,structure-hacker.m03,運用再設計,structure-hacker.m03.s01,例外吸収,q18,offensive_stable,B,無理なく続けられる手順と確認方法を整えてから導入する,1.15,type-question-frequency-v1,type,verified,分岐の判断原理・近接分岐との境界に対して対象側が矛盾しないことを確認,locked-not-implemented
7,structure-hacker,構造ハッカー,TSGE,structure-hacker.m03,運用再設計,structure-hacker.m03.s01,例外吸収,q22,offensive_stable,A,使う範囲と確認するタイミングを決め、今の仕事に影響が出にくいところから移す,1.25,type-question-frequency-v1,type,verified,分岐の判断原理・近接分岐との境界に対して対象側が矛盾しないことを確認,locked-not-implemented
7,structure-hacker,構造ハッカー,TSGE,structure-hacker.m03,運用再設計,structure-hacker.m03.s01,例外吸収,q25,thinking_action,A,原因を分けて考え、直す順番を決めてから対応する,1.4,type-question-frequency-v1,type,verified,分岐の判断原理・近接分岐との境界に対して対象側が矛盾しないことを確認,locked-not-implemented
7,structure-hacker,構造ハッカー,TSGE,structure-hacker.m03,運用再設計,structure-hacker.m03.s01,例外吸収,q29,thinking_action,B,いったん止めて共通の原因を見つけてから、再開する,1.35,type-question-frequency-v1,type,verified,分岐の判断原理・近接分岐との境界に対して対象側が矛盾しないことを確認,locked-not-implemented
7,structure-hacker,構造ハッカー,TSGE,structure-hacker.m03,運用再設計,structure-hacker.m03.s01,例外吸収,q30,offensive_stable,A,すべてを一定以上の水準に保てるよう、バランスよく配分する,1.35,type-question-frequency-v1,type,verified,分岐の判断原理・近接分岐との境界に対して対象側が矛盾しないことを確認,locked-not-implemented
7,structure-hacker,構造ハッカー,TSGE,structure-hacker.m03,運用再設計,structure-hacker.m03.s01,例外吸収,q34,offensive_stable,B,成果を求めすぎて、守るべき品質や信頼を失うこと,1.4,type-question-frequency-v1,type,verified,分岐の判断原理・近接分岐との境界に対して対象側が矛盾しないことを確認,locked-not-implemented
7,structure-hacker,構造ハッカー,TSGE,structure-hacker.m03,運用再設計,structure-hacker.m03.s01,例外吸収,q37,thinking_action,B,計画を立て直し、優先順位と再開する条件を決めてから動く,1.3,type-question-frequency-v1,type,verified,分岐の判断原理・近接分岐との境界に対して対象側が矛盾しないことを確認,locked-not-implemented
7,structure-hacker,構造ハッカー,TSGE,structure-hacker.m03,運用再設計,structure-hacker.m03.s01,例外吸収,q38,offensive_stable,A,大きな混乱を起こさず、品質と信頼を守れた時,1.4,type-question-frequency-v1,type,verified,分岐の判断原理・近接分岐との境界に対して対象側が矛盾しないことを確認,locked-not-implemented
7,structure-hacker,構造ハッカー,TSGE,structure-hacker.m03,運用再設計,structure-hacker.m03.s01,例外吸収,q39,solo_team,A,短い共有をこまめに行い、認識のずれや遅れをその都度そろえる,1.0,type-question-frequency-v1,type,verified,分岐の判断原理・近接分岐との境界に対して対象側が矛盾しないことを確認,locked-not-implemented
7,structure-hacker,構造ハッカー,TSGE,structure-hacker.m03,運用再設計,structure-hacker.m03.s02,標準更新,q02,offensive_stable,B,確実に達成でき、次も同じように取り組める目標にする,1.45,type-question-frequency-v1,type,verified,分岐の判断原理・近接分岐との境界に対して対象側が矛盾しないことを確認,locked-not-implemented
7,structure-hacker,構造ハッカー,TSGE,structure-hacker.m03,運用再設計,structure-hacker.m03.s02,標準更新,q06,offensive_stable,A,急な変更にも対応できる余裕を残し、品質を安定させる,1.35,type-question-frequency-v1,type,verified,分岐の判断原理・近接分岐との境界に対して対象側が矛盾しないことを確認,locked-not-implemented
7,structure-hacker,構造ハッカー,TSGE,structure-hacker.m03,運用再設計,structure-hacker.m03.s02,標準更新,q09,thinking_action,A,全体の仕組みと基本の手順を理解してから使う,1.35,type-question-frequency-v1,type,verified,分岐の判断原理・近接分岐との境界に対して対象側が矛盾しないことを確認,locked-not-implemented
7,structure-hacker,構造ハッカー,TSGE,structure-hacker.m03,運用再設計,structure-hacker.m03.s02,標準更新,q14,offensive_stable,A,今の品質を守りながら、一部で新しい案を試す,1.3,type-question-frequency-v1,type,verified,分岐の判断原理・近接分岐との境界に対して対象側が矛盾しないことを確認,locked-not-implemented
7,structure-hacker,構造ハッカー,TSGE,structure-hacker.m03,運用再設計,structure-hacker.m03.s02,標準更新,q18,offensive_stable,B,無理なく続けられる手順と確認方法を整えてから導入する,1.15,type-question-frequency-v1,type,verified,分岐の判断原理・近接分岐との境界に対して対象側が矛盾しないことを確認,locked-not-implemented
7,structure-hacker,構造ハッカー,TSGE,structure-hacker.m03,運用再設計,structure-hacker.m03.s02,標準更新,q22,offensive_stable,A,使う範囲と確認するタイミングを決め、今の仕事に影響が出にくいところから移す,1.25,type-question-frequency-v1,type,verified,分岐の判断原理・近接分岐との境界に対して対象側が矛盾しないことを確認,locked-not-implemented
7,structure-hacker,構造ハッカー,TSGE,structure-hacker.m03,運用再設計,structure-hacker.m03.s02,標準更新,q26,offensive_stable,B,工夫は増やしすぎず、全体の品質と締切を確実に守る,1.45,type-question-frequency-v1,type,verified,分岐の判断原理・近接分岐との境界に対して対象側が矛盾しないことを確認,locked-not-implemented
7,structure-hacker,構造ハッカー,TSGE,structure-hacker.m03,運用再設計,structure-hacker.m03.s02,標準更新,q30,offensive_stable,A,すべてを一定以上の水準に保てるよう、バランスよく配分する,1.35,type-question-frequency-v1,type,verified,分岐の判断原理・近接分岐との境界に対して対象側が矛盾しないことを確認,locked-not-implemented
7,structure-hacker,構造ハッカー,TSGE,structure-hacker.m03,運用再設計,structure-hacker.m03.s02,標準更新,q33,thinking_action,A,先に構成と順番を決め、全体の流れを固める,1.25,type-question-frequency-v1,type,verified,分岐の判断原理・近接分岐との境界に対して対象側が矛盾しないことを確認,locked-not-implemented
7,structure-hacker,構造ハッカー,TSGE,structure-hacker.m03,運用再設計,structure-hacker.m03.s02,標準更新,q34,offensive_stable,B,成果を求めすぎて、守るべき品質や信頼を失うこと,1.4,type-question-frequency-v1,type,verified,分岐の判断原理・近接分岐との境界に対して対象側が矛盾しないことを確認,locked-not-implemented
7,structure-hacker,構造ハッカー,TSGE,structure-hacker.m03,運用再設計,structure-hacker.m03.s02,標準更新,q37,thinking_action,B,計画を立て直し、優先順位と再開する条件を決めてから動く,1.3,type-question-frequency-v1,type,verified,分岐の判断原理・近接分岐との境界に対して対象側が矛盾しないことを確認,locked-not-implemented
7,structure-hacker,構造ハッカー,TSGE,structure-hacker.m03,運用再設計,structure-hacker.m03.s02,標準更新,q38,offensive_stable,A,大きな混乱を起こさず、品質と信頼を守れた時,1.4,type-question-frequency-v1,type,verified,分岐の判断原理・近接分岐との境界に対して対象側が矛盾しないことを確認,locked-not-implemented
7,structure-hacker,構造ハッカー,TSGE,structure-hacker.m03,運用再設計,structure-hacker.m03.s02,標準更新,q39,solo_team,A,短い共有をこまめに行い、認識のずれや遅れをその都度そろえる,1.0,type-question-frequency-v1,type,verified,分岐の判断原理・近接分岐との境界に対して対象側が矛盾しないことを確認,locked-not-implemented
7,structure-hacker,構造ハッカー,TSGE,structure-hacker.m04,学習再設計,structure-hacker.m04.s01,知識再利用,q04,divergent_convergent,A,目的や前提から見直し、別の考え方も探す,1.3,type-question-frequency-v1,type,verified,分岐の判断原理・近接分岐との境界に対して対象側が矛盾しないことを確認,locked-not-implemented
7,structure-hacker,構造ハッカー,TSGE,structure-hacker.m04,学習再設計,structure-hacker.m04.s01,知識再利用,q09,thinking_action,A,全体の仕組みと基本の手順を理解してから使う,1.35,type-question-frequency-v1,type,verified,分岐の判断原理・近接分岐との境界に対して対象側が矛盾しないことを確認,locked-not-implemented
7,structure-hacker,構造ハッカー,TSGE,structure-hacker.m04,学習再設計,structure-hacker.m04.s01,知識再利用,q12,divergent_convergent,A,関係が薄そうな情報も集め、意外なつながりを探す,1.4,type-question-frequency-v1,type,verified,分岐の判断原理・近接分岐との境界に対して対象側が矛盾しないことを確認,locked-not-implemented
7,structure-hacker,構造ハッカー,TSGE,structure-hacker.m04,学習再設計,structure-hacker.m04.s01,知識再利用,q20,divergent_convergent,A,実現できるかはいったん置き、方向の違う案をたくさん出す,1.35,type-question-frequency-v1,type,verified,分岐の判断原理・近接分岐との境界に対して対象側が矛盾しないことを確認,locked-not-implemented
7,structure-hacker,構造ハッカー,TSGE,structure-hacker.m04,学習再設計,structure-hacker.m04.s01,知識再利用,q23,solo_team,A,役割を組み直し、他の人の得意なことを生かして進める,1.25,type-question-frequency-v1,type,verified,分岐の判断原理・近接分岐との境界に対して対象側が矛盾しないことを確認,locked-not-implemented
7,structure-hacker,構造ハッカー,TSGE,structure-hacker.m04,学習再設計,structure-hacker.m04.s01,知識再利用,q24,divergent_convergent,B,案を組み合わせ、さらに新しい可能性を増やす,1.3,type-question-frequency-v1,type,verified,分岐の判断原理・近接分岐との境界に対して対象側が矛盾しないことを確認,locked-not-implemented
7,structure-hacker,構造ハッカー,TSGE,structure-hacker.m04,学習再設計,structure-hacker.m04.s01,知識再利用,q28,divergent_convergent,A,複数の案を残し、比べるための材料を増やす,1.4,type-question-frequency-v1,type,verified,分岐の判断原理・近接分岐との境界に対して対象側が矛盾しないことを確認,locked-not-implemented
7,structure-hacker,構造ハッカー,TSGE,structure-hacker.m04,学習再設計,structure-hacker.m04.s01,知識再利用,q33,thinking_action,A,先に構成と順番を決め、全体の流れを固める,1.25,type-question-frequency-v1,type,verified,分岐の判断原理・近接分岐との境界に対して対象側が矛盾しないことを確認,locked-not-implemented
7,structure-hacker,構造ハッカー,TSGE,structure-hacker.m04,学習再設計,structure-hacker.m04.s01,知識再利用,q36,divergent_convergent,A,一つの用途だけにせず、別の使い方にも広げられる形にする,1.45,type-question-frequency-v1,type,verified,分岐の判断原理・近接分岐との境界に対して対象側が矛盾しないことを確認,locked-not-implemented
7,structure-hacker,構造ハッカー,TSGE,structure-hacker.m04,学習再設計,structure-hacker.m04.s01,知識再利用,q39,solo_team,A,短い共有をこまめに行い、認識のずれや遅れをその都度そろえる,1.0,type-question-frequency-v1,type,verified,分岐の判断原理・近接分岐との境界に対して対象側が矛盾しないことを確認,locked-not-implemented
7,structure-hacker,構造ハッカー,TSGE,structure-hacker.m04,学習再設計,structure-hacker.m04.s01,知識再利用,q40,divergent_convergent,B,早く絞りすぎて、もっと良い可能性を逃すこと,1.35,type-question-frequency-v1,type,verified,分岐の判断原理・近接分岐との境界に対して対象側が矛盾しないことを確認,locked-not-implemented
7,structure-hacker,構造ハッカー,TSGE,structure-hacker.m04,学習再設計,structure-hacker.m04.s02,改善循環,q01,thinking_action,A,目的や条件を整理し、進め方を考えてから動く,1.35,type-question-frequency-v1,type,verified,分岐の判断原理・近接分岐との境界に対して対象側が矛盾しないことを確認,locked-not-implemented
7,structure-hacker,構造ハッカー,TSGE,structure-hacker.m04,学習再設計,structure-hacker.m04.s02,改善循環,q07,solo_team,A,チーム全体の進め方を見直し、みんなで立て直す,1.25,type-question-frequency-v1,type,verified,分岐の判断原理・近接分岐との境界に対して対象側が矛盾しないことを確認,locked-not-implemented
7,structure-hacker,構造ハッカー,TSGE,structure-hacker.m04,学習再設計,structure-hacker.m04.s02,改善循環,q08,divergent_convergent,A,影響の大きい原因から順に、調べるものを絞る,1.4,type-question-frequency-v1,type,changed,改善循環では原因と改善のつながりが明確な一点を選ぶためAを採用,locked-not-implemented
7,structure-hacker,構造ハッカー,TSGE,structure-hacker.m04,学習再設計,structure-hacker.m04.s02,改善循環,q14,offensive_stable,A,今の品質を守りながら、一部で新しい案を試す,1.3,type-question-frequency-v1,type,verified,分岐の判断原理・近接分岐との境界に対して対象側が矛盾しないことを確認,locked-not-implemented
7,structure-hacker,構造ハッカー,TSGE,structure-hacker.m04,学習再設計,structure-hacker.m04.s02,改善循環,q15,solo_team,A,早めに情報を集め、それぞれの心配や譲れない条件を確認して、合意できる点を探す,1.2,type-question-frequency-v1,type,verified,分岐の判断原理・近接分岐との境界に対して対象側が矛盾しないことを確認,locked-not-implemented
7,structure-hacker,構造ハッカー,TSGE,structure-hacker.m04,学習再設計,structure-hacker.m04.s02,改善循環,q18,offensive_stable,B,無理なく続けられる手順と確認方法を整えてから導入する,1.15,type-question-frequency-v1,type,verified,分岐の判断原理・近接分岐との境界に対して対象側が矛盾しないことを確認,locked-not-implemented
7,structure-hacker,構造ハッカー,TSGE,structure-hacker.m04,学習再設計,structure-hacker.m04.s02,改善循環,q22,offensive_stable,A,使う範囲と確認するタイミングを決め、今の仕事に影響が出にくいところから移す,1.25,type-question-frequency-v1,type,verified,分岐の判断原理・近接分岐との境界に対して対象側が矛盾しないことを確認,locked-not-implemented
7,structure-hacker,構造ハッカー,TSGE,structure-hacker.m04,学習再設計,structure-hacker.m04.s02,改善循環,q25,thinking_action,A,原因を分けて考え、直す順番を決めてから対応する,1.4,type-question-frequency-v1,type,verified,分岐の判断原理・近接分岐との境界に対して対象側が矛盾しないことを確認,locked-not-implemented
7,structure-hacker,構造ハッカー,TSGE,structure-hacker.m04,学習再設計,structure-hacker.m04.s02,改善循環,q29,thinking_action,B,いったん止めて共通の原因を見つけてから、再開する,1.35,type-question-frequency-v1,type,verified,分岐の判断原理・近接分岐との境界に対して対象側が矛盾しないことを確認,locked-not-implemented
7,structure-hacker,構造ハッカー,TSGE,structure-hacker.m04,学習再設計,structure-hacker.m04.s02,改善循環,q32,divergent_convergent,A,いったん判断基準を決め、結論を出す段階へ進む,1.4,type-question-frequency-v1,type,changed,次回試す改善を一つ決め、実行へ移すためAを採用,locked-not-implemented
7,structure-hacker,構造ハッカー,TSGE,structure-hacker.m04,学習再設計,structure-hacker.m04.s02,改善循環,q37,thinking_action,B,計画を立て直し、優先順位と再開する条件を決めてから動く,1.3,type-question-frequency-v1,type,verified,分岐の判断原理・近接分岐との境界に対して対象側が矛盾しないことを確認,locked-not-implemented
7,structure-hacker,構造ハッカー,TSGE,structure-hacker.m04,学習再設計,structure-hacker.m04.s02,改善循環,q39,solo_team,A,短い共有をこまめに行い、認識のずれや遅れをその都度そろえる,1.0,type-question-frequency-v1,type,verified,分岐の判断原理・近接分岐との境界に対して対象側が矛盾しないことを確認,locked-not-implemented
7,structure-hacker,構造ハッカー,TSGE,structure-hacker.m04,学習再設計,structure-hacker.m04.s02,改善循環,q40,divergent_convergent,A,広げすぎて、結局何も形にならないこと,1.35,type-question-frequency-v1,type,changed,改善案を広げすぎず、一つを試して効果確認するためAを採用,locked-not-implemented
8,fortress-guardian,城塞の守護者,TSGF,fortress-guardian.m01,保全基準,fortress-guardian.m01.s01,品質下限,q01,thinking_action,A,目的や条件を整理し、進め方を考えてから動く,1.05,type-question-frequency-v1,type,verified,分岐の判断原理・近接分岐との境界に対して対象側が矛盾しないことを確認,locked-not-implemented
8,fortress-guardian,城塞の守護者,TSGF,fortress-guardian.m01,保全基準,fortress-guardian.m01.s01,品質下限,q02,offensive_stable,B,確実に達成でき、次も同じように取り組める目標にする,1.25,type-question-frequency-v1,type,verified,分岐の判断原理・近接分岐との境界に対して対象側が矛盾しないことを確認,locked-not-implemented
8,fortress-guardian,城塞の守護者,TSGF,fortress-guardian.m01,保全基準,fortress-guardian.m01.s01,品質下限,q05,thinking_action,B,短い時間でも目的や条件を確認し、進め方を決めてから始める,1.0,type-question-frequency-v1,type,verified,分岐の判断原理・近接分岐との境界に対して対象側が矛盾しないことを確認,locked-not-implemented
8,fortress-guardian,城塞の守護者,TSGF,fortress-guardian.m01,保全基準,fortress-guardian.m01.s01,品質下限,q06,offensive_stable,A,急な変更にも対応できる余裕を残し、品質を安定させる,1.1,type-question-frequency-v1,type,verified,分岐の判断原理・近接分岐との境界に対して対象側が矛盾しないことを確認,locked-not-implemented
8,fortress-guardian,城塞の守護者,TSGF,fortress-guardian.m01,保全基準,fortress-guardian.m01.s01,品質下限,q08,divergent_convergent,A,影響の大きい原因から順に、調べるものを絞る,1.25,type-question-frequency-v1,type,verified,分岐の判断原理・近接分岐との境界に対して対象側が矛盾しないことを確認,locked-not-implemented
8,fortress-guardian,城塞の守護者,TSGF,fortress-guardian.m01,保全基準,fortress-guardian.m01.s01,品質下限,q12,divergent_convergent,B,判断に必要な情報を決め、そこに絞って集める,1.35,type-question-frequency-v1,type,verified,分岐の判断原理・近接分岐との境界に対して対象側が矛盾しないことを確認,locked-not-implemented
8,fortress-guardian,城塞の守護者,TSGF,fortress-guardian.m01,保全基準,fortress-guardian.m01.s01,品質下限,q16,divergent_convergent,A,目的に直接関係する不足情報だけを追加で集める,1.25,type-question-frequency-v1,type,verified,分岐の判断原理・近接分岐との境界に対して対象側が矛盾しないことを確認,locked-not-implemented
8,fortress-guardian,城塞の守護者,TSGF,fortress-guardian.m01,保全基準,fortress-guardian.m01.s01,品質下限,q18,offensive_stable,B,無理なく続けられる手順と確認方法を整えてから導入する,1.0,type-question-frequency-v1,type,verified,分岐の判断原理・近接分岐との境界に対して対象側が矛盾しないことを確認,locked-not-implemented
8,fortress-guardian,城塞の守護者,TSGF,fortress-guardian.m01,保全基準,fortress-guardian.m01.s01,品質下限,q22,offensive_stable,A,使う範囲と確認するタイミングを決め、今の仕事に影響が出にくいところから移す,1.0,type-question-frequency-v1,type,verified,分岐の判断原理・近接分岐との境界に対して対象側が矛盾しないことを確認,locked-not-implemented
8,fortress-guardian,城塞の守護者,TSGF,fortress-guardian.m01,保全基準,fortress-guardian.m01.s01,品質下限,q24,divergent_convergent,A,判断の基準を決め、良さそうな案を少数に絞る,1.25,type-question-frequency-v1,type,verified,分岐の判断原理・近接分岐との境界に対して対象側が矛盾しないことを確認,locked-not-implemented
8,fortress-guardian,城塞の守護者,TSGF,fortress-guardian.m01,保全基準,fortress-guardian.m01.s01,品質下限,q26,offensive_stable,B,工夫は増やしすぎず、全体の品質と締切を確実に守る,1.3,type-question-frequency-v1,type,verified,分岐の判断原理・近接分岐との境界に対して対象側が矛盾しないことを確認,locked-not-implemented
8,fortress-guardian,城塞の守護者,TSGF,fortress-guardian.m01,保全基準,fortress-guardian.m01.s01,品質下限,q30,offensive_stable,A,すべてを一定以上の水準に保てるよう、バランスよく配分する,1.15,type-question-frequency-v1,type,verified,分岐の判断原理・近接分岐との境界に対して対象側が矛盾しないことを確認,locked-not-implemented
8,fortress-guardian,城塞の守護者,TSGF,fortress-guardian.m01,保全基準,fortress-guardian.m01.s01,品質下限,q32,divergent_convergent,A,いったん判断基準を決め、結論を出す段階へ進む,1.25,type-question-frequency-v1,type,verified,分岐の判断原理・近接分岐との境界に対して対象側が矛盾しないことを確認,locked-not-implemented
8,fortress-guardian,城塞の守護者,TSGF,fortress-guardian.m01,保全基準,fortress-guardian.m01.s01,品質下限,q34,offensive_stable,B,成果を求めすぎて、守るべき品質や信頼を失うこと,1.05,type-question-frequency-v1,type,verified,分岐の判断原理・近接分岐との境界に対して対象側が矛盾しないことを確認,locked-not-implemented
8,fortress-guardian,城塞の守護者,TSGF,fortress-guardian.m01,保全基準,fortress-guardian.m01.s01,品質下限,q38,offensive_stable,A,大きな混乱を起こさず、品質と信頼を守れた時,1.1,type-question-frequency-v1,type,verified,分岐の判断原理・近接分岐との境界に対して対象側が矛盾しないことを確認,locked-not-implemented
8,fortress-guardian,城塞の守護者,TSGF,fortress-guardian.m01,保全基準,fortress-guardian.m01.s01,品質下限,q40,divergent_convergent,A,広げすぎて、結局何も形にならないこと,1.3,type-question-frequency-v1,type,verified,分岐の判断原理・近接分岐との境界に対して対象側が矛盾しないことを確認,locked-not-implemented
8,fortress-guardian,城塞の守護者,TSGF,fortress-guardian.m01,保全基準,fortress-guardian.m01.s02,信用・法令境界,q01,thinking_action,A,目的や条件を整理し、進め方を考えてから動く,1.05,type-question-frequency-v1,type,verified,分岐の判断原理・近接分岐との境界に対して対象側が矛盾しないことを確認,locked-not-implemented
8,fortress-guardian,城塞の守護者,TSGF,fortress-guardian.m01,保全基準,fortress-guardian.m01.s02,信用・法令境界,q03,solo_team,A,自分の担当とゴールを明確にし、最後まで責任を持つ,1.15,type-question-frequency-v1,type,changed,信用・法令境界を守る担当と停止責任を明確にするためAを採用,locked-not-implemented
8,fortress-guardian,城塞の守護者,TSGF,fortress-guardian.m01,保全基準,fortress-guardian.m01.s02,信用・法令境界,q05,thinking_action,B,短い時間でも目的や条件を確認し、進め方を決めてから始める,1.0,type-question-frequency-v1,type,verified,分岐の判断原理・近接分岐との境界に対して対象側が矛盾しないことを確認,locked-not-implemented
8,fortress-guardian,城塞の守護者,TSGF,fortress-guardian.m01,保全基準,fortress-guardian.m01.s02,信用・法令境界,q06,offensive_stable,A,急な変更にも対応できる余裕を残し、品質を安定させる,1.1,type-question-frequency-v1,type,verified,分岐の判断原理・近接分岐との境界に対して対象側が矛盾しないことを確認,locked-not-implemented
8,fortress-guardian,城塞の守護者,TSGF,fortress-guardian.m01,保全基準,fortress-guardian.m01.s02,信用・法令境界,q10,offensive_stable,B,失敗しても影響が小さくなる準備をしてから広げる,1.15,type-question-frequency-v1,type,verified,分岐の判断原理・近接分岐との境界に対して対象側が矛盾しないことを確認,locked-not-implemented
8,fortress-guardian,城塞の守護者,TSGF,fortress-guardian.m01,保全基準,fortress-guardian.m01.s02,信用・法令境界,q11,solo_team,B,途中の案を見せ、相手の反応や追加情報をもらいながら固める,1.3,type-question-frequency-v1,type,verified,分岐の判断原理・近接分岐との境界に対して対象側が矛盾しないことを確認,locked-not-implemented
8,fortress-guardian,城塞の守護者,TSGF,fortress-guardian.m01,保全基準,fortress-guardian.m01.s02,信用・法令境界,q14,offensive_stable,A,今の品質を守りながら、一部で新しい案を試す,1.25,type-question-frequency-v1,type,verified,分岐の判断原理・近接分岐との境界に対して対象側が矛盾しないことを確認,locked-not-implemented
8,fortress-guardian,城塞の守護者,TSGF,fortress-guardian.m01,保全基準,fortress-guardian.m01.s02,信用・法令境界,q15,solo_team,A,早めに情報を集め、それぞれの心配や譲れない条件を確認して、合意できる点を探す,1.2,type-question-frequency-v1,type,verified,分岐の判断原理・近接分岐との境界に対して対象側が矛盾しないことを確認,locked-not-implemented
8,fortress-guardian,城塞の守護者,TSGF,fortress-guardian.m01,保全基準,fortress-guardian.m01.s02,信用・法令境界,q17,thinking_action,A,追加情報を集め、根拠を増やしてから決める,1.2,type-question-frequency-v1,type,verified,分岐の判断原理・近接分岐との境界に対して対象側が矛盾しないことを確認,locked-not-implemented
8,fortress-guardian,城塞の守護者,TSGF,fortress-guardian.m01,保全基準,fortress-guardian.m01.s02,信用・法令境界,q18,offensive_stable,B,無理なく続けられる手順と確認方法を整えてから導入する,1.0,type-question-frequency-v1,type,verified,分岐の判断原理・近接分岐との境界に対して対象側が矛盾しないことを確認,locked-not-implemented
8,fortress-guardian,城塞の守護者,TSGF,fortress-guardian.m01,保全基準,fortress-guardian.m01.s02,信用・法令境界,q21,thinking_action,B,残り時間で追加確認をし、より確かな判断をしてから決める,1.2,type-question-frequency-v1,type,verified,分岐の判断原理・近接分岐との境界に対して対象側が矛盾しないことを確認,locked-not-implemented
8,fortress-guardian,城塞の守護者,TSGF,fortress-guardian.m01,保全基準,fortress-guardian.m01.s02,信用・法令境界,q22,offensive_stable,A,使う範囲と確認するタイミングを決め、今の仕事に影響が出にくいところから移す,1.0,type-question-frequency-v1,type,verified,分岐の判断原理・近接分岐との境界に対して対象側が矛盾しないことを確認,locked-not-implemented
8,fortress-guardian,城塞の守護者,TSGF,fortress-guardian.m01,保全基準,fortress-guardian.m01.s02,信用・法令境界,q26,offensive_stable,B,工夫は増やしすぎず、全体の品質と締切を確実に守る,1.3,type-question-frequency-v1,type,verified,分岐の判断原理・近接分岐との境界に対して対象側が矛盾しないことを確認,locked-not-implemented
8,fortress-guardian,城塞の守護者,TSGF,fortress-guardian.m01,保全基準,fortress-guardian.m01.s02,信用・法令境界,q30,offensive_stable,A,すべてを一定以上の水準に保てるよう、バランスよく配分する,1.15,type-question-frequency-v1,type,verified,分岐の判断原理・近接分岐との境界に対して対象側が矛盾しないことを確認,locked-not-implemented
8,fortress-guardian,城塞の守護者,TSGF,fortress-guardian.m01,保全基準,fortress-guardian.m01.s02,信用・法令境界,q34,offensive_stable,B,成果を求めすぎて、守るべき品質や信頼を失うこと,1.05,type-question-frequency-v1,type,verified,分岐の判断原理・近接分岐との境界に対して対象側が矛盾しないことを確認,locked-not-implemented
8,fortress-guardian,城塞の守護者,TSGF,fortress-guardian.m01,保全基準,fortress-guardian.m01.s02,信用・法令境界,q35,solo_team,B,その場で話を続け、迷っている理由や決める条件を確かめる,1.35,type-question-frequency-v1,type,verified,分岐の判断原理・近接分岐との境界に対して対象側が矛盾しないことを確認,locked-not-implemented
8,fortress-guardian,城塞の守護者,TSGF,fortress-guardian.m01,保全基準,fortress-guardian.m01.s02,信用・法令境界,q38,offensive_stable,A,大きな混乱を起こさず、品質と信頼を守れた時,1.1,type-question-frequency-v1,type,verified,分岐の判断原理・近接分岐との境界に対して対象側が矛盾しないことを確認,locked-not-implemented
8,fortress-guardian,城塞の守護者,TSGF,fortress-guardian.m01,保全基準,fortress-guardian.m01.s02,信用・法令境界,q39,solo_team,A,短い共有をこまめに行い、認識のずれや遅れをその都度そろえる,1.2,type-question-frequency-v1,type,verified,分岐の判断原理・近接分岐との境界に対して対象側が矛盾しないことを確認,locked-not-implemented
8,fortress-guardian,城塞の守護者,TSGF,fortress-guardian.m01,保全基準,fortress-guardian.m01.s03,情報・権限境界,q01,thinking_action,A,目的や条件を整理し、進め方を考えてから動く,1.05,type-question-frequency-v1,type,verified,分岐の判断原理・近接分岐との境界に対して対象側が矛盾しないことを確認,locked-not-implemented
8,fortress-guardian,城塞の守護者,TSGF,fortress-guardian.m01,保全基準,fortress-guardian.m01.s03,情報・権限境界,q03,solo_team,A,自分の担当とゴールを明確にし、最後まで責任を持つ,1.15,type-question-frequency-v1,type,changed,情報・権限の所有者と操作責任を明確にするためAを採用,locked-not-implemented
8,fortress-guardian,城塞の守護者,TSGF,fortress-guardian.m01,保全基準,fortress-guardian.m01.s03,情報・権限境界,q05,thinking_action,B,短い時間でも目的や条件を確認し、進め方を決めてから始める,1.0,type-question-frequency-v1,type,verified,分岐の判断原理・近接分岐との境界に対して対象側が矛盾しないことを確認,locked-not-implemented
8,fortress-guardian,城塞の守護者,TSGF,fortress-guardian.m01,保全基準,fortress-guardian.m01.s03,情報・権限境界,q06,offensive_stable,A,急な変更にも対応できる余裕を残し、品質を安定させる,1.1,type-question-frequency-v1,type,verified,分岐の判断原理・近接分岐との境界に対して対象側が矛盾しないことを確認,locked-not-implemented
8,fortress-guardian,城塞の守護者,TSGF,fortress-guardian.m01,保全基準,fortress-guardian.m01.s03,情報・権限境界,q08,divergent_convergent,A,影響の大きい原因から順に、調べるものを絞る,1.25,type-question-frequency-v1,type,verified,分岐の判断原理・近接分岐との境界に対して対象側が矛盾しないことを確認,locked-not-implemented
8,fortress-guardian,城塞の守護者,TSGF,fortress-guardian.m01,保全基準,fortress-guardian.m01.s03,情報・権限境界,q09,thinking_action,A,全体の仕組みと基本の手順を理解してから使う,1.35,type-question-frequency-v1,type,verified,分岐の判断原理・近接分岐との境界に対して対象側が矛盾しないことを確認,locked-not-implemented
8,fortress-guardian,城塞の守護者,TSGF,fortress-guardian.m01,保全基準,fortress-guardian.m01.s03,情報・権限境界,q10,offensive_stable,B,失敗しても影響が小さくなる準備をしてから広げる,1.15,type-question-frequency-v1,type,verified,分岐の判断原理・近接分岐との境界に対して対象側が矛盾しないことを確認,locked-not-implemented
8,fortress-guardian,城塞の守護者,TSGF,fortress-guardian.m01,保全基準,fortress-guardian.m01.s03,情報・権限境界,q13,thinking_action,B,先に大事な点と注意点を確認し、流れを理解してからやってみる,1.35,type-question-frequency-v1,type,verified,分岐の判断原理・近接分岐との境界に対して対象側が矛盾しないことを確認,locked-not-implemented
8,fortress-guardian,城塞の守護者,TSGF,fortress-guardian.m01,保全基準,fortress-guardian.m01.s03,情報・権限境界,q15,solo_team,A,早めに情報を集め、それぞれの心配や譲れない条件を確認して、合意できる点を探す,1.2,type-question-frequency-v1,type,verified,分岐の判断原理・近接分岐との境界に対して対象側が矛盾しないことを確認,locked-not-implemented
8,fortress-guardian,城塞の守護者,TSGF,fortress-guardian.m01,保全基準,fortress-guardian.m01.s03,情報・権限境界,q16,divergent_convergent,A,目的に直接関係する不足情報だけを追加で集める,1.25,type-question-frequency-v1,type,verified,分岐の判断原理・近接分岐との境界に対して対象側が矛盾しないことを確認,locked-not-implemented
8,fortress-guardian,城塞の守護者,TSGF,fortress-guardian.m01,保全基準,fortress-guardian.m01.s03,情報・権限境界,q17,thinking_action,A,追加情報を集め、根拠を増やしてから決める,1.2,type-question-frequency-v1,type,verified,分岐の判断原理・近接分岐との境界に対して対象側が矛盾しないことを確認,locked-not-implemented
8,fortress-guardian,城塞の守護者,TSGF,fortress-guardian.m01,保全基準,fortress-guardian.m01.s03,情報・権限境界,q18,offensive_stable,B,無理なく続けられる手順と確認方法を整えてから導入する,1.0,type-question-frequency-v1,type,verified,分岐の判断原理・近接分岐との境界に対して対象側が矛盾しないことを確認,locked-not-implemented
8,fortress-guardian,城塞の守護者,TSGF,fortress-guardian.m01,保全基準,fortress-guardian.m01.s03,情報・権限境界,q22,offensive_stable,A,使う範囲と確認するタイミングを決め、今の仕事に影響が出にくいところから移す,1.0,type-question-frequency-v1,type,verified,分岐の判断原理・近接分岐との境界に対して対象側が矛盾しないことを確認,locked-not-implemented
8,fortress-guardian,城塞の守護者,TSGF,fortress-guardian.m01,保全基準,fortress-guardian.m01.s03,情報・権限境界,q25,thinking_action,A,原因を分けて考え、直す順番を決めてから対応する,1.2,type-question-frequency-v1,type,verified,分岐の判断原理・近接分岐との境界に対して対象側が矛盾しないことを確認,locked-not-implemented
8,fortress-guardian,城塞の守護者,TSGF,fortress-guardian.m01,保全基準,fortress-guardian.m01.s03,情報・権限境界,q29,thinking_action,B,いったん止めて共通の原因を見つけてから、再開する,1.2,type-question-frequency-v1,type,verified,分岐の判断原理・近接分岐との境界に対して対象側が矛盾しないことを確認,locked-not-implemented
8,fortress-guardian,城塞の守護者,TSGF,fortress-guardian.m01,保全基準,fortress-guardian.m01.s03,情報・権限境界,q33,thinking_action,A,先に構成と順番を決め、全体の流れを固める,1.4,type-question-frequency-v1,type,verified,分岐の判断原理・近接分岐との境界に対して対象側が矛盾しないことを確認,locked-not-implemented
8,fortress-guardian,城塞の守護者,TSGF,fortress-guardian.m01,保全基準,fortress-guardian.m01.s03,情報・権限境界,q34,offensive_stable,B,成果を求めすぎて、守るべき品質や信頼を失うこと,1.05,type-question-frequency-v1,type,verified,分岐の判断原理・近接分岐との境界に対して対象側が矛盾しないことを確認,locked-not-implemented
8,fortress-guardian,城塞の守護者,TSGF,fortress-guardian.m01,保全基準,fortress-guardian.m01.s03,情報・権限境界,q37,thinking_action,B,計画を立て直し、優先順位と再開する条件を決めてから動く,1.2,type-question-frequency-v1,type,verified,分岐の判断原理・近接分岐との境界に対して対象側が矛盾しないことを確認,locked-not-implemented
8,fortress-guardian,城塞の守護者,TSGF,fortress-guardian.m01,保全基準,fortress-guardian.m01.s03,情報・権限境界,q39,solo_team,B,担当と確認するタイミングを決め、そこまでは各自に任せる,1.2,type-question-frequency-v1,type,changed,権限範囲と確認時期を定め、各自へ許可された判断を任せるためBを採用,locked-not-implemented
8,fortress-guardian,城塞の守護者,TSGF,fortress-guardian.m02,早期把握,fortress-guardian.m02.s01,兆候監視,q01,thinking_action,A,目的や条件を整理し、進め方を考えてから動く,1.05,type-question-frequency-v1,type,verified,分岐の判断原理・近接分岐との境界に対して対象側が矛盾しないことを確認,locked-not-implemented
8,fortress-guardian,城塞の守護者,TSGF,fortress-guardian.m02,早期把握,fortress-guardian.m02.s01,兆候監視,q02,offensive_stable,B,確実に達成でき、次も同じように取り組める目標にする,1.25,type-question-frequency-v1,type,verified,分岐の判断原理・近接分岐との境界に対して対象側が矛盾しないことを確認,locked-not-implemented
8,fortress-guardian,城塞の守護者,TSGF,fortress-guardian.m02,早期把握,fortress-guardian.m02.s01,兆候監視,q05,thinking_action,B,短い時間でも目的や条件を確認し、進め方を決めてから始める,1.0,type-question-frequency-v1,type,verified,分岐の判断原理・近接分岐との境界に対して対象側が矛盾しないことを確認,locked-not-implemented
8,fortress-guardian,城塞の守護者,TSGF,fortress-guardian.m02,早期把握,fortress-guardian.m02.s01,兆候監視,q06,offensive_stable,A,急な変更にも対応できる余裕を残し、品質を安定させる,1.1,type-question-frequency-v1,type,verified,分岐の判断原理・近接分岐との境界に対して対象側が矛盾しないことを確認,locked-not-implemented
8,fortress-guardian,城塞の守護者,TSGF,fortress-guardian.m02,早期把握,fortress-guardian.m02.s01,兆候監視,q08,divergent_convergent,A,影響の大きい原因から順に、調べるものを絞る,1.25,type-question-frequency-v1,type,verified,分岐の判断原理・近接分岐との境界に対して対象側が矛盾しないことを確認,locked-not-implemented
8,fortress-guardian,城塞の守護者,TSGF,fortress-guardian.m02,早期把握,fortress-guardian.m02.s01,兆候監視,q12,divergent_convergent,B,判断に必要な情報を決め、そこに絞って集める,1.35,type-question-frequency-v1,type,verified,分岐の判断原理・近接分岐との境界に対して対象側が矛盾しないことを確認,locked-not-implemented
8,fortress-guardian,城塞の守護者,TSGF,fortress-guardian.m02,早期把握,fortress-guardian.m02.s01,兆候監視,q16,divergent_convergent,A,目的に直接関係する不足情報だけを追加で集める,1.25,type-question-frequency-v1,type,verified,分岐の判断原理・近接分岐との境界に対して対象側が矛盾しないことを確認,locked-not-implemented
8,fortress-guardian,城塞の守護者,TSGF,fortress-guardian.m02,早期把握,fortress-guardian.m02.s01,兆候監視,q17,thinking_action,A,追加情報を集め、根拠を増やしてから決める,1.2,type-question-frequency-v1,type,verified,分岐の判断原理・近接分岐との境界に対して対象側が矛盾しないことを確認,locked-not-implemented
8,fortress-guardian,城塞の守護者,TSGF,fortress-guardian.m02,早期把握,fortress-guardian.m02.s01,兆候監視,q18,offensive_stable,B,無理なく続けられる手順と確認方法を整えてから導入する,1.0,type-question-frequency-v1,type,verified,分岐の判断原理・近接分岐との境界に対して対象側が矛盾しないことを確認,locked-not-implemented
8,fortress-guardian,城塞の守護者,TSGF,fortress-guardian.m02,早期把握,fortress-guardian.m02.s01,兆候監視,q21,thinking_action,B,残り時間で追加確認をし、より確かな判断をしてから決める,1.2,type-question-frequency-v1,type,verified,分岐の判断原理・近接分岐との境界に対して対象側が矛盾しないことを確認,locked-not-implemented
8,fortress-guardian,城塞の守護者,TSGF,fortress-guardian.m02,早期把握,fortress-guardian.m02.s01,兆候監視,q22,offensive_stable,A,使う範囲と確認するタイミングを決め、今の仕事に影響が出にくいところから移す,1.0,type-question-frequency-v1,type,verified,分岐の判断原理・近接分岐との境界に対して対象側が矛盾しないことを確認,locked-not-implemented
8,fortress-guardian,城塞の守護者,TSGF,fortress-guardian.m02,早期把握,fortress-guardian.m02.s01,兆候監視,q24,divergent_convergent,A,判断の基準を決め、良さそうな案を少数に絞る,1.25,type-question-frequency-v1,type,verified,分岐の判断原理・近接分岐との境界に対して対象側が矛盾しないことを確認,locked-not-implemented
8,fortress-guardian,城塞の守護者,TSGF,fortress-guardian.m02,早期把握,fortress-guardian.m02.s01,兆候監視,q25,thinking_action,A,原因を分けて考え、直す順番を決めてから対応する,1.2,type-question-frequency-v1,type,verified,分岐の判断原理・近接分岐との境界に対して対象側が矛盾しないことを確認,locked-not-implemented
8,fortress-guardian,城塞の守護者,TSGF,fortress-guardian.m02,早期把握,fortress-guardian.m02.s01,兆候監視,q29,thinking_action,B,いったん止めて共通の原因を見つけてから、再開する,1.2,type-question-frequency-v1,type,verified,分岐の判断原理・近接分岐との境界に対して対象側が矛盾しないことを確認,locked-not-implemented
8,fortress-guardian,城塞の守護者,TSGF,fortress-guardian.m02,早期把握,fortress-guardian.m02.s01,兆候監視,q30,offensive_stable,A,すべてを一定以上の水準に保てるよう、バランスよく配分する,1.15,type-question-frequency-v1,type,verified,分岐の判断原理・近接分岐との境界に対して対象側が矛盾しないことを確認,locked-not-implemented
8,fortress-guardian,城塞の守護者,TSGF,fortress-guardian.m02,早期把握,fortress-guardian.m02.s01,兆候監視,q32,divergent_convergent,A,いったん判断基準を決め、結論を出す段階へ進む,1.25,type-question-frequency-v1,type,verified,分岐の判断原理・近接分岐との境界に対して対象側が矛盾しないことを確認,locked-not-implemented
8,fortress-guardian,城塞の守護者,TSGF,fortress-guardian.m02,早期把握,fortress-guardian.m02.s01,兆候監視,q34,offensive_stable,B,成果を求めすぎて、守るべき品質や信頼を失うこと,1.05,type-question-frequency-v1,type,verified,分岐の判断原理・近接分岐との境界に対して対象側が矛盾しないことを確認,locked-not-implemented
8,fortress-guardian,城塞の守護者,TSGF,fortress-guardian.m02,早期把握,fortress-guardian.m02.s01,兆候監視,q37,thinking_action,B,計画を立て直し、優先順位と再開する条件を決めてから動く,1.2,type-question-frequency-v1,type,verified,分岐の判断原理・近接分岐との境界に対して対象側が矛盾しないことを確認,locked-not-implemented
8,fortress-guardian,城塞の守護者,TSGF,fortress-guardian.m02,早期把握,fortress-guardian.m02.s01,兆候監視,q38,offensive_stable,A,大きな混乱を起こさず、品質と信頼を守れた時,1.1,type-question-frequency-v1,type,verified,分岐の判断原理・近接分岐との境界に対して対象側が矛盾しないことを確認,locked-not-implemented
8,fortress-guardian,城塞の守護者,TSGF,fortress-guardian.m02,早期把握,fortress-guardian.m02.s01,兆候監視,q40,divergent_convergent,A,広げすぎて、結局何も形にならないこと,1.3,type-question-frequency-v1,type,verified,分岐の判断原理・近接分岐との境界に対して対象側が矛盾しないことを確認,locked-not-implemented
8,fortress-guardian,城塞の守護者,TSGF,fortress-guardian.m02,早期把握,fortress-guardian.m02.s02,例外報告,q03,solo_team,B,担当を細かく区切らず、抜けがあれば互いに補う,1.15,type-question-frequency-v1,type,verified,分岐の判断原理・近接分岐との境界に対して対象側が矛盾しないことを確認,locked-not-implemented
8,fortress-guardian,城塞の守護者,TSGF,fortress-guardian.m02,早期把握,fortress-guardian.m02.s02,例外報告,q05,thinking_action,B,短い時間でも目的や条件を確認し、進め方を決めてから始める,1.0,type-question-frequency-v1,type,verified,分岐の判断原理・近接分岐との境界に対して対象側が矛盾しないことを確認,locked-not-implemented
8,fortress-guardian,城塞の守護者,TSGF,fortress-guardian.m02,早期把握,fortress-guardian.m02.s02,例外報告,q07,solo_team,A,チーム全体の進め方を見直し、みんなで立て直す,1.3,type-question-frequency-v1,type,verified,分岐の判断原理・近接分岐との境界に対して対象側が矛盾しないことを確認,locked-not-implemented
8,fortress-guardian,城塞の守護者,TSGF,fortress-guardian.m02,早期把握,fortress-guardian.m02.s02,例外報告,q10,offensive_stable,B,失敗しても影響が小さくなる準備をしてから広げる,1.15,type-question-frequency-v1,type,verified,分岐の判断原理・近接分岐との境界に対して対象側が矛盾しないことを確認,locked-not-implemented
8,fortress-guardian,城塞の守護者,TSGF,fortress-guardian.m02,早期把握,fortress-guardian.m02.s02,例外報告,q11,solo_team,B,途中の案を見せ、相手の反応や追加情報をもらいながら固める,1.3,type-question-frequency-v1,type,verified,分岐の判断原理・近接分岐との境界に対して対象側が矛盾しないことを確認,locked-not-implemented
8,fortress-guardian,城塞の守護者,TSGF,fortress-guardian.m02,早期把握,fortress-guardian.m02.s02,例外報告,q14,offensive_stable,A,今の品質を守りながら、一部で新しい案を試す,1.25,type-question-frequency-v1,type,verified,分岐の判断原理・近接分岐との境界に対して対象側が矛盾しないことを確認,locked-not-implemented
8,fortress-guardian,城塞の守護者,TSGF,fortress-guardian.m02,早期把握,fortress-guardian.m02.s02,例外報告,q15,solo_team,A,早めに情報を集め、それぞれの心配や譲れない条件を確認して、合意できる点を探す,1.2,type-question-frequency-v1,type,verified,分岐の判断原理・近接分岐との境界に対して対象側が矛盾しないことを確認,locked-not-implemented
8,fortress-guardian,城塞の守護者,TSGF,fortress-guardian.m02,早期把握,fortress-guardian.m02.s02,例外報告,q18,offensive_stable,B,無理なく続けられる手順と確認方法を整えてから導入する,1.0,type-question-frequency-v1,type,verified,分岐の判断原理・近接分岐との境界に対して対象側が矛盾しないことを確認,locked-not-implemented
8,fortress-guardian,城塞の守護者,TSGF,fortress-guardian.m02,早期把握,fortress-guardian.m02.s02,例外報告,q19,solo_team,B,早めに詳しい人へ相談し、知識を持ち寄って解決する,1.35,type-question-frequency-v1,type,verified,分岐の判断原理・近接分岐との境界に対して対象側が矛盾しないことを確認,locked-not-implemented
8,fortress-guardian,城塞の守護者,TSGF,fortress-guardian.m02,早期把握,fortress-guardian.m02.s02,例外報告,q22,offensive_stable,A,使う範囲と確認するタイミングを決め、今の仕事に影響が出にくいところから移す,1.0,type-question-frequency-v1,type,verified,分岐の判断原理・近接分岐との境界に対して対象側が矛盾しないことを確認,locked-not-implemented
8,fortress-guardian,城塞の守護者,TSGF,fortress-guardian.m02,早期把握,fortress-guardian.m02.s02,例外報告,q23,solo_team,A,役割を組み直し、他の人の得意なことを生かして進める,1.3,type-question-frequency-v1,type,verified,分岐の判断原理・近接分岐との境界に対して対象側が矛盾しないことを確認,locked-not-implemented
8,fortress-guardian,城塞の守護者,TSGF,fortress-guardian.m02,早期把握,fortress-guardian.m02.s02,例外報告,q25,thinking_action,A,原因を分けて考え、直す順番を決めてから対応する,1.2,type-question-frequency-v1,type,verified,分岐の判断原理・近接分岐との境界に対して対象側が矛盾しないことを確認,locked-not-implemented
8,fortress-guardian,城塞の守護者,TSGF,fortress-guardian.m02,早期把握,fortress-guardian.m02.s02,例外報告,q27,solo_team,B,みんなの強みがうまく合わさり、一人では出せない成果になった時,1.4,type-question-frequency-v1,type,verified,分岐の判断原理・近接分岐との境界に対して対象側が矛盾しないことを確認,locked-not-implemented
8,fortress-guardian,城塞の守護者,TSGF,fortress-guardian.m02,早期把握,fortress-guardian.m02.s02,例外報告,q29,thinking_action,B,いったん止めて共通の原因を見つけてから、再開する,1.2,type-question-frequency-v1,type,verified,分岐の判断原理・近接分岐との境界に対して対象側が矛盾しないことを確認,locked-not-implemented
8,fortress-guardian,城塞の守護者,TSGF,fortress-guardian.m02,早期把握,fortress-guardian.m02.s02,例外報告,q31,solo_team,A,チーム全体の成果に貢献したことを評価される,1.4,type-question-frequency-v1,type,verified,分岐の判断原理・近接分岐との境界に対して対象側が矛盾しないことを確認,locked-not-implemented
8,fortress-guardian,城塞の守護者,TSGF,fortress-guardian.m02,早期把握,fortress-guardian.m02.s02,例外報告,q34,offensive_stable,B,成果を求めすぎて、守るべき品質や信頼を失うこと,1.05,type-question-frequency-v1,type,verified,分岐の判断原理・近接分岐との境界に対して対象側が矛盾しないことを確認,locked-not-implemented
8,fortress-guardian,城塞の守護者,TSGF,fortress-guardian.m02,早期把握,fortress-guardian.m02.s02,例外報告,q35,solo_team,B,その場で話を続け、迷っている理由や決める条件を確かめる,1.35,type-question-frequency-v1,type,verified,分岐の判断原理・近接分岐との境界に対して対象側が矛盾しないことを確認,locked-not-implemented
8,fortress-guardian,城塞の守護者,TSGF,fortress-guardian.m02,早期把握,fortress-guardian.m02.s02,例外報告,q38,offensive_stable,A,大きな混乱を起こさず、品質と信頼を守れた時,1.1,type-question-frequency-v1,type,verified,分岐の判断原理・近接分岐との境界に対して対象側が矛盾しないことを確認,locked-not-implemented
8,fortress-guardian,城塞の守護者,TSGF,fortress-guardian.m02,早期把握,fortress-guardian.m02.s02,例外報告,q39,solo_team,A,短い共有をこまめに行い、認識のずれや遅れをその都度そろえる,1.2,type-question-frequency-v1,type,verified,分岐の判断原理・近接分岐との境界に対して対象側が矛盾しないことを確認,locked-not-implemented
8,fortress-guardian,城塞の守護者,TSGF,fortress-guardian.m03,継続設計,fortress-guardian.m03.s01,代替経路,q01,thinking_action,A,目的や条件を整理し、進め方を考えてから動く,1.05,type-question-frequency-v1,type,verified,分岐の判断原理・近接分岐との境界に対して対象側が矛盾しないことを確認,locked-not-implemented
8,fortress-guardian,城塞の守護者,TSGF,fortress-guardian.m03,継続設計,fortress-guardian.m03.s01,代替経路,q02,offensive_stable,B,確実に達成でき、次も同じように取り組める目標にする,1.25,type-question-frequency-v1,type,verified,分岐の判断原理・近接分岐との境界に対して対象側が矛盾しないことを確認,locked-not-implemented
8,fortress-guardian,城塞の守護者,TSGF,fortress-guardian.m03,継続設計,fortress-guardian.m03.s01,代替経路,q03,solo_team,B,担当を細かく区切らず、抜けがあれば互いに補う,1.15,type-question-frequency-v1,type,verified,分岐の判断原理・近接分岐との境界に対して対象側が矛盾しないことを確認,locked-not-implemented
8,fortress-guardian,城塞の守護者,TSGF,fortress-guardian.m03,継続設計,fortress-guardian.m03.s01,代替経路,q05,thinking_action,B,短い時間でも目的や条件を確認し、進め方を決めてから始める,1.0,type-question-frequency-v1,type,verified,分岐の判断原理・近接分岐との境界に対して対象側が矛盾しないことを確認,locked-not-implemented
8,fortress-guardian,城塞の守護者,TSGF,fortress-guardian.m03,継続設計,fortress-guardian.m03.s01,代替経路,q06,offensive_stable,A,急な変更にも対応できる余裕を残し、品質を安定させる,1.1,type-question-frequency-v1,type,verified,分岐の判断原理・近接分岐との境界に対して対象側が矛盾しないことを確認,locked-not-implemented
8,fortress-guardian,城塞の守護者,TSGF,fortress-guardian.m03,継続設計,fortress-guardian.m03.s01,代替経路,q07,solo_team,A,チーム全体の進め方を見直し、みんなで立て直す,1.3,type-question-frequency-v1,type,verified,分岐の判断原理・近接分岐との境界に対して対象側が矛盾しないことを確認,locked-not-implemented
8,fortress-guardian,城塞の守護者,TSGF,fortress-guardian.m03,継続設計,fortress-guardian.m03.s01,代替経路,q09,thinking_action,A,全体の仕組みと基本の手順を理解してから使う,1.35,type-question-frequency-v1,type,verified,分岐の判断原理・近接分岐との境界に対して対象側が矛盾しないことを確認,locked-not-implemented
8,fortress-guardian,城塞の守護者,TSGF,fortress-guardian.m03,継続設計,fortress-guardian.m03.s01,代替経路,q10,offensive_stable,B,失敗しても影響が小さくなる準備をしてから広げる,1.15,type-question-frequency-v1,type,verified,分岐の判断原理・近接分岐との境界に対して対象側が矛盾しないことを確認,locked-not-implemented
8,fortress-guardian,城塞の守護者,TSGF,fortress-guardian.m03,継続設計,fortress-guardian.m03.s01,代替経路,q13,thinking_action,B,先に大事な点と注意点を確認し、流れを理解してからやってみる,1.35,type-question-frequency-v1,type,verified,分岐の判断原理・近接分岐との境界に対して対象側が矛盾しないことを確認,locked-not-implemented
8,fortress-guardian,城塞の守護者,TSGF,fortress-guardian.m03,継続設計,fortress-guardian.m03.s01,代替経路,q14,offensive_stable,A,今の品質を守りながら、一部で新しい案を試す,1.25,type-question-frequency-v1,type,verified,分岐の判断原理・近接分岐との境界に対して対象側が矛盾しないことを確認,locked-not-implemented
8,fortress-guardian,城塞の守護者,TSGF,fortress-guardian.m03,継続設計,fortress-guardian.m03.s01,代替経路,q18,offensive_stable,B,無理なく続けられる手順と確認方法を整えてから導入する,1.0,type-question-frequency-v1,type,verified,分岐の判断原理・近接分岐との境界に対して対象側が矛盾しないことを確認,locked-not-implemented
8,fortress-guardian,城塞の守護者,TSGF,fortress-guardian.m03,継続設計,fortress-guardian.m03.s01,代替経路,q19,solo_team,B,早めに詳しい人へ相談し、知識を持ち寄って解決する,1.35,type-question-frequency-v1,type,verified,分岐の判断原理・近接分岐との境界に対して対象側が矛盾しないことを確認,locked-not-implemented
8,fortress-guardian,城塞の守護者,TSGF,fortress-guardian.m03,継続設計,fortress-guardian.m03.s01,代替経路,q22,offensive_stable,A,使う範囲と確認するタイミングを決め、今の仕事に影響が出にくいところから移す,1.0,type-question-frequency-v1,type,verified,分岐の判断原理・近接分岐との境界に対して対象側が矛盾しないことを確認,locked-not-implemented
8,fortress-guardian,城塞の守護者,TSGF,fortress-guardian.m03,継続設計,fortress-guardian.m03.s01,代替経路,q23,solo_team,A,役割を組み直し、他の人の得意なことを生かして進める,1.3,type-question-frequency-v1,type,verified,分岐の判断原理・近接分岐との境界に対して対象側が矛盾しないことを確認,locked-not-implemented
8,fortress-guardian,城塞の守護者,TSGF,fortress-guardian.m03,継続設計,fortress-guardian.m03.s01,代替経路,q25,thinking_action,A,原因を分けて考え、直す順番を決めてから対応する,1.2,type-question-frequency-v1,type,verified,分岐の判断原理・近接分岐との境界に対して対象側が矛盾しないことを確認,locked-not-implemented
8,fortress-guardian,城塞の守護者,TSGF,fortress-guardian.m03,継続設計,fortress-guardian.m03.s01,代替経路,q29,thinking_action,B,いったん止めて共通の原因を見つけてから、再開する,1.2,type-question-frequency-v1,type,verified,分岐の判断原理・近接分岐との境界に対して対象側が矛盾しないことを確認,locked-not-implemented
8,fortress-guardian,城塞の守護者,TSGF,fortress-guardian.m03,継続設計,fortress-guardian.m03.s01,代替経路,q30,offensive_stable,A,すべてを一定以上の水準に保てるよう、バランスよく配分する,1.15,type-question-frequency-v1,type,verified,分岐の判断原理・近接分岐との境界に対して対象側が矛盾しないことを確認,locked-not-implemented
8,fortress-guardian,城塞の守護者,TSGF,fortress-guardian.m03,継続設計,fortress-guardian.m03.s01,代替経路,q34,offensive_stable,B,成果を求めすぎて、守るべき品質や信頼を失うこと,1.05,type-question-frequency-v1,type,verified,分岐の判断原理・近接分岐との境界に対して対象側が矛盾しないことを確認,locked-not-implemented
8,fortress-guardian,城塞の守護者,TSGF,fortress-guardian.m03,継続設計,fortress-guardian.m03.s01,代替経路,q37,thinking_action,B,計画を立て直し、優先順位と再開する条件を決めてから動く,1.2,type-question-frequency-v1,type,verified,分岐の判断原理・近接分岐との境界に対して対象側が矛盾しないことを確認,locked-not-implemented
8,fortress-guardian,城塞の守護者,TSGF,fortress-guardian.m03,継続設計,fortress-guardian.m03.s01,代替経路,q38,offensive_stable,A,大きな混乱を起こさず、品質と信頼を守れた時,1.1,type-question-frequency-v1,type,verified,分岐の判断原理・近接分岐との境界に対して対象側が矛盾しないことを確認,locked-not-implemented
8,fortress-guardian,城塞の守護者,TSGF,fortress-guardian.m03,継続設計,fortress-guardian.m03.s01,代替経路,q39,solo_team,A,短い共有をこまめに行い、認識のずれや遅れをその都度そろえる,1.2,type-question-frequency-v1,type,verified,分岐の判断原理・近接分岐との境界に対して対象側が矛盾しないことを確認,locked-not-implemented
8,fortress-guardian,城塞の守護者,TSGF,fortress-guardian.m03,継続設計,fortress-guardian.m03.s02,判断継承,q01,thinking_action,A,目的や条件を整理し、進め方を考えてから動く,1.05,type-question-frequency-v1,type,verified,分岐の判断原理・近接分岐との境界に対して対象側が矛盾しないことを確認,locked-not-implemented
8,fortress-guardian,城塞の守護者,TSGF,fortress-guardian.m03,継続設計,fortress-guardian.m03.s02,判断継承,q03,solo_team,A,自分の担当とゴールを明確にし、最後まで責任を持つ,1.15,type-question-frequency-v1,type,changed,代替判断者の担当範囲と責任を明確にするためAを採用,locked-not-implemented
8,fortress-guardian,城塞の守護者,TSGF,fortress-guardian.m03,継続設計,fortress-guardian.m03.s02,判断継承,q05,thinking_action,B,短い時間でも目的や条件を確認し、進め方を決めてから始める,1.0,type-question-frequency-v1,type,verified,分岐の判断原理・近接分岐との境界に対して対象側が矛盾しないことを確認,locked-not-implemented
8,fortress-guardian,城塞の守護者,TSGF,fortress-guardian.m03,継続設計,fortress-guardian.m03.s02,判断継承,q07,solo_team,A,チーム全体の進め方を見直し、みんなで立て直す,1.3,type-question-frequency-v1,type,verified,分岐の判断原理・近接分岐との境界に対して対象側が矛盾しないことを確認,locked-not-implemented
8,fortress-guardian,城塞の守護者,TSGF,fortress-guardian.m03,継続設計,fortress-guardian.m03.s02,判断継承,q09,thinking_action,A,全体の仕組みと基本の手順を理解してから使う,1.35,type-question-frequency-v1,type,verified,分岐の判断原理・近接分岐との境界に対して対象側が矛盾しないことを確認,locked-not-implemented
8,fortress-guardian,城塞の守護者,TSGF,fortress-guardian.m03,継続設計,fortress-guardian.m03.s02,判断継承,q11,solo_team,A,相手が重視することと未決定の点を整理し、選びやすい形で示す,1.3,type-question-frequency-v1,type,changed,判断継承に必要な重視点・未決事項・選択肢を整理して渡すためAを採用,locked-not-implemented
8,fortress-guardian,城塞の守護者,TSGF,fortress-guardian.m03,継続設計,fortress-guardian.m03.s02,判断継承,q13,thinking_action,B,先に大事な点と注意点を確認し、流れを理解してからやってみる,1.35,type-question-frequency-v1,type,verified,分岐の判断原理・近接分岐との境界に対して対象側が矛盾しないことを確認,locked-not-implemented
8,fortress-guardian,城塞の守護者,TSGF,fortress-guardian.m03,継続設計,fortress-guardian.m03.s02,判断継承,q15,solo_team,A,早めに情報を集め、それぞれの心配や譲れない条件を確認して、合意できる点を探す,1.2,type-question-frequency-v1,type,verified,分岐の判断原理・近接分岐との境界に対して対象側が矛盾しないことを確認,locked-not-implemented
8,fortress-guardian,城塞の守護者,TSGF,fortress-guardian.m03,継続設計,fortress-guardian.m03.s02,判断継承,q17,thinking_action,A,追加情報を集め、根拠を増やしてから決める,1.2,type-question-frequency-v1,type,verified,分岐の判断原理・近接分岐との境界に対して対象側が矛盾しないことを確認,locked-not-implemented
8,fortress-guardian,城塞の守護者,TSGF,fortress-guardian.m03,継続設計,fortress-guardian.m03.s02,判断継承,q18,offensive_stable,B,無理なく続けられる手順と確認方法を整えてから導入する,1.0,type-question-frequency-v1,type,verified,分岐の判断原理・近接分岐との境界に対して対象側が矛盾しないことを確認,locked-not-implemented
8,fortress-guardian,城塞の守護者,TSGF,fortress-guardian.m03,継続設計,fortress-guardian.m03.s02,判断継承,q19,solo_team,B,早めに詳しい人へ相談し、知識を持ち寄って解決する,1.35,type-question-frequency-v1,type,verified,分岐の判断原理・近接分岐との境界に対して対象側が矛盾しないことを確認,locked-not-implemented
8,fortress-guardian,城塞の守護者,TSGF,fortress-guardian.m03,継続設計,fortress-guardian.m03.s02,判断継承,q21,thinking_action,B,残り時間で追加確認をし、より確かな判断をしてから決める,1.2,type-question-frequency-v1,type,verified,分岐の判断原理・近接分岐との境界に対して対象側が矛盾しないことを確認,locked-not-implemented
8,fortress-guardian,城塞の守護者,TSGF,fortress-guardian.m03,継続設計,fortress-guardian.m03.s02,判断継承,q22,offensive_stable,A,使う範囲と確認するタイミングを決め、今の仕事に影響が出にくいところから移す,1.0,type-question-frequency-v1,type,verified,分岐の判断原理・近接分岐との境界に対して対象側が矛盾しないことを確認,locked-not-implemented
8,fortress-guardian,城塞の守護者,TSGF,fortress-guardian.m03,継続設計,fortress-guardian.m03.s02,判断継承,q23,solo_team,A,役割を組み直し、他の人の得意なことを生かして進める,1.3,type-question-frequency-v1,type,verified,分岐の判断原理・近接分岐との境界に対して対象側が矛盾しないことを確認,locked-not-implemented
8,fortress-guardian,城塞の守護者,TSGF,fortress-guardian.m03,継続設計,fortress-guardian.m03.s02,判断継承,q27,solo_team,B,みんなの強みがうまく合わさり、一人では出せない成果になった時,1.4,type-question-frequency-v1,type,verified,分岐の判断原理・近接分岐との境界に対して対象側が矛盾しないことを確認,locked-not-implemented
8,fortress-guardian,城塞の守護者,TSGF,fortress-guardian.m03,継続設計,fortress-guardian.m03.s02,判断継承,q31,solo_team,A,チーム全体の成果に貢献したことを評価される,1.4,type-question-frequency-v1,type,verified,分岐の判断原理・近接分岐との境界に対して対象側が矛盾しないことを確認,locked-not-implemented
8,fortress-guardian,城塞の守護者,TSGF,fortress-guardian.m03,継続設計,fortress-guardian.m03.s02,判断継承,q33,thinking_action,A,先に構成と順番を決め、全体の流れを固める,1.4,type-question-frequency-v1,type,verified,分岐の判断原理・近接分岐との境界に対して対象側が矛盾しないことを確認,locked-not-implemented
8,fortress-guardian,城塞の守護者,TSGF,fortress-guardian.m03,継続設計,fortress-guardian.m03.s02,判断継承,q35,solo_team,A,いったん持ち帰り、判断材料を整理して比べやすく示す,1.35,type-question-frequency-v1,type,changed,判断材料を持ち帰って整理し、代替判断者が比較できる形にするためAを採用,locked-not-implemented
8,fortress-guardian,城塞の守護者,TSGF,fortress-guardian.m03,継続設計,fortress-guardian.m03.s02,判断継承,q37,thinking_action,B,計画を立て直し、優先順位と再開する条件を決めてから動く,1.2,type-question-frequency-v1,type,verified,分岐の判断原理・近接分岐との境界に対して対象側が矛盾しないことを確認,locked-not-implemented
8,fortress-guardian,城塞の守護者,TSGF,fortress-guardian.m03,継続設計,fortress-guardian.m03.s02,判断継承,q39,solo_team,B,担当と確認するタイミングを決め、そこまでは各自に任せる,1.2,type-question-frequency-v1,type,changed,判断範囲と確認時期を定め、日常判断を代替者へ任せるためBを採用,locked-not-implemented
8,fortress-guardian,城塞の守護者,TSGF,fortress-guardian.m03,継続設計,fortress-guardian.m03.s03,復旧順序,q01,thinking_action,A,目的や条件を整理し、進め方を考えてから動く,1.05,type-question-frequency-v1,type,verified,分岐の判断原理・近接分岐との境界に対して対象側が矛盾しないことを確認,locked-not-implemented
8,fortress-guardian,城塞の守護者,TSGF,fortress-guardian.m03,継続設計,fortress-guardian.m03.s03,復旧順序,q03,solo_team,A,自分の担当とゴールを明確にし、最後まで責任を持つ,1.15,type-question-frequency-v1,type,changed,復旧工程ごとの担当・ゴール・再開責任を明確にするためAを採用,locked-not-implemented
8,fortress-guardian,城塞の守護者,TSGF,fortress-guardian.m03,継続設計,fortress-guardian.m03.s03,復旧順序,q05,thinking_action,B,短い時間でも目的や条件を確認し、進め方を決めてから始める,1.0,type-question-frequency-v1,type,verified,分岐の判断原理・近接分岐との境界に対して対象側が矛盾しないことを確認,locked-not-implemented
8,fortress-guardian,城塞の守護者,TSGF,fortress-guardian.m03,継続設計,fortress-guardian.m03.s03,復旧順序,q06,offensive_stable,A,急な変更にも対応できる余裕を残し、品質を安定させる,1.1,type-question-frequency-v1,type,verified,分岐の判断原理・近接分岐との境界に対して対象側が矛盾しないことを確認,locked-not-implemented
8,fortress-guardian,城塞の守護者,TSGF,fortress-guardian.m03,継続設計,fortress-guardian.m03.s03,復旧順序,q07,solo_team,A,チーム全体の進め方を見直し、みんなで立て直す,1.3,type-question-frequency-v1,type,verified,分岐の判断原理・近接分岐との境界に対して対象側が矛盾しないことを確認,locked-not-implemented
8,fortress-guardian,城塞の守護者,TSGF,fortress-guardian.m03,継続設計,fortress-guardian.m03.s03,復旧順序,q08,divergent_convergent,A,影響の大きい原因から順に、調べるものを絞る,1.25,type-question-frequency-v1,type,verified,分岐の判断原理・近接分岐との境界に対して対象側が矛盾しないことを確認,locked-not-implemented
8,fortress-guardian,城塞の守護者,TSGF,fortress-guardian.m03,継続設計,fortress-guardian.m03.s03,復旧順序,q10,offensive_stable,B,失敗しても影響が小さくなる準備をしてから広げる,1.15,type-question-frequency-v1,type,verified,分岐の判断原理・近接分岐との境界に対して対象側が矛盾しないことを確認,locked-not-implemented
8,fortress-guardian,城塞の守護者,TSGF,fortress-guardian.m03,継続設計,fortress-guardian.m03.s03,復旧順序,q15,solo_team,A,早めに情報を集め、それぞれの心配や譲れない条件を確認して、合意できる点を探す,1.2,type-question-frequency-v1,type,verified,分岐の判断原理・近接分岐との境界に対して対象側が矛盾しないことを確認,locked-not-implemented
8,fortress-guardian,城塞の守護者,TSGF,fortress-guardian.m03,継続設計,fortress-guardian.m03.s03,復旧順序,q16,divergent_convergent,A,目的に直接関係する不足情報だけを追加で集める,1.25,type-question-frequency-v1,type,verified,分岐の判断原理・近接分岐との境界に対して対象側が矛盾しないことを確認,locked-not-implemented
8,fortress-guardian,城塞の守護者,TSGF,fortress-guardian.m03,継続設計,fortress-guardian.m03.s03,復旧順序,q17,thinking_action,A,追加情報を集め、根拠を増やしてから決める,1.2,type-question-frequency-v1,type,verified,分岐の判断原理・近接分岐との境界に対して対象側が矛盾しないことを確認,locked-not-implemented
8,fortress-guardian,城塞の守護者,TSGF,fortress-guardian.m03,継続設計,fortress-guardian.m03.s03,復旧順序,q18,offensive_stable,B,無理なく続けられる手順と確認方法を整えてから導入する,1.0,type-question-frequency-v1,type,verified,分岐の判断原理・近接分岐との境界に対して対象側が矛盾しないことを確認,locked-not-implemented
8,fortress-guardian,城塞の守護者,TSGF,fortress-guardian.m03,継続設計,fortress-guardian.m03.s03,復旧順序,q21,thinking_action,B,残り時間で追加確認をし、より確かな判断をしてから決める,1.2,type-question-frequency-v1,type,verified,分岐の判断原理・近接分岐との境界に対して対象側が矛盾しないことを確認,locked-not-implemented
8,fortress-guardian,城塞の守護者,TSGF,fortress-guardian.m03,継続設計,fortress-guardian.m03.s03,復旧順序,q22,offensive_stable,A,使う範囲と確認するタイミングを決め、今の仕事に影響が出にくいところから移す,1.0,type-question-frequency-v1,type,verified,分岐の判断原理・近接分岐との境界に対して対象側が矛盾しないことを確認,locked-not-implemented
8,fortress-guardian,城塞の守護者,TSGF,fortress-guardian.m03,継続設計,fortress-guardian.m03.s03,復旧順序,q24,divergent_convergent,A,判断の基準を決め、良さそうな案を少数に絞る,1.25,type-question-frequency-v1,type,verified,分岐の判断原理・近接分岐との境界に対して対象側が矛盾しないことを確認,locked-not-implemented
8,fortress-guardian,城塞の守護者,TSGF,fortress-guardian.m03,継続設計,fortress-guardian.m03.s03,復旧順序,q25,thinking_action,A,原因を分けて考え、直す順番を決めてから対応する,1.2,type-question-frequency-v1,type,verified,分岐の判断原理・近接分岐との境界に対して対象側が矛盾しないことを確認,locked-not-implemented
8,fortress-guardian,城塞の守護者,TSGF,fortress-guardian.m03,継続設計,fortress-guardian.m03.s03,復旧順序,q29,thinking_action,B,いったん止めて共通の原因を見つけてから、再開する,1.2,type-question-frequency-v1,type,verified,分岐の判断原理・近接分岐との境界に対して対象側が矛盾しないことを確認,locked-not-implemented
8,fortress-guardian,城塞の守護者,TSGF,fortress-guardian.m03,継続設計,fortress-guardian.m03.s03,復旧順序,q30,offensive_stable,A,すべてを一定以上の水準に保てるよう、バランスよく配分する,1.15,type-question-frequency-v1,type,verified,分岐の判断原理・近接分岐との境界に対して対象側が矛盾しないことを確認,locked-not-implemented
8,fortress-guardian,城塞の守護者,TSGF,fortress-guardian.m03,継続設計,fortress-guardian.m03.s03,復旧順序,q32,divergent_convergent,A,いったん判断基準を決め、結論を出す段階へ進む,1.25,type-question-frequency-v1,type,verified,分岐の判断原理・近接分岐との境界に対して対象側が矛盾しないことを確認,locked-not-implemented
8,fortress-guardian,城塞の守護者,TSGF,fortress-guardian.m03,継続設計,fortress-guardian.m03.s03,復旧順序,q34,offensive_stable,B,成果を求めすぎて、守るべき品質や信頼を失うこと,1.05,type-question-frequency-v1,type,verified,分岐の判断原理・近接分岐との境界に対して対象側が矛盾しないことを確認,locked-not-implemented
8,fortress-guardian,城塞の守護者,TSGF,fortress-guardian.m03,継続設計,fortress-guardian.m03.s03,復旧順序,q37,thinking_action,B,計画を立て直し、優先順位と再開する条件を決めてから動く,1.2,type-question-frequency-v1,type,verified,分岐の判断原理・近接分岐との境界に対して対象側が矛盾しないことを確認,locked-not-implemented
8,fortress-guardian,城塞の守護者,TSGF,fortress-guardian.m03,継続設計,fortress-guardian.m03.s03,復旧順序,q38,offensive_stable,A,大きな混乱を起こさず、品質と信頼を守れた時,1.1,type-question-frequency-v1,type,verified,分岐の判断原理・近接分岐との境界に対して対象側が矛盾しないことを確認,locked-not-implemented
8,fortress-guardian,城塞の守護者,TSGF,fortress-guardian.m03,継続設計,fortress-guardian.m03.s03,復旧順序,q39,solo_team,B,担当と確認するタイミングを決め、そこまでは各自に任せる,1.2,type-question-frequency-v1,type,changed,復旧順序の担当と確認時期を固定し、各工程を任せるためBを採用,locked-not-implemented
8,fortress-guardian,城塞の守護者,TSGF,fortress-guardian.m04,変更統制,fortress-guardian.m04.s01,段階導入,q01,thinking_action,A,目的や条件を整理し、進め方を考えてから動く,1.05,type-question-frequency-v1,type,verified,分岐の判断原理・近接分岐との境界に対して対象側が矛盾しないことを確認,locked-not-implemented
8,fortress-guardian,城塞の守護者,TSGF,fortress-guardian.m04,変更統制,fortress-guardian.m04.s01,段階導入,q02,offensive_stable,B,確実に達成でき、次も同じように取り組める目標にする,1.25,type-question-frequency-v1,type,verified,分岐の判断原理・近接分岐との境界に対して対象側が矛盾しないことを確認,locked-not-implemented
8,fortress-guardian,城塞の守護者,TSGF,fortress-guardian.m04,変更統制,fortress-guardian.m04.s01,段階導入,q03,solo_team,B,担当を細かく区切らず、抜けがあれば互いに補う,1.15,type-question-frequency-v1,type,verified,分岐の判断原理・近接分岐との境界に対して対象側が矛盾しないことを確認,locked-not-implemented
8,fortress-guardian,城塞の守護者,TSGF,fortress-guardian.m04,変更統制,fortress-guardian.m04.s01,段階導入,q04,divergent_convergent,B,与えられた目的や条件に沿って、解くべきことを絞る,1.4,type-question-frequency-v1,type,verified,分岐の判断原理・近接分岐との境界に対して対象側が矛盾しないことを確認,locked-not-implemented
8,fortress-guardian,城塞の守護者,TSGF,fortress-guardian.m04,変更統制,fortress-guardian.m04.s01,段階導入,q05,thinking_action,B,短い時間でも目的や条件を確認し、進め方を決めてから始める,1.0,type-question-frequency-v1,type,verified,分岐の判断原理・近接分岐との境界に対して対象側が矛盾しないことを確認,locked-not-implemented
8,fortress-guardian,城塞の守護者,TSGF,fortress-guardian.m04,変更統制,fortress-guardian.m04.s01,段階導入,q06,offensive_stable,A,急な変更にも対応できる余裕を残し、品質を安定させる,1.1,type-question-frequency-v1,type,verified,分岐の判断原理・近接分岐との境界に対して対象側が矛盾しないことを確認,locked-not-implemented
8,fortress-guardian,城塞の守護者,TSGF,fortress-guardian.m04,変更統制,fortress-guardian.m04.s01,段階導入,q10,offensive_stable,B,失敗しても影響が小さくなる準備をしてから広げる,1.15,type-question-frequency-v1,type,verified,分岐の判断原理・近接分岐との境界に対して対象側が矛盾しないことを確認,locked-not-implemented
8,fortress-guardian,城塞の守護者,TSGF,fortress-guardian.m04,変更統制,fortress-guardian.m04.s01,段階導入,q11,solo_team,B,途中の案を見せ、相手の反応や追加情報をもらいながら固める,1.3,type-question-frequency-v1,type,verified,分岐の判断原理・近接分岐との境界に対して対象側が矛盾しないことを確認,locked-not-implemented
8,fortress-guardian,城塞の守護者,TSGF,fortress-guardian.m04,変更統制,fortress-guardian.m04.s01,段階導入,q14,offensive_stable,A,今の品質を守りながら、一部で新しい案を試す,1.25,type-question-frequency-v1,type,verified,分岐の判断原理・近接分岐との境界に対して対象側が矛盾しないことを確認,locked-not-implemented
8,fortress-guardian,城塞の守護者,TSGF,fortress-guardian.m04,変更統制,fortress-guardian.m04.s01,段階導入,q15,solo_team,A,早めに情報を集め、それぞれの心配や譲れない条件を確認して、合意できる点を探す,1.2,type-question-frequency-v1,type,verified,分岐の判断原理・近接分岐との境界に対して対象側が矛盾しないことを確認,locked-not-implemented
8,fortress-guardian,城塞の守護者,TSGF,fortress-guardian.m04,変更統制,fortress-guardian.m04.s01,段階導入,q18,offensive_stable,B,無理なく続けられる手順と確認方法を整えてから導入する,1.0,type-question-frequency-v1,type,verified,分岐の判断原理・近接分岐との境界に対して対象側が矛盾しないことを確認,locked-not-implemented
8,fortress-guardian,城塞の守護者,TSGF,fortress-guardian.m04,変更統制,fortress-guardian.m04.s01,段階導入,q20,divergent_convergent,B,条件に合う案へ早めに絞り、その案を仕上げる,1.4,type-question-frequency-v1,type,verified,分岐の判断原理・近接分岐との境界に対して対象側が矛盾しないことを確認,locked-not-implemented
8,fortress-guardian,城塞の守護者,TSGF,fortress-guardian.m04,変更統制,fortress-guardian.m04.s01,段階導入,q21,thinking_action,B,残り時間で追加確認をし、より確かな判断をしてから決める,1.2,type-question-frequency-v1,type,verified,分岐の判断原理・近接分岐との境界に対して対象側が矛盾しないことを確認,locked-not-implemented
8,fortress-guardian,城塞の守護者,TSGF,fortress-guardian.m04,変更統制,fortress-guardian.m04.s01,段階導入,q22,offensive_stable,A,使う範囲と確認するタイミングを決め、今の仕事に影響が出にくいところから移す,1.0,type-question-frequency-v1,type,verified,分岐の判断原理・近接分岐との境界に対して対象側が矛盾しないことを確認,locked-not-implemented
8,fortress-guardian,城塞の守護者,TSGF,fortress-guardian.m04,変更統制,fortress-guardian.m04.s01,段階導入,q23,solo_team,A,役割を組み直し、他の人の得意なことを生かして進める,1.3,type-question-frequency-v1,type,verified,分岐の判断原理・近接分岐との境界に対して対象側が矛盾しないことを確認,locked-not-implemented
8,fortress-guardian,城塞の守護者,TSGF,fortress-guardian.m04,変更統制,fortress-guardian.m04.s01,段階導入,q24,divergent_convergent,A,判断の基準を決め、良さそうな案を少数に絞る,1.25,type-question-frequency-v1,type,verified,分岐の判断原理・近接分岐との境界に対して対象側が矛盾しないことを確認,locked-not-implemented
8,fortress-guardian,城塞の守護者,TSGF,fortress-guardian.m04,変更統制,fortress-guardian.m04.s01,段階導入,q26,offensive_stable,B,工夫は増やしすぎず、全体の品質と締切を確実に守る,1.3,type-question-frequency-v1,type,verified,分岐の判断原理・近接分岐との境界に対して対象側が矛盾しないことを確認,locked-not-implemented
8,fortress-guardian,城塞の守護者,TSGF,fortress-guardian.m04,変更統制,fortress-guardian.m04.s01,段階導入,q28,divergent_convergent,B,早めに一つの案を選び、その案を深く考える,1.4,type-question-frequency-v1,type,verified,分岐の判断原理・近接分岐との境界に対して対象側が矛盾しないことを確認,locked-not-implemented
8,fortress-guardian,城塞の守護者,TSGF,fortress-guardian.m04,変更統制,fortress-guardian.m04.s01,段階導入,q30,offensive_stable,A,すべてを一定以上の水準に保てるよう、バランスよく配分する,1.15,type-question-frequency-v1,type,verified,分岐の判断原理・近接分岐との境界に対して対象側が矛盾しないことを確認,locked-not-implemented
8,fortress-guardian,城塞の守護者,TSGF,fortress-guardian.m04,変更統制,fortress-guardian.m04.s01,段階導入,q32,divergent_convergent,A,いったん判断基準を決め、結論を出す段階へ進む,1.25,type-question-frequency-v1,type,verified,分岐の判断原理・近接分岐との境界に対して対象側が矛盾しないことを確認,locked-not-implemented
8,fortress-guardian,城塞の守護者,TSGF,fortress-guardian.m04,変更統制,fortress-guardian.m04.s01,段階導入,q34,offensive_stable,B,成果を求めすぎて、守るべき品質や信頼を失うこと,1.05,type-question-frequency-v1,type,verified,分岐の判断原理・近接分岐との境界に対して対象側が矛盾しないことを確認,locked-not-implemented
8,fortress-guardian,城塞の守護者,TSGF,fortress-guardian.m04,変更統制,fortress-guardian.m04.s01,段階導入,q36,divergent_convergent,B,使い道を一つに絞り、限られた要素を目的に合う形へ組み直す,1.4,type-question-frequency-v1,type,verified,分岐の判断原理・近接分岐との境界に対して対象側が矛盾しないことを確認,locked-not-implemented
8,fortress-guardian,城塞の守護者,TSGF,fortress-guardian.m04,変更統制,fortress-guardian.m04.s01,段階導入,q38,offensive_stable,A,大きな混乱を起こさず、品質と信頼を守れた時,1.1,type-question-frequency-v1,type,verified,分岐の判断原理・近接分岐との境界に対して対象側が矛盾しないことを確認,locked-not-implemented
8,fortress-guardian,城塞の守護者,TSGF,fortress-guardian.m04,変更統制,fortress-guardian.m04.s01,段階導入,q40,divergent_convergent,A,広げすぎて、結局何も形にならないこと,1.3,type-question-frequency-v1,type,verified,分岐の判断原理・近接分岐との境界に対して対象側が矛盾しないことを確認,locked-not-implemented
8,fortress-guardian,城塞の守護者,TSGF,fortress-guardian.m04,変更統制,fortress-guardian.m04.s02,停止・撤回,q01,thinking_action,A,目的や条件を整理し、進め方を考えてから動く,1.05,type-question-frequency-v1,type,verified,分岐の判断原理・近接分岐との境界に対して対象側が矛盾しないことを確認,locked-not-implemented
8,fortress-guardian,城塞の守護者,TSGF,fortress-guardian.m04,変更統制,fortress-guardian.m04.s02,停止・撤回,q02,offensive_stable,B,確実に達成でき、次も同じように取り組める目標にする,1.25,type-question-frequency-v1,type,verified,分岐の判断原理・近接分岐との境界に対して対象側が矛盾しないことを確認,locked-not-implemented
8,fortress-guardian,城塞の守護者,TSGF,fortress-guardian.m04,変更統制,fortress-guardian.m04.s02,停止・撤回,q04,divergent_convergent,B,与えられた目的や条件に沿って、解くべきことを絞る,1.4,type-question-frequency-v1,type,verified,分岐の判断原理・近接分岐との境界に対して対象側が矛盾しないことを確認,locked-not-implemented
8,fortress-guardian,城塞の守護者,TSGF,fortress-guardian.m04,変更統制,fortress-guardian.m04.s02,停止・撤回,q05,thinking_action,B,短い時間でも目的や条件を確認し、進め方を決めてから始める,1.0,type-question-frequency-v1,type,verified,分岐の判断原理・近接分岐との境界に対して対象側が矛盾しないことを確認,locked-not-implemented
8,fortress-guardian,城塞の守護者,TSGF,fortress-guardian.m04,変更統制,fortress-guardian.m04.s02,停止・撤回,q06,offensive_stable,A,急な変更にも対応できる余裕を残し、品質を安定させる,1.1,type-question-frequency-v1,type,verified,分岐の判断原理・近接分岐との境界に対して対象側が矛盾しないことを確認,locked-not-implemented
8,fortress-guardian,城塞の守護者,TSGF,fortress-guardian.m04,変更統制,fortress-guardian.m04.s02,停止・撤回,q08,divergent_convergent,A,影響の大きい原因から順に、調べるものを絞る,1.25,type-question-frequency-v1,type,verified,分岐の判断原理・近接分岐との境界に対して対象側が矛盾しないことを確認,locked-not-implemented
8,fortress-guardian,城塞の守護者,TSGF,fortress-guardian.m04,変更統制,fortress-guardian.m04.s02,停止・撤回,q10,offensive_stable,B,失敗しても影響が小さくなる準備をしてから広げる,1.15,type-question-frequency-v1,type,verified,分岐の判断原理・近接分岐との境界に対して対象側が矛盾しないことを確認,locked-not-implemented
8,fortress-guardian,城塞の守護者,TSGF,fortress-guardian.m04,変更統制,fortress-guardian.m04.s02,停止・撤回,q12,divergent_convergent,B,判断に必要な情報を決め、そこに絞って集める,1.35,type-question-frequency-v1,type,verified,分岐の判断原理・近接分岐との境界に対して対象側が矛盾しないことを確認,locked-not-implemented
8,fortress-guardian,城塞の守護者,TSGF,fortress-guardian.m04,変更統制,fortress-guardian.m04.s02,停止・撤回,q14,offensive_stable,A,今の品質を守りながら、一部で新しい案を試す,1.25,type-question-frequency-v1,type,verified,分岐の判断原理・近接分岐との境界に対して対象側が矛盾しないことを確認,locked-not-implemented
8,fortress-guardian,城塞の守護者,TSGF,fortress-guardian.m04,変更統制,fortress-guardian.m04.s02,停止・撤回,q16,divergent_convergent,A,目的に直接関係する不足情報だけを追加で集める,1.25,type-question-frequency-v1,type,verified,分岐の判断原理・近接分岐との境界に対して対象側が矛盾しないことを確認,locked-not-implemented
8,fortress-guardian,城塞の守護者,TSGF,fortress-guardian.m04,変更統制,fortress-guardian.m04.s02,停止・撤回,q17,thinking_action,A,追加情報を集め、根拠を増やしてから決める,1.2,type-question-frequency-v1,type,verified,分岐の判断原理・近接分岐との境界に対して対象側が矛盾しないことを確認,locked-not-implemented
8,fortress-guardian,城塞の守護者,TSGF,fortress-guardian.m04,変更統制,fortress-guardian.m04.s02,停止・撤回,q18,offensive_stable,B,無理なく続けられる手順と確認方法を整えてから導入する,1.0,type-question-frequency-v1,type,verified,分岐の判断原理・近接分岐との境界に対して対象側が矛盾しないことを確認,locked-not-implemented
8,fortress-guardian,城塞の守護者,TSGF,fortress-guardian.m04,変更統制,fortress-guardian.m04.s02,停止・撤回,q20,divergent_convergent,B,条件に合う案へ早めに絞り、その案を仕上げる,1.4,type-question-frequency-v1,type,verified,分岐の判断原理・近接分岐との境界に対して対象側が矛盾しないことを確認,locked-not-implemented
8,fortress-guardian,城塞の守護者,TSGF,fortress-guardian.m04,変更統制,fortress-guardian.m04.s02,停止・撤回,q21,thinking_action,B,残り時間で追加確認をし、より確かな判断をしてから決める,1.2,type-question-frequency-v1,type,verified,分岐の判断原理・近接分岐との境界に対して対象側が矛盾しないことを確認,locked-not-implemented
8,fortress-guardian,城塞の守護者,TSGF,fortress-guardian.m04,変更統制,fortress-guardian.m04.s02,停止・撤回,q22,offensive_stable,A,使う範囲と確認するタイミングを決め、今の仕事に影響が出にくいところから移す,1.0,type-question-frequency-v1,type,verified,分岐の判断原理・近接分岐との境界に対して対象側が矛盾しないことを確認,locked-not-implemented
8,fortress-guardian,城塞の守護者,TSGF,fortress-guardian.m04,変更統制,fortress-guardian.m04.s02,停止・撤回,q24,divergent_convergent,A,判断の基準を決め、良さそうな案を少数に絞る,1.25,type-question-frequency-v1,type,verified,分岐の判断原理・近接分岐との境界に対して対象側が矛盾しないことを確認,locked-not-implemented
8,fortress-guardian,城塞の守護者,TSGF,fortress-guardian.m04,変更統制,fortress-guardian.m04.s02,停止・撤回,q25,thinking_action,A,原因を分けて考え、直す順番を決めてから対応する,1.2,type-question-frequency-v1,type,verified,分岐の判断原理・近接分岐との境界に対して対象側が矛盾しないことを確認,locked-not-implemented
8,fortress-guardian,城塞の守護者,TSGF,fortress-guardian.m04,変更統制,fortress-guardian.m04.s02,停止・撤回,q26,offensive_stable,B,工夫は増やしすぎず、全体の品質と締切を確実に守る,1.3,type-question-frequency-v1,type,verified,分岐の判断原理・近接分岐との境界に対して対象側が矛盾しないことを確認,locked-not-implemented
8,fortress-guardian,城塞の守護者,TSGF,fortress-guardian.m04,変更統制,fortress-guardian.m04.s02,停止・撤回,q28,divergent_convergent,B,早めに一つの案を選び、その案を深く考える,1.4,type-question-frequency-v1,type,verified,分岐の判断原理・近接分岐との境界に対して対象側が矛盾しないことを確認,locked-not-implemented
8,fortress-guardian,城塞の守護者,TSGF,fortress-guardian.m04,変更統制,fortress-guardian.m04.s02,停止・撤回,q29,thinking_action,B,いったん止めて共通の原因を見つけてから、再開する,1.2,type-question-frequency-v1,type,verified,分岐の判断原理・近接分岐との境界に対して対象側が矛盾しないことを確認,locked-not-implemented
8,fortress-guardian,城塞の守護者,TSGF,fortress-guardian.m04,変更統制,fortress-guardian.m04.s02,停止・撤回,q30,offensive_stable,A,すべてを一定以上の水準に保てるよう、バランスよく配分する,1.15,type-question-frequency-v1,type,verified,分岐の判断原理・近接分岐との境界に対して対象側が矛盾しないことを確認,locked-not-implemented
8,fortress-guardian,城塞の守護者,TSGF,fortress-guardian.m04,変更統制,fortress-guardian.m04.s02,停止・撤回,q32,divergent_convergent,A,いったん判断基準を決め、結論を出す段階へ進む,1.25,type-question-frequency-v1,type,verified,分岐の判断原理・近接分岐との境界に対して対象側が矛盾しないことを確認,locked-not-implemented
8,fortress-guardian,城塞の守護者,TSGF,fortress-guardian.m04,変更統制,fortress-guardian.m04.s02,停止・撤回,q34,offensive_stable,B,成果を求めすぎて、守るべき品質や信頼を失うこと,1.05,type-question-frequency-v1,type,verified,分岐の判断原理・近接分岐との境界に対して対象側が矛盾しないことを確認,locked-not-implemented
8,fortress-guardian,城塞の守護者,TSGF,fortress-guardian.m04,変更統制,fortress-guardian.m04.s02,停止・撤回,q36,divergent_convergent,B,使い道を一つに絞り、限られた要素を目的に合う形へ組み直す,1.4,type-question-frequency-v1,type,verified,分岐の判断原理・近接分岐との境界に対して対象側が矛盾しないことを確認,locked-not-implemented
8,fortress-guardian,城塞の守護者,TSGF,fortress-guardian.m04,変更統制,fortress-guardian.m04.s02,停止・撤回,q37,thinking_action,B,計画を立て直し、優先順位と再開する条件を決めてから動く,1.2,type-question-frequency-v1,type,verified,分岐の判断原理・近接分岐との境界に対して対象側が矛盾しないことを確認,locked-not-implemented
8,fortress-guardian,城塞の守護者,TSGF,fortress-guardian.m04,変更統制,fortress-guardian.m04.s02,停止・撤回,q38,offensive_stable,A,大きな混乱を起こさず、品質と信頼を守れた時,1.1,type-question-frequency-v1,type,verified,分岐の判断原理・近接分岐との境界に対して対象側が矛盾しないことを確認,locked-not-implemented
8,fortress-guardian,城塞の守護者,TSGF,fortress-guardian.m04,変更統制,fortress-guardian.m04.s02,停止・撤回,q40,divergent_convergent,A,広げすぎて、結局何も形にならないこと,1.3,type-question-frequency-v1,type,verified,分岐の判断原理・近接分岐との境界に対して対象側が矛盾しないことを確認,locked-not-implemented
9,assault-creator,突撃クリエイター,AOIE,assault-creator.m01,試作先行,assault-creator.m01.s01,即応試作,q01,thinking_action,B,まず少し動き、わかったことをもとに進め方を考える,1.4,type-question-frequency-v1,type,verified-unchanged,分岐の判断原理と対象側が一致,locked-not-implemented
9,assault-creator,突撃クリエイター,AOIE,assault-creator.m01,試作先行,assault-creator.m01.s01,即応試作,q05,thinking_action,A,まず仮の進め方で始め、途中で必要な確認をする,1.4,type-question-frequency-v1,type,verified-unchanged,分岐の判断原理と対象側が一致,locked-not-implemented
9,assault-creator,突撃クリエイター,AOIE,assault-creator.m01,試作先行,assault-creator.m01.s01,即応試作,q13,thinking_action,A,まずやってみて、つまずいたところから大事な点をつかむ,1.4,type-question-frequency-v1,type,verified-unchanged,分岐の判断原理と対象側が一致,locked-not-implemented
9,assault-creator,突撃クリエイター,AOIE,assault-creator.m01,試作先行,assault-creator.m01.s01,即応試作,q21,thinking_action,A,今ある情報で決め、必要なら結果を見て直す,1.3,type-question-frequency-v1,type,verified-unchanged,分岐の判断原理と対象側が一致,locked-not-implemented
9,assault-creator,突撃クリエイター,AOIE,assault-creator.m01,試作先行,assault-creator.m01.s02,仮説試作,q08,divergent_convergent,A,影響の大きい原因から順に、調べるものを絞る,1.4,type-question-frequency-v1,manual-semantic,verified-unchanged,分岐の判断原理と対象側が一致,locked-not-implemented
9,assault-creator,突撃クリエイター,AOIE,assault-creator.m01,試作先行,assault-creator.m01.s02,仮説試作,q16,divergent_convergent,A,目的に直接関係する不足情報だけを追加で集める,1.4,type-question-frequency-v1,manual-semantic,verified-unchanged,分岐の判断原理と対象側が一致,locked-not-implemented
9,assault-creator,突撃クリエイター,AOIE,assault-creator.m01,試作先行,assault-creator.m01.s02,仮説試作,q17,thinking_action,B,今ある情報でいったん決め、結果を見て見直す,1.4,type-question-frequency-v1,manual-semantic,verified-unchanged,分岐の判断原理と対象側が一致,locked-not-implemented
9,assault-creator,突撃クリエイター,AOIE,assault-creator.m01,試作先行,assault-creator.m01.s02,仮説試作,q21,thinking_action,A,今ある情報で決め、必要なら結果を見て直す,1.3,type-question-frequency-v1,manual-semantic,verified-unchanged,分岐の判断原理と対象側が一致,locked-not-implemented
9,assault-creator,突撃クリエイター,AOIE,assault-creator.m01,試作先行,assault-creator.m01.s02,仮説試作,q24,divergent_convergent,A,判断の基準を決め、良さそうな案を少数に絞る,1.0,type-question-frequency-v1,manual-semantic,verified-unchanged,分岐の判断原理と対象側が一致,locked-not-implemented
9,assault-creator,突撃クリエイター,AOIE,assault-creator.m01,試作先行,assault-creator.m01.s02,仮説試作,q32,divergent_convergent,A,いったん判断基準を決め、結論を出す段階へ進む,1.2,type-question-frequency-v1,manual-semantic,verified-unchanged,分岐の判断原理と対象側が一致,locked-not-implemented
9,assault-creator,突撃クリエイター,AOIE,assault-creator.m01,試作先行,assault-creator.m01.s03,生成試作,q20,divergent_convergent,A,実現できるかはいったん置き、方向の違う案をたくさん出す,1.2,type-question-frequency-v1,type,verified-unchanged,分岐の判断原理と対象側が一致,locked-not-implemented
9,assault-creator,突撃クリエイター,AOIE,assault-creator.m01,試作先行,assault-creator.m01.s03,生成試作,q24,divergent_convergent,B,案を組み合わせ、さらに新しい可能性を増やす,1.0,type-question-frequency-v1,type,verified-unchanged,分岐の判断原理と対象側が一致,locked-not-implemented
9,assault-creator,突撃クリエイター,AOIE,assault-creator.m01,試作先行,assault-creator.m01.s03,生成試作,q28,divergent_convergent,A,複数の案を残し、比べるための材料を増やす,1.2,type-question-frequency-v1,type,verified-unchanged,分岐の判断原理と対象側が一致,locked-not-implemented
9,assault-creator,突撃クリエイター,AOIE,assault-creator.m01,試作先行,assault-creator.m01.s03,生成試作,q33,thinking_action,B,まず内容を書き出し、後から構成を整える,1.4,type-question-frequency-v1,type,verified-unchanged,分岐の判断原理と対象側が一致,locked-not-implemented
9,assault-creator,突撃クリエイター,AOIE,assault-creator.m02,反応編集,assault-creator.m02.s01,反応変換,q11,solo_team,B,途中の案を見せ、相手の反応や追加情報をもらいながら固める,1.3,type-question-frequency-v1,manual-route-semantic,verified-unchanged,分岐の判断原理と対象側が一致,locked-not-implemented
9,assault-creator,突撃クリエイター,AOIE,assault-creator.m02,反応編集,assault-creator.m02.s01,反応変換,q18,offensive_stable,A,効果と負担を説明し、心配な点を確認したうえで、早めに判断してもらう,1.4,type-question-frequency-v1,manual-route-semantic,verified-unchanged,分岐の判断原理と対象側が一致,locked-not-implemented
9,assault-creator,突撃クリエイター,AOIE,assault-creator.m02,反応編集,assault-creator.m02.s01,反応変換,q20,divergent_convergent,A,実現できるかはいったん置き、方向の違う案をたくさん出す,1.2,type-question-frequency-v1,manual-route-semantic,verified-unchanged,分岐の判断原理と対象側が一致,locked-not-implemented
9,assault-creator,突撃クリエイター,AOIE,assault-creator.m02,反応編集,assault-creator.m02.s01,反応変換,q24,divergent_convergent,B,案を組み合わせ、さらに新しい可能性を増やす,1.0,type-question-frequency-v1,manual-route-semantic,verified-unchanged,分岐の判断原理と対象側が一致,locked-not-implemented
9,assault-creator,突撃クリエイター,AOIE,assault-creator.m02,反応編集,assault-creator.m02.s01,反応変換,q35,solo_team,B,その場で話を続け、迷っている理由や決める条件を確かめる,1.3,type-question-frequency-v1,manual-route-semantic,verified-unchanged,分岐の判断原理と対象側が一致,locked-not-implemented
9,assault-creator,突撃クリエイター,AOIE,assault-creator.m02,反応編集,assault-creator.m02.s01,反応変換,q36,divergent_convergent,A,一つの用途だけにせず、別の使い方にも広げられる形にする,1.1,type-question-frequency-v1,manual-route-semantic,verified-unchanged,分岐の判断原理と対象側が一致,locked-not-implemented
9,assault-creator,突撃クリエイター,AOIE,assault-creator.m02,反応編集,assault-creator.m02.s02,対話更新,q11,solo_team,B,途中の案を見せ、相手の反応や追加情報をもらいながら固める,1.3,type-question-frequency-v1,manual-semantic,verified-unchanged,分岐の判断原理と対象側が一致,locked-not-implemented
9,assault-creator,突撃クリエイター,AOIE,assault-creator.m02,反応編集,assault-creator.m02.s02,対話更新,q15,solo_team,A,早めに情報を集め、それぞれの心配や譲れない条件を確認して、合意できる点を探す,1.4,type-question-frequency-v1,manual-semantic,verified-unchanged,分岐の判断原理と対象側が一致,locked-not-implemented
9,assault-creator,突撃クリエイター,AOIE,assault-creator.m02,反応編集,assault-creator.m02.s02,対話更新,q35,solo_team,B,その場で話を続け、迷っている理由や決める条件を確かめる,1.3,type-question-frequency-v1,manual-semantic,verified-unchanged,分岐の判断原理と対象側が一致,locked-not-implemented
9,assault-creator,突撃クリエイター,AOIE,assault-creator.m02,反応編集,assault-creator.m02.s02,対話更新,q39,solo_team,A,短い共有をこまめに行い、認識のずれや遅れをその都度そろえる,1.3,type-question-frequency-v1,manual-semantic,verified-unchanged,分岐の判断原理と対象側が一致,locked-not-implemented
9,assault-creator,突撃クリエイター,AOIE,assault-creator.m03,複線探索,assault-creator.m03.s01,並行試行,q10,offensive_stable,A,小さな失敗は受け入れ、早めに試す,1.4,type-question-frequency-v1,type,verified-unchanged,分岐の判断原理と対象側が一致,locked-not-implemented
9,assault-creator,突撃クリエイター,AOIE,assault-creator.m03,複線探索,assault-creator.m03.s01,並行試行,q20,divergent_convergent,A,実現できるかはいったん置き、方向の違う案をたくさん出す,1.2,type-question-frequency-v1,type,verified-unchanged,分岐の判断原理と対象側が一致,locked-not-implemented
9,assault-creator,突撃クリエイター,AOIE,assault-creator.m03,複線探索,assault-creator.m03.s01,並行試行,q22,offensive_stable,B,最低限の使い方を共有して全体で始め、問題が出たら運用を直す,1.4,type-question-frequency-v1,type,verified-unchanged,分岐の判断原理と対象側が一致,locked-not-implemented
9,assault-creator,突撃クリエイター,AOIE,assault-creator.m03,複線探索,assault-creator.m03.s01,並行試行,q28,divergent_convergent,A,複数の案を残し、比べるための材料を増やす,1.2,type-question-frequency-v1,text,verified-unchanged,分岐の判断原理と対象側が一致,locked-not-implemented
9,assault-creator,突撃クリエイター,AOIE,assault-creator.m03,複線探索,assault-creator.m03.s01,並行試行,q32,divergent_convergent,B,まだ見落としている案がないか、もう少し広げて考える,1.2,type-question-frequency-v1,type,verified-unchanged,分岐の判断原理と対象側が一致,locked-not-implemented
9,assault-creator,突撃クリエイター,AOIE,assault-creator.m03,複線探索,assault-creator.m03.s02,組み替え展開,q12,divergent_convergent,A,関係が薄そうな情報も集め、意外なつながりを探す,1.4,type-question-frequency-v1,near-branch-audit-added,evidence-added,離れた情報のつながりを見つけ、要素を組み替える証拠,locked-not-implemented
9,assault-creator,突撃クリエイター,AOIE,assault-creator.m03,複線探索,assault-creator.m03.s02,組み替え展開,q24,divergent_convergent,B,案を組み合わせ、さらに新しい可能性を増やす,1.0,type-question-frequency-v1,text,verified-unchanged,分岐の判断原理と対象側が一致,locked-not-implemented
9,assault-creator,突撃クリエイター,AOIE,assault-creator.m03,複線探索,assault-creator.m03.s02,組み替え展開,q36,divergent_convergent,A,一つの用途だけにせず、別の使い方にも広げられる形にする,1.1,type-question-frequency-v1,type,verified-unchanged,分岐の判断原理と対象側が一致,locked-not-implemented
9,assault-creator,突撃クリエイター,AOIE,assault-creator.m03,複線探索,assault-creator.m03.s03,選別集中,q24,divergent_convergent,A,判断の基準を決め、良さそうな案を少数に絞る,1.0,type-question-frequency-v1,manual-semantic,verified-unchanged,分岐の判断原理と対象側が一致,locked-not-implemented
9,assault-creator,突撃クリエイター,AOIE,assault-creator.m03,複線探索,assault-creator.m03.s03,選別集中,q28,divergent_convergent,A,複数の案を残し、比べるための材料を増やす,1.2,type-question-frequency-v1,manual-semantic,verified-unchanged,分岐の判断原理と対象側が一致,locked-not-implemented
9,assault-creator,突撃クリエイター,AOIE,assault-creator.m03,複線探索,assault-creator.m03.s03,選別集中,q32,divergent_convergent,A,いったん判断基準を決め、結論を出す段階へ進む,1.2,type-question-frequency-v1,manual-semantic,verified-unchanged,分岐の判断原理と対象側が一致,locked-not-implemented
9,assault-creator,突撃クリエイター,AOIE,assault-creator.m04,停滞突破,assault-creator.m04.s01,手段転換,q14,offensive_stable,B,一時的な混乱は受け入れ、早めに新しい案へ切り替える,1.3,type-question-frequency-v1,near-branch-audit-added,evidence-added,予定外で使えない方法に固執せず、早めに別案へ切り替える証拠,locked-not-implemented
9,assault-creator,突撃クリエイター,AOIE,assault-creator.m04,停滞突破,assault-creator.m04.s01,手段転換,q36,divergent_convergent,B,使い道を一つに絞り、限られた要素を目的に合う形へ組み直す,1.1,type-question-frequency-v1,near-branch-audit-added,evidence-added,限られた要素を目的に合う別の方法へ組み直す証拠,locked-not-implemented
9,assault-creator,突撃クリエイター,AOIE,assault-creator.m04,停滞突破,assault-creator.m04.s01,手段転換,q37,thinking_action,A,今できるところから進め、使えない方法は別のやり方に変える,1.3,type-question-frequency-v1,type,verified-unchanged,分岐の判断原理と対象側が一致,locked-not-implemented
9,assault-creator,突撃クリエイター,AOIE,assault-creator.m04,停滞突破,assault-creator.m04.s02,即応復旧,q25,thinking_action,B,まず影響を止め、その場で動きながら原因を探す,1.4,type-question-frequency-v1,type,verified-unchanged,分岐の判断原理と対象側が一致,locked-not-implemented
9,assault-creator,突撃クリエイター,AOIE,assault-creator.m04,停滞突破,assault-creator.m04.s02,即応復旧,q29,thinking_action,A,仕事を止めず、一つずつ対処し、共通の原因は後で整理する,1.4,type-question-frequency-v1,type,verified-unchanged,分岐の判断原理と対象側が一致,locked-not-implemented
9,assault-creator,突撃クリエイター,AOIE,assault-creator.m04,停滞突破,assault-creator.m04.s02,即応復旧,q37,thinking_action,A,今できるところから進め、使えない方法は別のやり方に変える,1.3,type-question-frequency-v1,type,verified-unchanged,分岐の判断原理と対象側が一致,locked-not-implemented
9,assault-creator,突撃クリエイター,AOIE,assault-creator.m04,停滞突破,assault-creator.m04.s03,資源組み替え,q07,solo_team,A,チーム全体の進め方を見直し、みんなで立て直す,1.4,type-question-frequency-v1,manual-semantic-batch3,direction-changed,止まった仕事を自分だけで引き取るのではなく、チーム全体の流れを見直す人物像へ合わせる,locked-not-implemented
9,assault-creator,突撃クリエイター,AOIE,assault-creator.m04,停滞突破,assault-creator.m04.s03,資源組み替え,q19,solo_team,B,早めに詳しい人へ相談し、知識を持ち寄って解決する,1.4,type-question-frequency-v1,manual-semantic-batch3,direction-changed,自己完結ではなく、詳しい人の知識を使って資源を組み替える人物像へ合わせる,locked-not-implemented
9,assault-creator,突撃クリエイター,AOIE,assault-creator.m04,停滞突破,assault-creator.m04.s03,資源組み替え,q23,solo_team,A,役割を組み直し、他の人の得意なことを生かして進める,1.4,type-question-frequency-v1,manual-semantic-batch3,direction-changed,他者の得意分野を使い、役割を再配置する分岐へ合わせる,locked-not-implemented
9,assault-creator,突撃クリエイター,AOIE,assault-creator.m04,停滞突破,assault-creator.m04.s03,資源組み替え,q39,solo_team,B,担当と確認するタイミングを決め、そこまでは各自に任せる,1.3,type-question-frequency-v1,type,verified-unchanged,分岐の判断原理と対象側が一致,locked-not-implemented
9,assault-creator,突撃クリエイター,AOIE,assault-creator.m05,成果拡張,assault-creator.m05.s01,横展開,q14,offensive_stable,B,一時的な混乱は受け入れ、早めに新しい案へ切り替える,1.3,type-question-frequency-v1,type,verified-unchanged,分岐の判断原理と対象側が一致,locked-not-implemented
9,assault-creator,突撃クリエイター,AOIE,assault-creator.m05,成果拡張,assault-creator.m05.s01,横展開,q36,divergent_convergent,A,一つの用途だけにせず、別の使い方にも広げられる形にする,1.1,type-question-frequency-v1,type,verified-unchanged,分岐の判断原理と対象側が一致,locked-not-implemented
9,assault-creator,突撃クリエイター,AOIE,assault-creator.m05,成果拡張,assault-creator.m05.s01,横展開,q38,offensive_stable,B,不確かな状況でも挑戦し、期待以上の成果を出せた時,1.4,type-question-frequency-v1,type,verified-unchanged,分岐の判断原理と対象側が一致,locked-not-implemented
9,assault-creator,突撃クリエイター,AOIE,assault-creator.m05,成果拡張,assault-creator.m05.s01,横展開,q40,divergent_convergent,B,早く絞りすぎて、もっと良い可能性を逃すこと,1.4,type-question-frequency-v1,type,verified-unchanged,分岐の判断原理と対象側が一致,locked-not-implemented
9,assault-creator,突撃クリエイター,AOIE,assault-creator.m05,成果拡張,assault-creator.m05.s02,集中増幅,q06,offensive_stable,B,余った時間や人手を使い、成果をさらに伸ばす,1.4,type-question-frequency-v1,type,verified-unchanged,分岐の判断原理と対象側が一致,locked-not-implemented
9,assault-creator,突撃クリエイター,AOIE,assault-creator.m05,成果拡張,assault-creator.m05.s02,集中増幅,q26,offensive_stable,A,少し負担が増えても、目立つ価値を一つ加える,1.4,type-question-frequency-v1,type,verified-unchanged,分岐の判断原理と対象側が一致,locked-not-implemented
9,assault-creator,突撃クリエイター,AOIE,assault-creator.m05,成果拡張,assault-creator.m05.s02,集中増幅,q30,offensive_stable,B,一部に差が出ても、最も伸びそうな仕事へ力を集める,1.4,type-question-frequency-v1,type,verified-unchanged,分岐の判断原理と対象側が一致,locked-not-implemented
10,sales-monster,営業モンスター,AOIF,sales-monster.m01,懸念解消,sales-monster.m01.s01,原因特定,q11,solo_team,A,相手が重視することと未決定の点を整理し、選びやすい形で示す,1.0,type-question-frequency-v1,text,verified-unchanged,分岐の判断原理と対象側が一致,locked-not-implemented
10,sales-monster,営業モンスター,AOIF,sales-monster.m01,懸念解消,sales-monster.m01.s01,原因特定,q15,solo_team,A,早めに情報を集め、それぞれの心配や譲れない条件を確認して、合意できる点を探す,1.2,type-question-frequency-v1,text,verified-unchanged,分岐の判断原理と対象側が一致,locked-not-implemented
10,sales-monster,営業モンスター,AOIF,sales-monster.m01,懸念解消,sales-monster.m01.s01,原因特定,q35,solo_team,B,その場で話を続け、迷っている理由や決める条件を確かめる,1.1,type-question-frequency-v1,text,verified-unchanged,分岐の判断原理と対象側が一致,locked-not-implemented
10,sales-monster,営業モンスター,AOIF,sales-monster.m01,懸念解消,sales-monster.m01.s02,証拠解消,q08,divergent_convergent,A,影響の大きい原因から順に、調べるものを絞る,1.3,type-question-frequency-v1,type,verified-unchanged,分岐の判断原理と対象側が一致,locked-not-implemented
10,sales-monster,営業モンスター,AOIF,sales-monster.m01,懸念解消,sales-monster.m01.s02,証拠解消,q16,divergent_convergent,A,目的に直接関係する不足情報だけを追加で集める,1.3,type-question-frequency-v1,type,verified-unchanged,分岐の判断原理と対象側が一致,locked-not-implemented
10,sales-monster,営業モンスター,AOIF,sales-monster.m01,懸念解消,sales-monster.m01.s02,証拠解消,q17,thinking_action,B,今ある情報でいったん決め、結果を見て見直す,1.3,type-question-frequency-v1,type,verified-unchanged,分岐の判断原理と対象側が一致,locked-not-implemented
10,sales-monster,営業モンスター,AOIF,sales-monster.m01,懸念解消,sales-monster.m01.s02,証拠解消,q21,thinking_action,A,今ある情報で決め、必要なら結果を見て直す,1.0,type-question-frequency-v1,type,verified-unchanged,分岐の判断原理と対象側が一致,locked-not-implemented
10,sales-monster,営業モンスター,AOIF,sales-monster.m01,懸念解消,sales-monster.m01.s03,代替解消,q14,offensive_stable,B,一時的な混乱は受け入れ、早めに新しい案へ切り替える,1.4,type-question-frequency-v1,type,verified-unchanged,分岐の判断原理と対象側が一致,locked-not-implemented
10,sales-monster,営業モンスター,AOIF,sales-monster.m01,懸念解消,sales-monster.m01.s03,代替解消,q22,offensive_stable,B,最低限の使い方を共有して全体で始め、問題が出たら運用を直す,1.4,type-question-frequency-v1,type,verified-unchanged,分岐の判断原理と対象側が一致,locked-not-implemented
10,sales-monster,営業モンスター,AOIF,sales-monster.m01,懸念解消,sales-monster.m01.s03,代替解消,q35,solo_team,B,その場で話を続け、迷っている理由や決める条件を確かめる,1.1,type-question-frequency-v1,text,verified-unchanged,分岐の判断原理と対象側が一致,locked-not-implemented
10,sales-monster,営業モンスター,AOIF,sales-monster.m01,懸念解消,sales-monster.m01.s03,代替解消,q37,thinking_action,A,今できるところから進め、使えない方法は別のやり方に変える,1.4,type-question-frequency-v1,type,verified-unchanged,分岐の判断原理と対象側が一致,locked-not-implemented
10,sales-monster,営業モンスター,AOIF,sales-monster.m02,比較圧縮,sales-monster.m02.s01,基準整理,q08,divergent_convergent,A,影響の大きい原因から順に、調べるものを絞る,1.3,type-question-frequency-v1,type,verified-unchanged,分岐の判断原理と対象側が一致,locked-not-implemented
10,sales-monster,営業モンスター,AOIF,sales-monster.m02,比較圧縮,sales-monster.m02.s01,基準整理,q12,divergent_convergent,B,判断に必要な情報を決め、そこに絞って集める,1.4,type-question-frequency-v1,text,verified-unchanged,分岐の判断原理と対象側が一致,locked-not-implemented
10,sales-monster,営業モンスター,AOIF,sales-monster.m02,比較圧縮,sales-monster.m02.s01,基準整理,q16,divergent_convergent,A,目的に直接関係する不足情報だけを追加で集める,1.3,type-question-frequency-v1,type,verified-unchanged,分岐の判断原理と対象側が一致,locked-not-implemented
10,sales-monster,営業モンスター,AOIF,sales-monster.m02,比較圧縮,sales-monster.m02.s01,基準整理,q24,divergent_convergent,A,判断の基準を決め、良さそうな案を少数に絞る,1.3,type-question-frequency-v1,type,verified-unchanged,分岐の判断原理と対象側が一致,locked-not-implemented
10,sales-monster,営業モンスター,AOIF,sales-monster.m02,比較圧縮,sales-monster.m02.s01,基準整理,q32,divergent_convergent,A,いったん判断基準を決め、結論を出す段階へ進む,1.3,type-question-frequency-v1,type,verified-unchanged,分岐の判断原理と対象側が一致,locked-not-implemented
10,sales-monster,営業モンスター,AOIF,sales-monster.m02,比較圧縮,sales-monster.m02.s02,本命提示,q21,thinking_action,A,今ある情報で決め、必要なら結果を見て直す,1.0,type-question-frequency-v1,type,verified-unchanged,分岐の判断原理と対象側が一致,locked-not-implemented
10,sales-monster,営業モンスター,AOIF,sales-monster.m02,比較圧縮,sales-monster.m02.s02,本命提示,q24,divergent_convergent,A,判断の基準を決め、良さそうな案を少数に絞る,1.3,type-question-frequency-v1,type,verified-unchanged,分岐の判断原理と対象側が一致,locked-not-implemented
10,sales-monster,営業モンスター,AOIF,sales-monster.m02,比較圧縮,sales-monster.m02.s02,本命提示,q30,offensive_stable,B,一部に差が出ても、最も伸びそうな仕事へ力を集める,1.4,type-question-frequency-v1,type,verified-unchanged,分岐の判断原理と対象側が一致,locked-not-implemented
10,sales-monster,営業モンスター,AOIF,sales-monster.m02,比較圧縮,sales-monster.m02.s02,本命提示,q32,divergent_convergent,A,いったん判断基準を決め、結論を出す段階へ進む,1.3,type-question-frequency-v1,type,verified-unchanged,分岐の判断原理と対象側が一致,locked-not-implemented
10,sales-monster,営業モンスター,AOIF,sales-monster.m03,条件設計,sales-monster.m03.s01,条件調整,q11,solo_team,A,相手が重視することと未決定の点を整理し、選びやすい形で示す,1.0,type-question-frequency-v1,type,verified-unchanged,分岐の判断原理と対象側が一致,locked-not-implemented
10,sales-monster,営業モンスター,AOIF,sales-monster.m03,条件設計,sales-monster.m03.s01,条件調整,q15,solo_team,B,自分の担当に関する事実と判断を整理し、専門的な案を示す,1.2,type-question-frequency-v1,text,verified-unchanged,分岐の判断原理と対象側が一致,locked-not-implemented
10,sales-monster,営業モンスター,AOIF,sales-monster.m03,条件設計,sales-monster.m03.s01,条件調整,q18,offensive_stable,A,効果と負担を説明し、心配な点を確認したうえで、早めに判断してもらう,1.4,type-question-frequency-v1,text,verified-unchanged,分岐の判断原理と対象側が一致,locked-not-implemented
10,sales-monster,営業モンスター,AOIF,sales-monster.m03,条件設計,sales-monster.m03.s02,段階合意,q05,thinking_action,A,まず仮の進め方で始め、途中で必要な確認をする,1.3,type-question-frequency-v1,type,verified-unchanged,分岐の判断原理と対象側が一致,locked-not-implemented
10,sales-monster,営業モンスター,AOIF,sales-monster.m03,条件設計,sales-monster.m03.s02,段階合意,q11,solo_team,A,相手が重視することと未決定の点を整理し、選びやすい形で示す,1.0,type-question-frequency-v1,type,verified-unchanged,分岐の判断原理と対象側が一致,locked-not-implemented
10,sales-monster,営業モンスター,AOIF,sales-monster.m03,条件設計,sales-monster.m03.s02,段階合意,q17,thinking_action,B,今ある情報でいったん決め、結果を見て見直す,1.3,type-question-frequency-v1,text,verified-unchanged,分岐の判断原理と対象側が一致,locked-not-implemented
10,sales-monster,営業モンスター,AOIF,sales-monster.m03,条件設計,sales-monster.m03.s02,段階合意,q21,thinking_action,A,今ある情報で決め、必要なら結果を見て直す,1.0,type-question-frequency-v1,type,verified-unchanged,分岐の判断原理と対象側が一致,locked-not-implemented
10,sales-monster,営業モンスター,AOIF,sales-monster.m03,条件設計,sales-monster.m03.s03,関係者接続,q11,solo_team,A,相手が重視することと未決定の点を整理し、選びやすい形で示す,1.0,type-question-frequency-v1,manual-semantic,verified-unchanged,分岐の判断原理と対象側が一致,locked-not-implemented
10,sales-monster,営業モンスター,AOIF,sales-monster.m03,条件設計,sales-monster.m03.s03,関係者接続,q15,solo_team,A,早めに情報を集め、それぞれの心配や譲れない条件を確認して、合意できる点を探す,1.2,type-question-frequency-v1,manual-semantic,verified-unchanged,分岐の判断原理と対象側が一致,locked-not-implemented
10,sales-monster,営業モンスター,AOIF,sales-monster.m03,条件設計,sales-monster.m03.s03,関係者接続,q23,solo_team,A,役割を組み直し、他の人の得意なことを生かして進める,1.4,type-question-frequency-v1,manual-semantic,verified-unchanged,分岐の判断原理と対象側が一致,locked-not-implemented
10,sales-monster,営業モンスター,AOIF,sales-monster.m03,条件設計,sales-monster.m03.s03,関係者接続,q39,solo_team,A,短い共有をこまめに行い、認識のずれや遅れをその都度そろえる,1.3,type-question-frequency-v1,manual-semantic,verified-unchanged,分岐の判断原理と対象側が一致,locked-not-implemented
10,sales-monster,営業モンスター,AOIF,sales-monster.m04,行動着地,sales-monster.m04.s01,即時着地,q05,thinking_action,A,まず仮の進め方で始め、途中で必要な確認をする,1.3,type-question-frequency-v1,manual-semantic,verified-unchanged,分岐の判断原理と対象側が一致,locked-not-implemented
10,sales-monster,営業モンスター,AOIF,sales-monster.m04,行動着地,sales-monster.m04.s01,即時着地,q21,thinking_action,A,今ある情報で決め、必要なら結果を見て直す,1.0,type-question-frequency-v1,manual-semantic,verified-unchanged,分岐の判断原理と対象側が一致,locked-not-implemented
10,sales-monster,営業モンスター,AOIF,sales-monster.m04,行動着地,sales-monster.m04.s01,即時着地,q35,solo_team,B,その場で話を続け、迷っている理由や決める条件を確かめる,1.1,type-question-frequency-v1,manual-semantic,verified-unchanged,分岐の判断原理と対象側が一致,locked-not-implemented
10,sales-monster,営業モンスター,AOIF,sales-monster.m04,行動着地,sales-monster.m04.s02,追跡着地,q11,solo_team,A,相手が重視することと未決定の点を整理し、選びやすい形で示す,1.0,type-question-frequency-v1,manual-semantic,verified-unchanged,分岐の判断原理と対象側が一致,locked-not-implemented
10,sales-monster,営業モンスター,AOIF,sales-monster.m04,行動着地,sales-monster.m04.s02,追跡着地,q21,thinking_action,B,残り時間で追加確認をし、より確かな判断をしてから決める,1.0,type-question-frequency-v1,manual-semantic,verified-unchanged,分岐の判断原理と対象側が一致,locked-not-implemented
10,sales-monster,営業モンスター,AOIF,sales-monster.m04,行動着地,sales-monster.m04.s02,追跡着地,q35,solo_team,A,いったん持ち帰り、判断材料を整理して比べやすく示す,1.1,type-question-frequency-v1,manual-semantic,verified-unchanged,分岐の判断原理と対象側が一致,locked-not-implemented
10,sales-monster,営業モンスター,AOIF,sales-monster.m04,行動着地,sales-monster.m04.s02,追跡着地,q39,solo_team,B,担当と確認するタイミングを決め、そこまでは各自に任せる,1.3,type-question-frequency-v1,manual-semantic,verified-unchanged,分岐の判断原理と対象側が一致,locked-not-implemented
11,producer,巻き込みプロデューサー,AOGE,producer.m01,参加起動,producer.m01.s01,意味付与,q11,solo_team,B,途中の案を見せ、相手の反応や追加情報をもらいながら固める,1.1,type-question-frequency-v1,text,verified-unchanged,分岐の判断原理と対象側が一致,locked-not-implemented
11,producer,巻き込みプロデューサー,AOGE,producer.m01,参加起動,producer.m01.s01,意味付与,q15,solo_team,A,早めに情報を集め、それぞれの心配や譲れない条件を確認して、合意できる点を探す,1.2,type-question-frequency-v1,text,verified-unchanged,分岐の判断原理と対象側が一致,locked-not-implemented
11,producer,巻き込みプロデューサー,AOGE,producer.m01,参加起動,producer.m01.s01,意味付与,q35,solo_team,B,その場で話を続け、迷っている理由や決める条件を確かめる,1.2,type-question-frequency-v1,text,verified-unchanged,分岐の判断原理と対象側が一致,locked-not-implemented
11,producer,巻き込みプロデューサー,AOGE,producer.m01,参加起動,producer.m01.s02,役割提示,q03,solo_team,A,自分の担当とゴールを明確にし、最後まで責任を持つ,1.3,type-question-frequency-v1,manual-semantic,verified-unchanged,分岐の判断原理と対象側が一致,locked-not-implemented
11,producer,巻き込みプロデューサー,AOGE,producer.m01,参加起動,producer.m01.s02,役割提示,q11,solo_team,A,相手が重視することと未決定の点を整理し、選びやすい形で示す,1.1,type-question-frequency-v1,manual-semantic,verified-unchanged,分岐の判断原理と対象側が一致,locked-not-implemented
11,producer,巻き込みプロデューサー,AOGE,producer.m01,参加起動,producer.m01.s02,役割提示,q23,solo_team,A,役割を組み直し、他の人の得意なことを生かして進める,1.0,type-question-frequency-v1,manual-semantic,verified-unchanged,分岐の判断原理と対象側が一致,locked-not-implemented
11,producer,巻き込みプロデューサー,AOGE,producer.m01,参加起動,producer.m01.s02,役割提示,q39,solo_team,B,担当と確認するタイミングを決め、そこまでは各自に任せる,1.2,type-question-frequency-v1,manual-semantic,verified-unchanged,分岐の判断原理と対象側が一致,locked-not-implemented
11,producer,巻き込みプロデューサー,AOGE,producer.m01,参加起動,producer.m01.s03,初動形成,q05,thinking_action,A,まず仮の進め方で始め、途中で必要な確認をする,1.3,type-question-frequency-v1,manual-semantic-batch3,direction-changed,関心が生まれた場で最初の行動を作る分岐のため、準備後開始ではなく仮に始める側へ修正,locked-not-implemented
11,producer,巻き込みプロデューサー,AOGE,producer.m01,参加起動,producer.m01.s03,初動形成,q17,thinking_action,B,今ある情報でいったん決め、結果を見て見直す,1.3,type-question-frequency-v1,text,verified-unchanged,分岐の判断原理と対象側が一致,locked-not-implemented
11,producer,巻き込みプロデューサー,AOGE,producer.m01,参加起動,producer.m01.s03,初動形成,q21,thinking_action,A,今ある情報で決め、必要なら結果を見て直す,1.4,type-question-frequency-v1,type,verified-unchanged,分岐の判断原理と対象側が一致,locked-not-implemented
11,producer,巻き込みプロデューサー,AOGE,producer.m01,参加起動,producer.m01.s03,初動形成,q35,solo_team,B,その場で話を続け、迷っている理由や決める条件を確かめる,1.2,type-question-frequency-v1,text,verified-unchanged,分岐の判断原理と対象側が一致,locked-not-implemented
11,producer,巻き込みプロデューサー,AOGE,producer.m01,参加起動,producer.m01.s03,初動形成,q37,thinking_action,A,今できるところから進め、使えない方法は別のやり方に変える,1.3,type-question-frequency-v1,type,verified-unchanged,分岐の判断原理と対象側が一致,locked-not-implemented
11,producer,巻き込みプロデューサー,AOGE,producer.m02,共同試作,producer.m02.s01,対話編集,q11,solo_team,B,途中の案を見せ、相手の反応や追加情報をもらいながら固める,1.1,type-question-frequency-v1,type,verified-unchanged,分岐の判断原理と対象側が一致,locked-not-implemented
11,producer,巻き込みプロデューサー,AOGE,producer.m02,共同試作,producer.m02.s01,対話編集,q20,divergent_convergent,A,実現できるかはいったん置き、方向の違う案をたくさん出す,1.4,type-question-frequency-v1,type,verified-unchanged,分岐の判断原理と対象側が一致,locked-not-implemented
11,producer,巻き込みプロデューサー,AOGE,producer.m02,共同試作,producer.m02.s01,対話編集,q24,divergent_convergent,B,案を組み合わせ、さらに新しい可能性を増やす,1.2,type-question-frequency-v1,text,verified-unchanged,分岐の判断原理と対象側が一致,locked-not-implemented
11,producer,巻き込みプロデューサー,AOGE,producer.m02,共同試作,producer.m02.s01,対話編集,q35,solo_team,B,その場で話を続け、迷っている理由や決める条件を確かめる,1.2,type-question-frequency-v1,type,verified-unchanged,分岐の判断原理と対象側が一致,locked-not-implemented
11,producer,巻き込みプロデューサー,AOGE,producer.m02,共同試作,producer.m02.s02,現場試作,q01,thinking_action,B,まず少し動き、わかったことをもとに進め方を考える,1.4,type-question-frequency-v1,type,verified-unchanged,分岐の判断原理と対象側が一致,locked-not-implemented
11,producer,巻き込みプロデューサー,AOGE,producer.m02,共同試作,producer.m02.s02,現場試作,q05,thinking_action,A,まず仮の進め方で始め、途中で必要な確認をする,1.3,type-question-frequency-v1,type,verified-unchanged,分岐の判断原理と対象側が一致,locked-not-implemented
11,producer,巻き込みプロデューサー,AOGE,producer.m02,共同試作,producer.m02.s02,現場試作,q11,solo_team,B,途中の案を見せ、相手の反応や追加情報をもらいながら固める,1.1,type-question-frequency-v1,text,verified-unchanged,分岐の判断原理と対象側が一致,locked-not-implemented
11,producer,巻き込みプロデューサー,AOGE,producer.m02,共同試作,producer.m02.s02,現場試作,q17,thinking_action,B,今ある情報でいったん決め、結果を見て見直す,1.3,type-question-frequency-v1,type,verified-unchanged,分岐の判断原理と対象側が一致,locked-not-implemented
11,producer,巻き込みプロデューサー,AOGE,producer.m02,共同試作,producer.m02.s02,現場試作,q22,offensive_stable,B,最低限の使い方を共有して全体で始め、問題が出たら運用を直す,1.3,type-question-frequency-v1,type,verified-unchanged,分岐の判断原理と対象側が一致,locked-not-implemented
11,producer,巻き込みプロデューサー,AOGE,producer.m02,共同試作,producer.m02.s02,現場試作,q37,thinking_action,A,今できるところから進め、使えない方法は別のやり方に変える,1.3,type-question-frequency-v1,type,verified-unchanged,分岐の判断原理と対象側が一致,locked-not-implemented
11,producer,巻き込みプロデューサー,AOGE,producer.m03,資源接続,producer.m03.s01,強み配置,q03,solo_team,B,担当を細かく区切らず、抜けがあれば互いに補う,1.3,type-question-frequency-v1,manual-semantic,verified-unchanged,分岐の判断原理と対象側が一致,locked-not-implemented
11,producer,巻き込みプロデューサー,AOGE,producer.m03,資源接続,producer.m03.s01,強み配置,q18,offensive_stable,B,無理なく続けられる手順と確認方法を整えてから導入する,1.4,type-question-frequency-v1,manual-semantic,verified-unchanged,分岐の判断原理と対象側が一致,locked-not-implemented
11,producer,巻き込みプロデューサー,AOGE,producer.m03,資源接続,producer.m03.s01,強み配置,q22,offensive_stable,A,使う範囲と確認するタイミングを決め、今の仕事に影響が出にくいところから移す,1.3,type-question-frequency-v1,manual-semantic,verified-unchanged,分岐の判断原理と対象側が一致,locked-not-implemented
11,producer,巻き込みプロデューサー,AOGE,producer.m03,資源接続,producer.m03.s01,強み配置,q23,solo_team,A,役割を組み直し、他の人の得意なことを生かして進める,1.0,type-question-frequency-v1,manual-semantic,verified-unchanged,分岐の判断原理と対象側が一致,locked-not-implemented
11,producer,巻き込みプロデューサー,AOGE,producer.m03,資源接続,producer.m03.s01,強み配置,q27,solo_team,B,みんなの強みがうまく合わさり、一人では出せない成果になった時,1.2,type-question-frequency-v1,manual-semantic,verified-unchanged,分岐の判断原理と対象側が一致,locked-not-implemented
11,producer,巻き込みプロデューサー,AOGE,producer.m03,資源接続,producer.m03.s01,強み配置,q31,solo_team,A,チーム全体の成果に貢献したことを評価される,1.2,type-question-frequency-v1,manual-semantic,verified-unchanged,分岐の判断原理と対象側が一致,locked-not-implemented
11,producer,巻き込みプロデューサー,AOGE,producer.m03,資源接続,producer.m03.s01,強み配置,q39,solo_team,A,短い共有をこまめに行い、認識のずれや遅れをその都度そろえる,1.2,type-question-frequency-v1,manual-semantic,verified-unchanged,分岐の判断原理と対象側が一致,locked-not-implemented
11,producer,巻き込みプロデューサー,AOGE,producer.m03,資源接続,producer.m03.s02,条件再編,q06,offensive_stable,B,余った時間や人手を使い、成果をさらに伸ばす,1.4,type-question-frequency-v1,type,verified-unchanged,分岐の判断原理と対象側が一致,locked-not-implemented
11,producer,巻き込みプロデューサー,AOGE,producer.m03,資源接続,producer.m03.s02,条件再編,q24,divergent_convergent,B,案を組み合わせ、さらに新しい可能性を増やす,1.2,type-question-frequency-v1,text,verified-unchanged,分岐の判断原理と対象側が一致,locked-not-implemented
11,producer,巻き込みプロデューサー,AOGE,producer.m03,資源接続,producer.m03.s02,条件再編,q30,offensive_stable,B,一部に差が出ても、最も伸びそうな仕事へ力を集める,1.4,type-question-frequency-v1,type,verified-unchanged,分岐の判断原理と対象側が一致,locked-not-implemented
11,producer,巻き込みプロデューサー,AOGE,producer.m03,資源接続,producer.m03.s02,条件再編,q36,divergent_convergent,A,一つの用途だけにせず、別の使い方にも広げられる形にする,1.3,type-question-frequency-v1,type,verified-unchanged,分岐の判断原理と対象側が一致,locked-not-implemented
11,producer,巻き込みプロデューサー,AOGE,producer.m03,資源接続,producer.m03.s03,境界接続,q15,solo_team,A,早めに情報を集め、それぞれの心配や譲れない条件を確認して、合意できる点を探す,1.2,type-question-frequency-v1,text,verified-unchanged,分岐の判断原理と対象側が一致,locked-not-implemented
11,producer,巻き込みプロデューサー,AOGE,producer.m03,資源接続,producer.m03.s03,境界接続,q19,solo_team,B,早めに詳しい人へ相談し、知識を持ち寄って解決する,1.3,type-question-frequency-v1,text,verified-unchanged,分岐の判断原理と対象側が一致,locked-not-implemented
11,producer,巻き込みプロデューサー,AOGE,producer.m03,資源接続,producer.m03.s03,境界接続,q23,solo_team,A,役割を組み直し、他の人の得意なことを生かして進める,1.0,type-question-frequency-v1,type,verified-unchanged,分岐の判断原理と対象側が一致,locked-not-implemented
11,producer,巻き込みプロデューサー,AOGE,producer.m03,資源接続,producer.m03.s03,境界接続,q39,solo_team,A,短い共有をこまめに行い、認識のずれや遅れをその都度そろえる,1.2,type-question-frequency-v1,text,verified-unchanged,分岐の判断原理と対象側が一致,locked-not-implemented
11,producer,巻き込みプロデューサー,AOGE,producer.m04,連鎖拡張,producer.m04.s01,成果展開,q12,divergent_convergent,A,関係が薄そうな情報も集め、意外なつながりを探す,1.3,type-question-frequency-v1,type,verified-unchanged,分岐の判断原理と対象側が一致,locked-not-implemented
11,producer,巻き込みプロデューサー,AOGE,producer.m04,連鎖拡張,producer.m04.s01,成果展開,q16,divergent_convergent,B,周りの情報まで広げ、新しい論点がないか探す,1.3,type-question-frequency-v1,text,verified-unchanged,分岐の判断原理と対象側が一致,locked-not-implemented
11,producer,巻き込みプロデューサー,AOGE,producer.m04,連鎖拡張,producer.m04.s01,成果展開,q23,solo_team,A,役割を組み直し、他の人の得意なことを生かして進める,1.0,type-question-frequency-v1,manual-semantic-batch3-added,evidence-added,横展開後の企画を新しい参加者の役割へ変える証拠を追加,locked-not-implemented
11,producer,巻き込みプロデューサー,AOGE,producer.m04,連鎖拡張,producer.m04.s01,成果展開,q24,divergent_convergent,B,案を組み合わせ、さらに新しい可能性を増やす,1.2,type-question-frequency-v1,text,verified-unchanged,分岐の判断原理と対象側が一致,locked-not-implemented
11,producer,巻き込みプロデューサー,AOGE,producer.m04,連鎖拡張,producer.m04.s01,成果展開,q27,solo_team,B,みんなの強みがうまく合わさり、一人では出せない成果になった時,1.2,type-question-frequency-v1,manual-semantic-batch3-added,evidence-added,一つの成果を複数人が参加する次の成果へ変える人物像を識別するため追加,locked-not-implemented
11,producer,巻き込みプロデューサー,AOGE,producer.m04,連鎖拡張,producer.m04.s01,成果展開,q31,solo_team,A,チーム全体の成果に貢献したことを評価される,1.2,type-question-frequency-v1,manual-semantic-batch3-added,evidence-added,個人成果の再利用ではなく、チーム成果へ広げる責任を識別するため追加,locked-not-implemented
11,producer,巻き込みプロデューサー,AOGE,producer.m04,連鎖拡張,producer.m04.s01,成果展開,q36,divergent_convergent,A,一つの用途だけにせず、別の使い方にも広げられる形にする,1.3,type-question-frequency-v1,text,verified-unchanged,分岐の判断原理と対象側が一致,locked-not-implemented
11,producer,巻き込みプロデューサー,AOGE,producer.m04,連鎖拡張,producer.m04.s01,成果展開,q40,divergent_convergent,B,早く絞りすぎて、もっと良い可能性を逃すこと,1.4,type-question-frequency-v1,text,verified-unchanged,分岐の判断原理と対象側が一致,locked-not-implemented
11,producer,巻き込みプロデューサー,AOGE,producer.m04,連鎖拡張,producer.m04.s02,協力連鎖,q12,divergent_convergent,A,関係が薄そうな情報も集め、意外なつながりを探す,1.3,type-question-frequency-v1,type,verified-unchanged,分岐の判断原理と対象側が一致,locked-not-implemented
11,producer,巻き込みプロデューサー,AOGE,producer.m04,連鎖拡張,producer.m04.s02,協力連鎖,q15,solo_team,A,早めに情報を集め、それぞれの心配や譲れない条件を確認して、合意できる点を探す,1.2,type-question-frequency-v1,type,verified-unchanged,分岐の判断原理と対象側が一致,locked-not-implemented
11,producer,巻き込みプロデューサー,AOGE,producer.m04,連鎖拡張,producer.m04.s02,協力連鎖,q16,divergent_convergent,B,周りの情報まで広げ、新しい論点がないか探す,1.3,type-question-frequency-v1,type,verified-unchanged,分岐の判断原理と対象側が一致,locked-not-implemented
11,producer,巻き込みプロデューサー,AOGE,producer.m04,連鎖拡張,producer.m04.s02,協力連鎖,q19,solo_team,B,早めに詳しい人へ相談し、知識を持ち寄って解決する,1.3,type-question-frequency-v1,type,verified-unchanged,分岐の判断原理と対象側が一致,locked-not-implemented
11,producer,巻き込みプロデューサー,AOGE,producer.m04,連鎖拡張,producer.m04.s02,協力連鎖,q23,solo_team,A,役割を組み直し、他の人の得意なことを生かして進める,1.0,type-question-frequency-v1,type,verified-unchanged,分岐の判断原理と対象側が一致,locked-not-implemented
11,producer,巻き込みプロデューサー,AOGE,producer.m04,連鎖拡張,producer.m04.s02,協力連鎖,q27,solo_team,B,みんなの強みがうまく合わさり、一人では出せない成果になった時,1.2,type-question-frequency-v1,type,verified-unchanged,分岐の判断原理と対象側が一致,locked-not-implemented
11,producer,巻き込みプロデューサー,AOGE,producer.m04,連鎖拡張,producer.m04.s02,協力連鎖,q28,divergent_convergent,A,複数の案を残し、比べるための材料を増やす,1.4,type-question-frequency-v1,type,verified-unchanged,分岐の判断原理と対象側が一致,locked-not-implemented
11,producer,巻き込みプロデューサー,AOGE,producer.m04,連鎖拡張,producer.m04.s02,協力連鎖,q31,solo_team,A,チーム全体の成果に貢献したことを評価される,1.2,type-question-frequency-v1,type,verified-unchanged,分岐の判断原理と対象側が一致,locked-not-implemented
12,frontline-commander,前線指揮官,AOGF,frontline-commander.m01,危機制御,frontline-commander.m01.s01,影響封じ,q07,solo_team,A,チーム全体の進め方を見直し、みんなで立て直す,1.125,type-question-frequency-v1,text,verified-unchanged,分岐の判断原理と対象側が一致,locked-not-implemented
12,frontline-commander,前線指揮官,AOGF,frontline-commander.m01,危機制御,frontline-commander.m01.s01,影響封じ,q21,thinking_action,A,今ある情報で決め、必要なら結果を見て直す,1.125,type-question-frequency-v1,type,verified-unchanged,分岐の判断原理と対象側が一致,locked-not-implemented
12,frontline-commander,前線指揮官,AOGF,frontline-commander.m01,危機制御,frontline-commander.m01.s01,影響封じ,q25,thinking_action,B,まず影響を止め、その場で動きながら原因を探す,1.375,type-question-frequency-v1,text,verified-unchanged,分岐の判断原理と対象側が一致,locked-not-implemented
12,frontline-commander,前線指揮官,AOGF,frontline-commander.m01,危機制御,frontline-commander.m01.s01,影響封じ,q29,thinking_action,A,仕事を止めず、一つずつ対処し、共通の原因は後で整理する,1.125,type-question-frequency-v1,text,verified-unchanged,分岐の判断原理と対象側が一致,locked-not-implemented
12,frontline-commander,前線指揮官,AOGF,frontline-commander.m01,危機制御,frontline-commander.m01.s02,復旧再開,q22,offensive_stable,B,最低限の使い方を共有して全体で始め、問題が出たら運用を直す,1.25,type-question-frequency-v1,text,verified-unchanged,分岐の判断原理と対象側が一致,locked-not-implemented
12,frontline-commander,前線指揮官,AOGF,frontline-commander.m01,危機制御,frontline-commander.m01.s02,復旧再開,q23,solo_team,A,役割を組み直し、他の人の得意なことを生かして進める,1.25,type-question-frequency-v1,text,verified-unchanged,分岐の判断原理と対象側が一致,locked-not-implemented
12,frontline-commander,前線指揮官,AOGF,frontline-commander.m01,危機制御,frontline-commander.m01.s02,復旧再開,q29,thinking_action,A,仕事を止めず、一つずつ対処し、共通の原因は後で整理する,1.125,type-question-frequency-v1,type,verified-unchanged,分岐の判断原理と対象側が一致,locked-not-implemented
12,frontline-commander,前線指揮官,AOGF,frontline-commander.m01,危機制御,frontline-commander.m01.s02,復旧再開,q37,thinking_action,A,今できるところから進め、使えない方法は別のやり方に変える,1.0,type-question-frequency-v1,type,verified-unchanged,分岐の判断原理と対象側が一致,locked-not-implemented
12,frontline-commander,前線指揮官,AOGF,frontline-commander.m02,戦力再編,frontline-commander.m02.s01,得意配置,q15,solo_team,A,早めに情報を集め、それぞれの心配や譲れない条件を確認して、合意できる点を探す,1.0,type-question-frequency-v1,text,verified-unchanged,分岐の判断原理と対象側が一致,locked-not-implemented
12,frontline-commander,前線指揮官,AOGF,frontline-commander.m02,戦力再編,frontline-commander.m02.s01,得意配置,q23,solo_team,A,役割を組み直し、他の人の得意なことを生かして進める,1.25,type-question-frequency-v1,text,verified-unchanged,分岐の判断原理と対象側が一致,locked-not-implemented
12,frontline-commander,前線指揮官,AOGF,frontline-commander.m02,戦力再編,frontline-commander.m02.s01,得意配置,q27,solo_team,B,みんなの強みがうまく合わさり、一人では出せない成果になった時,1.375,type-question-frequency-v1,type,verified-unchanged,分岐の判断原理と対象側が一致,locked-not-implemented
12,frontline-commander,前線指揮官,AOGF,frontline-commander.m02,戦力再編,frontline-commander.m02.s01,得意配置,q31,solo_team,A,チーム全体の成果に貢献したことを評価される,1.375,type-question-frequency-v1,type,verified-unchanged,分岐の判断原理と対象側が一致,locked-not-implemented
12,frontline-commander,前線指揮官,AOGF,frontline-commander.m02,戦力再編,frontline-commander.m02.s02,重点投入,q02,offensive_stable,A,達成できない可能性があっても、期待以上の成果を狙う,1.375,type-question-frequency-v1,text,verified-unchanged,分岐の判断原理と対象側が一致,locked-not-implemented
12,frontline-commander,前線指揮官,AOGF,frontline-commander.m02,戦力再編,frontline-commander.m02.s02,重点投入,q06,offensive_stable,B,余った時間や人手を使い、成果をさらに伸ばす,1.375,type-question-frequency-v1,type,verified-unchanged,分岐の判断原理と対象側が一致,locked-not-implemented
12,frontline-commander,前線指揮官,AOGF,frontline-commander.m02,戦力再編,frontline-commander.m02.s02,重点投入,q26,offensive_stable,A,少し負担が増えても、目立つ価値を一つ加える,1.375,type-question-frequency-v1,type,verified-unchanged,分岐の判断原理と対象側が一致,locked-not-implemented
12,frontline-commander,前線指揮官,AOGF,frontline-commander.m02,戦力再編,frontline-commander.m02.s02,重点投入,q30,offensive_stable,B,一部に差が出ても、最も伸びそうな仕事へ力を集める,1.375,type-question-frequency-v1,text,verified-unchanged,分岐の判断原理と対象側が一致,locked-not-implemented
12,frontline-commander,前線指揮官,AOGF,frontline-commander.m02,戦力再編,frontline-commander.m02.s03,責任再設定,q03,solo_team,A,自分の担当とゴールを明確にし、最後まで責任を持つ,1.25,type-question-frequency-v1,manual-semantic,verified-unchanged,分岐の判断原理と対象側が一致,locked-not-implemented
12,frontline-commander,前線指揮官,AOGF,frontline-commander.m02,戦力再編,frontline-commander.m02.s03,責任再設定,q07,solo_team,A,チーム全体の進め方を見直し、みんなで立て直す,1.125,type-question-frequency-v1,manual-semantic,verified-unchanged,分岐の判断原理と対象側が一致,locked-not-implemented
12,frontline-commander,前線指揮官,AOGF,frontline-commander.m02,戦力再編,frontline-commander.m02.s03,責任再設定,q15,solo_team,A,早めに情報を集め、それぞれの心配や譲れない条件を確認して、合意できる点を探す,1.0,type-question-frequency-v1,manual-semantic,verified-unchanged,分岐の判断原理と対象側が一致,locked-not-implemented
12,frontline-commander,前線指揮官,AOGF,frontline-commander.m02,戦力再編,frontline-commander.m02.s03,責任再設定,q39,solo_team,B,担当と確認するタイミングを決め、そこまでは各自に任せる,1.125,type-question-frequency-v1,manual-semantic,verified-unchanged,分岐の判断原理と対象側が一致,locked-not-implemented
12,frontline-commander,前線指揮官,AOGF,frontline-commander.m03,方針収束,frontline-commander.m03.s01,仮方針,q05,thinking_action,A,まず仮の進め方で始め、途中で必要な確認をする,1.375,type-question-frequency-v1,manual-semantic-batch3,direction-changed,可逆的な仮方針を置いて現場を動かす分岐のため、確認後開始ではなく仮に始める側へ修正,locked-not-implemented
12,frontline-commander,前線指揮官,AOGF,frontline-commander.m03,方針収束,frontline-commander.m03.s01,仮方針,q17,thinking_action,B,今ある情報でいったん決め、結果を見て見直す,1.375,type-question-frequency-v1,type,verified-unchanged,分岐の判断原理と対象側が一致,locked-not-implemented
12,frontline-commander,前線指揮官,AOGF,frontline-commander.m03,方針収束,frontline-commander.m03.s01,仮方針,q21,thinking_action,A,今ある情報で決め、必要なら結果を見て直す,1.125,type-question-frequency-v1,type,verified-unchanged,分岐の判断原理と対象側が一致,locked-not-implemented
12,frontline-commander,前線指揮官,AOGF,frontline-commander.m03,方針収束,frontline-commander.m03.s01,仮方針,q37,thinking_action,A,今できるところから進め、使えない方法は別のやり方に変える,1.0,type-question-frequency-v1,text,verified-unchanged,分岐の判断原理と対象側が一致,locked-not-implemented
12,frontline-commander,前線指揮官,AOGF,frontline-commander.m03,方針収束,frontline-commander.m03.s02,重点方針,q08,divergent_convergent,A,影響の大きい原因から順に、調べるものを絞る,1.375,type-question-frequency-v1,type,verified-unchanged,分岐の判断原理と対象側が一致,locked-not-implemented
12,frontline-commander,前線指揮官,AOGF,frontline-commander.m03,方針収束,frontline-commander.m03.s02,重点方針,q12,divergent_convergent,B,判断に必要な情報を決め、そこに絞って集める,1.375,type-question-frequency-v1,type,verified-unchanged,分岐の判断原理と対象側が一致,locked-not-implemented
12,frontline-commander,前線指揮官,AOGF,frontline-commander.m03,方針収束,frontline-commander.m03.s02,重点方針,q16,divergent_convergent,A,目的に直接関係する不足情報だけを追加で集める,1.375,type-question-frequency-v1,type,verified-unchanged,分岐の判断原理と対象側が一致,locked-not-implemented
12,frontline-commander,前線指揮官,AOGF,frontline-commander.m03,方針収束,frontline-commander.m03.s02,重点方針,q24,divergent_convergent,A,判断の基準を決め、良さそうな案を少数に絞る,1.375,type-question-frequency-v1,type,verified-unchanged,分岐の判断原理と対象側が一致,locked-not-implemented
12,frontline-commander,前線指揮官,AOGF,frontline-commander.m03,方針収束,frontline-commander.m03.s02,重点方針,q28,divergent_convergent,B,早めに一つの案を選び、その案を深く考える,1.375,type-question-frequency-v1,type,verified-unchanged,分岐の判断原理と対象側が一致,locked-not-implemented
12,frontline-commander,前線指揮官,AOGF,frontline-commander.m03,方針収束,frontline-commander.m03.s02,重点方針,q32,divergent_convergent,A,いったん判断基準を決め、結論を出す段階へ進む,1.375,type-question-frequency-v1,type,verified-unchanged,分岐の判断原理と対象側が一致,locked-not-implemented
12,frontline-commander,前線指揮官,AOGF,frontline-commander.m03,方針収束,frontline-commander.m03.s02,重点方針,q40,divergent_convergent,A,広げすぎて、結局何も形にならないこと,1.375,type-question-frequency-v1,type,verified-unchanged,分岐の判断原理と対象側が一致,locked-not-implemented
12,frontline-commander,前線指揮官,AOGF,frontline-commander.m03,方針収束,frontline-commander.m03.s03,合意方針,q11,solo_team,B,途中の案を見せ、相手の反応や追加情報をもらいながら固める,1.375,type-question-frequency-v1,type,verified-unchanged,分岐の判断原理と対象側が一致,locked-not-implemented
12,frontline-commander,前線指揮官,AOGF,frontline-commander.m03,方針収束,frontline-commander.m03.s03,合意方針,q15,solo_team,A,早めに情報を集め、それぞれの心配や譲れない条件を確認して、合意できる点を探す,1.0,type-question-frequency-v1,text,verified-unchanged,分岐の判断原理と対象側が一致,locked-not-implemented
12,frontline-commander,前線指揮官,AOGF,frontline-commander.m03,方針収束,frontline-commander.m03.s03,合意方針,q35,solo_team,B,その場で話を続け、迷っている理由や決める条件を確かめる,1.375,type-question-frequency-v1,text,verified-unchanged,分岐の判断原理と対象側が一致,locked-not-implemented
12,frontline-commander,前線指揮官,AOGF,frontline-commander.m03,方針収束,frontline-commander.m03.s03,合意方針,q39,solo_team,A,短い共有をこまめに行い、認識のずれや遅れをその都度そろえる,1.125,type-question-frequency-v1,text,verified-unchanged,分岐の判断原理と対象側が一致,locked-not-implemented
12,frontline-commander,前線指揮官,AOGF,frontline-commander.m04,進行回復,frontline-commander.m04.s01,現場修正,q14,offensive_stable,B,一時的な混乱は受け入れ、早めに新しい案へ切り替える,1.375,type-question-frequency-v1,text,verified-unchanged,分岐の判断原理と対象側が一致,locked-not-implemented
12,frontline-commander,前線指揮官,AOGF,frontline-commander.m04,進行回復,frontline-commander.m04.s01,現場修正,q22,offensive_stable,B,最低限の使い方を共有して全体で始め、問題が出たら運用を直す,1.25,type-question-frequency-v1,text,verified-unchanged,分岐の判断原理と対象側が一致,locked-not-implemented
12,frontline-commander,前線指揮官,AOGF,frontline-commander.m04,進行回復,frontline-commander.m04.s01,現場修正,q29,thinking_action,A,仕事を止めず、一つずつ対処し、共通の原因は後で整理する,1.125,type-question-frequency-v1,type,verified-unchanged,分岐の判断原理と対象側が一致,locked-not-implemented
12,frontline-commander,前線指揮官,AOGF,frontline-commander.m04,進行回復,frontline-commander.m04.s01,現場修正,q37,thinking_action,A,今できるところから進め、使えない方法は別のやり方に変える,1.0,type-question-frequency-v1,type,verified-unchanged,分岐の判断原理と対象側が一致,locked-not-implemented
12,frontline-commander,前線指揮官,AOGF,frontline-commander.m04,進行回復,frontline-commander.m04.s02,進捗回収,q03,solo_team,A,自分の担当とゴールを明確にし、最後まで責任を持つ,1.25,type-question-frequency-v1,manual-semantic,verified-unchanged,分岐の判断原理と対象側が一致,locked-not-implemented
12,frontline-commander,前線指揮官,AOGF,frontline-commander.m04,進行回復,frontline-commander.m04.s02,進捗回収,q07,solo_team,A,チーム全体の進め方を見直し、みんなで立て直す,1.125,type-question-frequency-v1,manual-semantic,verified-unchanged,分岐の判断原理と対象側が一致,locked-not-implemented
12,frontline-commander,前線指揮官,AOGF,frontline-commander.m04,進行回復,frontline-commander.m04.s02,進捗回収,q15,solo_team,A,早めに情報を集め、それぞれの心配や譲れない条件を確認して、合意できる点を探す,1.0,type-question-frequency-v1,manual-semantic,verified-unchanged,分岐の判断原理と対象側が一致,locked-not-implemented
12,frontline-commander,前線指揮官,AOGF,frontline-commander.m04,進行回復,frontline-commander.m04.s02,進捗回収,q21,thinking_action,A,今ある情報で決め、必要なら結果を見て直す,1.125,type-question-frequency-v1,manual-semantic,verified-unchanged,分岐の判断原理と対象側が一致,locked-not-implemented
12,frontline-commander,前線指揮官,AOGF,frontline-commander.m04,進行回復,frontline-commander.m04.s02,進捗回収,q37,thinking_action,B,計画を立て直し、優先順位と再開する条件を決めてから動く,1.0,type-question-frequency-v1,manual-semantic,verified-unchanged,分岐の判断原理と対象側が一致,locked-not-implemented
12,frontline-commander,前線指揮官,AOGF,frontline-commander.m04,進行回復,frontline-commander.m04.s02,進捗回収,q39,solo_team,B,担当と確認するタイミングを決め、そこまでは各自に任せる,1.125,type-question-frequency-v1,manual-semantic,verified-unchanged,分岐の判断原理と対象側が一致,locked-not-implemented
13,lone-crafter,孤高のクラフター,ASIE,lone-crafter.m01,試作発見,lone-crafter.m01.s01,粗形試作,q01,thinking_action,B,まず少し動き、わかったことをもとに進め方を考える,1.375,type-question-frequency-v1,type,verified-unchanged,分岐の判断原理と対象側が一致,locked-not-implemented
13,lone-crafter,孤高のクラフター,ASIE,lone-crafter.m01,試作発見,lone-crafter.m01.s01,粗形試作,q05,thinking_action,A,まず仮の進め方で始め、途中で必要な確認をする,1.25,type-question-frequency-v1,type,verified-unchanged,分岐の判断原理と対象側が一致,locked-not-implemented
13,lone-crafter,孤高のクラフター,ASIE,lone-crafter.m01,試作発見,lone-crafter.m01.s01,粗形試作,q09,thinking_action,B,必要なところから触り、使いながら全体を覚える,1.25,type-question-frequency-v1,text,verified-unchanged,分岐の判断原理と対象側が一致,locked-not-implemented
13,lone-crafter,孤高のクラフター,ASIE,lone-crafter.m01,試作発見,lone-crafter.m01.s01,粗形試作,q13,thinking_action,A,まずやってみて、つまずいたところから大事な点をつかむ,1.125,type-question-frequency-v1,type,verified-unchanged,分岐の判断原理と対象側が一致,locked-not-implemented
13,lone-crafter,孤高のクラフター,ASIE,lone-crafter.m01,試作発見,lone-crafter.m01.s01,粗形試作,q17,thinking_action,B,今ある情報でいったん決め、結果を見て見直す,1.375,type-question-frequency-v1,type,verified-unchanged,分岐の判断原理と対象側が一致,locked-not-implemented
13,lone-crafter,孤高のクラフター,ASIE,lone-crafter.m01,試作発見,lone-crafter.m01.s01,粗形試作,q21,thinking_action,A,今ある情報で決め、必要なら結果を見て直す,1.375,type-question-frequency-v1,type,verified-unchanged,分岐の判断原理と対象側が一致,locked-not-implemented
13,lone-crafter,孤高のクラフター,ASIE,lone-crafter.m01,試作発見,lone-crafter.m01.s01,粗形試作,q33,thinking_action,B,まず内容を書き出し、後から構成を整える,1.125,type-question-frequency-v1,text,verified-unchanged,分岐の判断原理と対象側が一致,locked-not-implemented
13,lone-crafter,孤高のクラフター,ASIE,lone-crafter.m01,試作発見,lone-crafter.m01.s02,比較試作,q05,thinking_action,A,まず仮の進め方で始め、途中で必要な確認をする,1.25,type-question-frequency-v1,type,verified-unchanged,分岐の判断原理と対象側が一致,locked-not-implemented
13,lone-crafter,孤高のクラフター,ASIE,lone-crafter.m01,試作発見,lone-crafter.m01.s02,比較試作,q13,thinking_action,A,まずやってみて、つまずいたところから大事な点をつかむ,1.125,type-question-frequency-v1,type,verified-unchanged,分岐の判断原理と対象側が一致,locked-not-implemented
13,lone-crafter,孤高のクラフター,ASIE,lone-crafter.m01,試作発見,lone-crafter.m01.s02,比較試作,q20,divergent_convergent,A,実現できるかはいったん置き、方向の違う案をたくさん出す,1.25,type-question-frequency-v1,type,verified-unchanged,分岐の判断原理と対象側が一致,locked-not-implemented
13,lone-crafter,孤高のクラフター,ASIE,lone-crafter.m01,試作発見,lone-crafter.m01.s02,比較試作,q24,divergent_convergent,A,判断の基準を決め、良さそうな案を少数に絞る,1.125,type-question-frequency-v1,manual-semantic-batch4,direction-changed,複数の実物を比較して判断基準を見つける分岐のため、案をさらに組み合わせる側ではなく基準を置いて絞る側へ修正,locked-not-implemented
13,lone-crafter,孤高のクラフター,ASIE,lone-crafter.m01,試作発見,lone-crafter.m01.s02,比較試作,q28,divergent_convergent,A,複数の案を残し、比べるための材料を増やす,1.25,type-question-frequency-v1,type,verified-unchanged,分岐の判断原理と対象側が一致,locked-not-implemented
13,lone-crafter,孤高のクラフター,ASIE,lone-crafter.m01,試作発見,lone-crafter.m01.s02,比較試作,q32,divergent_convergent,B,まだ見落としている案がないか、もう少し広げて考える,1.25,type-question-frequency-v1,type,verified-unchanged,分岐の判断原理と対象側が一致,locked-not-implemented
13,lone-crafter,孤高のクラフター,ASIE,lone-crafter.m01,試作発見,lone-crafter.m01.s02,比較試作,q40,divergent_convergent,B,早く絞りすぎて、もっと良い可能性を逃すこと,1.25,type-question-frequency-v1,type,verified-unchanged,分岐の判断原理と対象側が一致,locked-not-implemented
13,lone-crafter,孤高のクラフター,ASIE,lone-crafter.m01,試作発見,lone-crafter.m01.s03,要望具体化,q11,solo_team,A,相手が重視することと未決定の点を整理し、選びやすい形で示す,1.25,type-question-frequency-v1,text,verified-unchanged,分岐の判断原理と対象側が一致,locked-not-implemented
13,lone-crafter,孤高のクラフター,ASIE,lone-crafter.m01,試作発見,lone-crafter.m01.s03,要望具体化,q20,divergent_convergent,A,実現できるかはいったん置き、方向の違う案をたくさん出す,1.25,type-question-frequency-v1,type,verified-unchanged,分岐の判断原理と対象側が一致,locked-not-implemented
13,lone-crafter,孤高のクラフター,ASIE,lone-crafter.m01,試作発見,lone-crafter.m01.s03,要望具体化,q24,divergent_convergent,B,案を組み合わせ、さらに新しい可能性を増やす,1.125,type-question-frequency-v1,type,verified-unchanged,分岐の判断原理と対象側が一致,locked-not-implemented
13,lone-crafter,孤高のクラフター,ASIE,lone-crafter.m01,試作発見,lone-crafter.m01.s03,要望具体化,q33,thinking_action,B,まず内容を書き出し、後から構成を整える,1.125,type-question-frequency-v1,text,verified-unchanged,分岐の判断原理と対象側が一致,locked-not-implemented
13,lone-crafter,孤高のクラフター,ASIE,lone-crafter.m01,試作発見,lone-crafter.m01.s03,要望具体化,q35,solo_team,A,いったん持ち帰り、判断材料を整理して比べやすく示す,1.25,type-question-frequency-v1,text,verified-unchanged,分岐の判断原理と対象側が一致,locked-not-implemented
13,lone-crafter,孤高のクラフター,ASIE,lone-crafter.m02,品質研磨,lone-crafter.m02.s01,違和感修正,q04,divergent_convergent,A,目的や前提から見直し、別の考え方も探す,1.25,type-question-frequency-v1,type,verified-unchanged,分岐の判断原理と対象側が一致,locked-not-implemented
13,lone-crafter,孤高のクラフター,ASIE,lone-crafter.m02,品質研磨,lone-crafter.m02.s01,違和感修正,q08,divergent_convergent,B,見落としがないよう、周りの原因まで広く考える,1.375,type-question-frequency-v1,type,verified-unchanged,分岐の判断原理と対象側が一致,locked-not-implemented
13,lone-crafter,孤高のクラフター,ASIE,lone-crafter.m02,品質研磨,lone-crafter.m02.s01,違和感修正,q16,divergent_convergent,B,周りの情報まで広げ、新しい論点がないか探す,1.25,type-question-frequency-v1,type,verified-unchanged,分岐の判断原理と対象側が一致,locked-not-implemented
13,lone-crafter,孤高のクラフター,ASIE,lone-crafter.m02,品質研磨,lone-crafter.m02.s01,違和感修正,q25,thinking_action,B,まず影響を止め、その場で動きながら原因を探す,1.25,type-question-frequency-v1,text,verified-unchanged,分岐の判断原理と対象側が一致,locked-not-implemented
13,lone-crafter,孤高のクラフター,ASIE,lone-crafter.m02,品質研磨,lone-crafter.m02.s01,違和感修正,q26,offensive_stable,B,工夫は増やしすぎず、全体の品質と締切を確実に守る,1.25,type-question-frequency-v1,type,verified-unchanged,分岐の判断原理と対象側が一致,locked-not-implemented
13,lone-crafter,孤高のクラフター,ASIE,lone-crafter.m02,品質研磨,lone-crafter.m02.s01,違和感修正,q37,thinking_action,A,今できるところから進め、使えない方法は別のやり方に変える,1.0,type-question-frequency-v1,type,verified-unchanged,分岐の判断原理と対象側が一致,locked-not-implemented
13,lone-crafter,孤高のクラフター,ASIE,lone-crafter.m02,品質研磨,lone-crafter.m02.s01,違和感修正,q38,offensive_stable,A,大きな混乱を起こさず、品質と信頼を守れた時,1.25,type-question-frequency-v1,type,verified-unchanged,分岐の判断原理と対象側が一致,locked-not-implemented
13,lone-crafter,孤高のクラフター,ASIE,lone-crafter.m02,品質研磨,lone-crafter.m02.s02,使用感改良,q11,solo_team,A,相手が重視することと未決定の点を整理し、選びやすい形で示す,1.25,type-question-frequency-v1,text,verified-unchanged,分岐の判断原理と対象側が一致,locked-not-implemented
13,lone-crafter,孤高のクラフター,ASIE,lone-crafter.m02,品質研磨,lone-crafter.m02.s02,使用感改良,q14,offensive_stable,A,今の品質を守りながら、一部で新しい案を試す,1.25,type-question-frequency-v1,type,verified-unchanged,分岐の判断原理と対象側が一致,locked-not-implemented
13,lone-crafter,孤高のクラフター,ASIE,lone-crafter.m02,品質研磨,lone-crafter.m02.s02,使用感改良,q22,offensive_stable,A,使う範囲と確認するタイミングを決め、今の仕事に影響が出にくいところから移す,1.25,type-question-frequency-v1,type,verified-unchanged,分岐の判断原理と対象側が一致,locked-not-implemented
13,lone-crafter,孤高のクラフター,ASIE,lone-crafter.m02,品質研磨,lone-crafter.m02.s02,使用感改良,q35,solo_team,A,いったん持ち帰り、判断材料を整理して比べやすく示す,1.25,type-question-frequency-v1,type,verified-unchanged,分岐の判断原理と対象側が一致,locked-not-implemented
13,lone-crafter,孤高のクラフター,ASIE,lone-crafter.m02,品質研磨,lone-crafter.m02.s02,使用感改良,q36,divergent_convergent,A,一つの用途だけにせず、別の使い方にも広げられる形にする,1.25,type-question-frequency-v1,type,verified-unchanged,分岐の判断原理と対象側が一致,locked-not-implemented
13,lone-crafter,孤高のクラフター,ASIE,lone-crafter.m02,品質研磨,lone-crafter.m02.s02,使用感改良,q37,thinking_action,A,今できるところから進め、使えない方法は別のやり方に変える,1.0,type-question-frequency-v1,text,verified-unchanged,分岐の判断原理と対象側が一致,locked-not-implemented
13,lone-crafter,孤高のクラフター,ASIE,lone-crafter.m02,品質研磨,lone-crafter.m02.s03,耐久安定,q06,offensive_stable,A,急な変更にも対応できる余裕を残し、品質を安定させる,1.375,type-question-frequency-v1,type,verified-unchanged,分岐の判断原理と対象側が一致,locked-not-implemented
13,lone-crafter,孤高のクラフター,ASIE,lone-crafter.m02,品質研磨,lone-crafter.m02.s03,耐久安定,q10,offensive_stable,B,失敗しても影響が小さくなる準備をしてから広げる,1.375,type-question-frequency-v1,type,verified-unchanged,分岐の判断原理と対象側が一致,locked-not-implemented
13,lone-crafter,孤高のクラフター,ASIE,lone-crafter.m02,品質研磨,lone-crafter.m02.s03,耐久安定,q14,offensive_stable,A,今の品質を守りながら、一部で新しい案を試す,1.25,type-question-frequency-v1,type,verified-unchanged,分岐の判断原理と対象側が一致,locked-not-implemented
13,lone-crafter,孤高のクラフター,ASIE,lone-crafter.m02,品質研磨,lone-crafter.m02.s03,耐久安定,q18,offensive_stable,B,無理なく続けられる手順と確認方法を整えてから導入する,1.375,type-question-frequency-v1,text,verified-unchanged,分岐の判断原理と対象側が一致,locked-not-implemented
13,lone-crafter,孤高のクラフター,ASIE,lone-crafter.m02,品質研磨,lone-crafter.m02.s03,耐久安定,q22,offensive_stable,A,使う範囲と確認するタイミングを決め、今の仕事に影響が出にくいところから移す,1.25,type-question-frequency-v1,type,verified-unchanged,分岐の判断原理と対象側が一致,locked-not-implemented
13,lone-crafter,孤高のクラフター,ASIE,lone-crafter.m02,品質研磨,lone-crafter.m02.s03,耐久安定,q26,offensive_stable,B,工夫は増やしすぎず、全体の品質と締切を確実に守る,1.25,type-question-frequency-v1,type,verified-unchanged,分岐の判断原理と対象側が一致,locked-not-implemented
13,lone-crafter,孤高のクラフター,ASIE,lone-crafter.m02,品質研磨,lone-crafter.m02.s03,耐久安定,q34,offensive_stable,B,成果を求めすぎて、守るべき品質や信頼を失うこと,1.375,type-question-frequency-v1,type,verified-unchanged,分岐の判断原理と対象側が一致,locked-not-implemented
13,lone-crafter,孤高のクラフター,ASIE,lone-crafter.m02,品質研磨,lone-crafter.m02.s03,耐久安定,q38,offensive_stable,A,大きな混乱を起こさず、品質と信頼を守れた時,1.25,type-question-frequency-v1,text,verified-unchanged,分岐の判断原理と対象側が一致,locked-not-implemented
13,lone-crafter,孤高のクラフター,ASIE,lone-crafter.m03,工程発明,lone-crafter.m03.s01,手順短縮,q09,thinking_action,B,必要なところから触り、使いながら全体を覚える,1.25,type-question-frequency-v1,text,verified-unchanged,分岐の判断原理と対象側が一致,locked-not-implemented
13,lone-crafter,孤高のクラフター,ASIE,lone-crafter.m03,工程発明,lone-crafter.m03.s01,手順短縮,q13,thinking_action,A,まずやってみて、つまずいたところから大事な点をつかむ,1.125,type-question-frequency-v1,type,verified-unchanged,分岐の判断原理と対象側が一致,locked-not-implemented
13,lone-crafter,孤高のクラフター,ASIE,lone-crafter.m03,工程発明,lone-crafter.m03.s01,手順短縮,q23,solo_team,B,自分だけで完結できるよう、手順や進め方を工夫する,1.25,type-question-frequency-v1,text,verified-unchanged,分岐の判断原理と対象側が一致,locked-not-implemented
13,lone-crafter,孤高のクラフター,ASIE,lone-crafter.m03,工程発明,lone-crafter.m03.s01,手順短縮,q29,thinking_action,A,仕事を止めず、一つずつ対処し、共通の原因は後で整理する,1.25,type-question-frequency-v1,type,verified-unchanged,分岐の判断原理と対象側が一致,locked-not-implemented
13,lone-crafter,孤高のクラフター,ASIE,lone-crafter.m03,工程発明,lone-crafter.m03.s01,手順短縮,q33,thinking_action,B,まず内容を書き出し、後から構成を整える,1.125,type-question-frequency-v1,text,verified-unchanged,分岐の判断原理と対象側が一致,locked-not-implemented
13,lone-crafter,孤高のクラフター,ASIE,lone-crafter.m03,工程発明,lone-crafter.m03.s01,手順短縮,q37,thinking_action,A,今できるところから進め、使えない方法は別のやり方に変える,1.0,type-question-frequency-v1,text,verified-unchanged,分岐の判断原理と対象側が一致,locked-not-implemented
13,lone-crafter,孤高のクラフター,ASIE,lone-crafter.m03,工程発明,lone-crafter.m03.s02,再利用設計,q04,divergent_convergent,A,目的や前提から見直し、別の考え方も探す,1.25,type-question-frequency-v1,type,verified-unchanged,分岐の判断原理と対象側が一致,locked-not-implemented
13,lone-crafter,孤高のクラフター,ASIE,lone-crafter.m03,工程発明,lone-crafter.m03.s02,再利用設計,q12,divergent_convergent,A,関係が薄そうな情報も集め、意外なつながりを探す,1.375,type-question-frequency-v1,text,verified-unchanged,分岐の判断原理と対象側が一致,locked-not-implemented
13,lone-crafter,孤高のクラフター,ASIE,lone-crafter.m03,工程発明,lone-crafter.m03.s02,再利用設計,q16,divergent_convergent,B,周りの情報まで広げ、新しい論点がないか探す,1.25,type-question-frequency-v1,type,verified-unchanged,分岐の判断原理と対象側が一致,locked-not-implemented
13,lone-crafter,孤高のクラフター,ASIE,lone-crafter.m03,工程発明,lone-crafter.m03.s02,再利用設計,q24,divergent_convergent,B,案を組み合わせ、さらに新しい可能性を増やす,1.125,type-question-frequency-v1,text,verified-unchanged,分岐の判断原理と対象側が一致,locked-not-implemented
13,lone-crafter,孤高のクラフター,ASIE,lone-crafter.m03,工程発明,lone-crafter.m03.s02,再利用設計,q28,divergent_convergent,A,複数の案を残し、比べるための材料を増やす,1.25,type-question-frequency-v1,type,verified-unchanged,分岐の判断原理と対象側が一致,locked-not-implemented
13,lone-crafter,孤高のクラフター,ASIE,lone-crafter.m03,工程発明,lone-crafter.m03.s02,再利用設計,q32,divergent_convergent,B,まだ見落としている案がないか、もう少し広げて考える,1.25,type-question-frequency-v1,type,verified-unchanged,分岐の判断原理と対象側が一致,locked-not-implemented
13,lone-crafter,孤高のクラフター,ASIE,lone-crafter.m03,工程発明,lone-crafter.m03.s02,再利用設計,q36,divergent_convergent,A,一つの用途だけにせず、別の使い方にも広げられる形にする,1.25,type-question-frequency-v1,type,verified-unchanged,分岐の判断原理と対象側が一致,locked-not-implemented
13,lone-crafter,孤高のクラフター,ASIE,lone-crafter.m03,工程発明,lone-crafter.m03.s02,再利用設計,q40,divergent_convergent,B,早く絞りすぎて、もっと良い可能性を逃すこと,1.25,type-question-frequency-v1,type,verified-unchanged,分岐の判断原理と対象側が一致,locked-not-implemented
13,lone-crafter,孤高のクラフター,ASIE,lone-crafter.m04,専門自走,lone-crafter.m04.s01,即応復旧,q07,solo_team,B,自分の担当部分を引き取り、自分のやり方で立て直す,1.375,type-question-frequency-v1,text,verified-unchanged,分岐の判断原理と対象側が一致,locked-not-implemented
13,lone-crafter,孤高のクラフター,ASIE,lone-crafter.m04,専門自走,lone-crafter.m04.s01,即応復旧,q25,thinking_action,B,まず影響を止め、その場で動きながら原因を探す,1.25,type-question-frequency-v1,text,verified-unchanged,分岐の判断原理と対象側が一致,locked-not-implemented
13,lone-crafter,孤高のクラフター,ASIE,lone-crafter.m04,専門自走,lone-crafter.m04.s01,即応復旧,q29,thinking_action,A,仕事を止めず、一つずつ対処し、共通の原因は後で整理する,1.25,type-question-frequency-v1,text,verified-unchanged,分岐の判断原理と対象側が一致,locked-not-implemented
13,lone-crafter,孤高のクラフター,ASIE,lone-crafter.m04,専門自走,lone-crafter.m04.s01,即応復旧,q37,thinking_action,A,今できるところから進め、使えない方法は別のやり方に変える,1.0,type-question-frequency-v1,type,verified-unchanged,分岐の判断原理と対象側が一致,locked-not-implemented
13,lone-crafter,孤高のクラフター,ASIE,lone-crafter.m04,専門自走,lone-crafter.m04.s02,一貫制作,q03,solo_team,A,自分の担当とゴールを明確にし、最後まで責任を持つ,1.375,type-question-frequency-v1,text,verified-unchanged,分岐の判断原理と対象側が一致,locked-not-implemented
13,lone-crafter,孤高のクラフター,ASIE,lone-crafter.m04,専門自走,lone-crafter.m04.s02,一貫制作,q19,solo_team,A,まず自分で仮説を立て、解決までの道筋を考える,1.375,type-question-frequency-v1,text,verified-unchanged,分岐の判断原理と対象側が一致,locked-not-implemented
13,lone-crafter,孤高のクラフター,ASIE,lone-crafter.m04,専門自走,lone-crafter.m04.s02,一貫制作,q23,solo_team,B,自分だけで完結できるよう、手順や進め方を工夫する,1.25,type-question-frequency-v1,text,verified-unchanged,分岐の判断原理と対象側が一致,locked-not-implemented
13,lone-crafter,孤高のクラフター,ASIE,lone-crafter.m04,専門自走,lone-crafter.m04.s02,一貫制作,q27,solo_team,A,自分の専門性や判断が、そのまま成果につながった時,1.375,type-question-frequency-v1,type,verified-unchanged,分岐の判断原理と対象側が一致,locked-not-implemented
13,lone-crafter,孤高のクラフター,ASIE,lone-crafter.m04,専門自走,lone-crafter.m04.s02,一貫制作,q31,solo_team,B,自分が担当した専門分野の成果を評価される,1.375,type-question-frequency-v1,text,verified-unchanged,分岐の判断原理と対象側が一致,locked-not-implemented
13,lone-crafter,孤高のクラフター,ASIE,lone-crafter.m04,専門自走,lone-crafter.m04.s02,一貫制作,q39,solo_team,B,担当と確認するタイミングを決め、そこまでは各自に任せる,1.375,type-question-frequency-v1,text,verified-unchanged,分岐の判断原理と対象側が一致,locked-not-implemented
14,closer,完遂クローザー,ASIF,closer.m01,完了条件固定,closer.m01.s01,成果条件固定,q03,solo_team,A,自分の担当とゴールを明確にし、最後まで責任を持つ,1.25,type-question-frequency-v1,type,verified-unchanged,分岐の判断原理と対象側が一致,locked-not-implemented
14,closer,完遂クローザー,ASIF,closer.m01,完了条件固定,closer.m01.s01,成果条件固定,q11,solo_team,A,相手が重視することと未決定の点を整理し、選びやすい形で示す,1.1667,type-question-frequency-v1,type,verified-unchanged,分岐の判断原理と対象側が一致,locked-not-implemented
14,closer,完遂クローザー,ASIF,closer.m01,完了条件固定,closer.m01.s01,成果条件固定,q18,offensive_stable,B,無理なく続けられる手順と確認方法を整えてから導入する,1.0833,type-question-frequency-v1,type,verified-unchanged,分岐の判断原理と対象側が一致,locked-not-implemented
14,closer,完遂クローザー,ASIF,closer.m01,完了条件固定,closer.m01.s01,成果条件固定,q22,offensive_stable,A,使う範囲と確認するタイミングを決め、今の仕事に影響が出にくいところから移す,1.1667,type-question-frequency-v1,type,verified-unchanged,分岐の判断原理と対象側が一致,locked-not-implemented
14,closer,完遂クローザー,ASIF,closer.m01,完了条件固定,closer.m01.s01,成果条件固定,q26,offensive_stable,B,工夫は増やしすぎず、全体の品質と締切を確実に守る,1.25,type-question-frequency-v1,type,verified-unchanged,分岐の判断原理と対象側が一致,locked-not-implemented
14,closer,完遂クローザー,ASIF,closer.m01,完了条件固定,closer.m01.s01,成果条件固定,q34,offensive_stable,B,成果を求めすぎて、守るべき品質や信頼を失うこと,1.25,type-question-frequency-v1,type,verified-unchanged,分岐の判断原理と対象側が一致,locked-not-implemented
14,closer,完遂クローザー,ASIF,closer.m01,完了条件固定,closer.m01.s01,成果条件固定,q36,divergent_convergent,B,使い道を一つに絞り、限られた要素を目的に合う形へ組み直す,1.4167,type-question-frequency-v1,type,verified-unchanged,分岐の判断原理と対象側が一致,locked-not-implemented
14,closer,完遂クローザー,ASIF,closer.m01,完了条件固定,closer.m01.s01,成果条件固定,q39,solo_team,B,担当と確認するタイミングを決め、そこまでは各自に任せる,1.0,type-question-frequency-v1,type,verified-unchanged,分岐の判断原理と対象側が一致,locked-not-implemented
14,closer,完遂クローザー,ASIF,closer.m01,完了条件固定,closer.m01.s01,成果条件固定,q40,divergent_convergent,A,広げすぎて、結局何も形にならないこと,1.3333,type-question-frequency-v1,type,verified-unchanged,分岐の判断原理と対象側が一致,locked-not-implemented
14,closer,完遂クローザー,ASIF,closer.m01,完了条件固定,closer.m01.s02,品質基準固定,q06,offensive_stable,A,急な変更にも対応できる余裕を残し、品質を安定させる,1.3333,type-question-frequency-v1,type,verified-unchanged,分岐の判断原理と対象側が一致,locked-not-implemented
14,closer,完遂クローザー,ASIF,closer.m01,完了条件固定,closer.m01.s02,品質基準固定,q10,offensive_stable,B,失敗しても影響が小さくなる準備をしてから広げる,1.3333,type-question-frequency-v1,type,verified-unchanged,分岐の判断原理と対象側が一致,locked-not-implemented
14,closer,完遂クローザー,ASIF,closer.m01,完了条件固定,closer.m01.s02,品質基準固定,q14,offensive_stable,A,今の品質を守りながら、一部で新しい案を試す,1.3333,type-question-frequency-v1,type,verified-unchanged,分岐の判断原理と対象側が一致,locked-not-implemented
14,closer,完遂クローザー,ASIF,closer.m01,完了条件固定,closer.m01.s02,品質基準固定,q18,offensive_stable,B,無理なく続けられる手順と確認方法を整えてから導入する,1.0833,type-question-frequency-v1,type,verified-unchanged,分岐の判断原理と対象側が一致,locked-not-implemented
14,closer,完遂クローザー,ASIF,closer.m01,完了条件固定,closer.m01.s02,品質基準固定,q22,offensive_stable,A,使う範囲と確認するタイミングを決め、今の仕事に影響が出にくいところから移す,1.1667,type-question-frequency-v1,type,verified-unchanged,分岐の判断原理と対象側が一致,locked-not-implemented
14,closer,完遂クローザー,ASIF,closer.m01,完了条件固定,closer.m01.s02,品質基準固定,q26,offensive_stable,B,工夫は増やしすぎず、全体の品質と締切を確実に守る,1.25,type-question-frequency-v1,type,verified-unchanged,分岐の判断原理と対象側が一致,locked-not-implemented
14,closer,完遂クローザー,ASIF,closer.m01,完了条件固定,closer.m01.s02,品質基準固定,q30,offensive_stable,A,すべてを一定以上の水準に保てるよう、バランスよく配分する,1.3333,type-question-frequency-v1,type,verified-unchanged,分岐の判断原理と対象側が一致,locked-not-implemented
14,closer,完遂クローザー,ASIF,closer.m01,完了条件固定,closer.m01.s02,品質基準固定,q34,offensive_stable,B,成果を求めすぎて、守るべき品質や信頼を失うこと,1.25,type-question-frequency-v1,type,verified-unchanged,分岐の判断原理と対象側が一致,locked-not-implemented
14,closer,完遂クローザー,ASIF,closer.m01,完了条件固定,closer.m01.s02,品質基準固定,q38,offensive_stable,A,大きな混乱を起こさず、品質と信頼を守れた時,1.3333,type-question-frequency-v1,type,verified-unchanged,分岐の判断原理と対象側が一致,locked-not-implemented
14,closer,完遂クローザー,ASIF,closer.m01,完了条件固定,closer.m01.s02,品質基準固定,q39,solo_team,B,担当と確認するタイミングを決め、そこまでは各自に任せる,1.0,type-question-frequency-v1,type,verified-unchanged,分岐の判断原理と対象側が一致,locked-not-implemented
14,closer,完遂クローザー,ASIF,closer.m01,完了条件固定,closer.m01.s03,受取状態確認,q11,solo_team,A,相手が重視することと未決定の点を整理し、選びやすい形で示す,1.1667,type-question-frequency-v1,manual-semantic,verified-unchanged,分岐の判断原理と対象側が一致,locked-not-implemented
14,closer,完遂クローザー,ASIF,closer.m01,完了条件固定,closer.m01.s03,受取状態確認,q15,solo_team,A,早めに情報を集め、それぞれの心配や譲れない条件を確認して、合意できる点を探す,1.3333,type-question-frequency-v1,manual-semantic,verified-unchanged,分岐の判断原理と対象側が一致,locked-not-implemented
14,closer,完遂クローザー,ASIF,closer.m01,完了条件固定,closer.m01.s03,受取状態確認,q18,offensive_stable,B,無理なく続けられる手順と確認方法を整えてから導入する,1.0833,type-question-frequency-v1,manual-semantic,verified-unchanged,分岐の判断原理と対象側が一致,locked-not-implemented
14,closer,完遂クローザー,ASIF,closer.m01,完了条件固定,closer.m01.s03,受取状態確認,q22,offensive_stable,A,使う範囲と確認するタイミングを決め、今の仕事に影響が出にくいところから移す,1.1667,type-question-frequency-v1,manual-semantic,verified-unchanged,分岐の判断原理と対象側が一致,locked-not-implemented
14,closer,完遂クローザー,ASIF,closer.m01,完了条件固定,closer.m01.s03,受取状態確認,q35,solo_team,A,いったん持ち帰り、判断材料を整理して比べやすく示す,1.25,type-question-frequency-v1,manual-semantic,verified-unchanged,分岐の判断原理と対象側が一致,locked-not-implemented
14,closer,完遂クローザー,ASIF,closer.m01,完了条件固定,closer.m01.s03,受取状態確認,q39,solo_team,B,担当と確認するタイミングを決め、そこまでは各自に任せる,1.0,type-question-frequency-v1,manual-semantic,verified-unchanged,分岐の判断原理と対象側が一致,locked-not-implemented
14,closer,完遂クローザー,ASIF,closer.m02,残件閉鎖,closer.m02.s01,抜け回収,q03,solo_team,A,自分の担当とゴールを明確にし、最後まで責任を持つ,1.25,type-question-frequency-v1,type,verified-unchanged,分岐の判断原理と対象側が一致,locked-not-implemented
14,closer,完遂クローザー,ASIF,closer.m02,残件閉鎖,closer.m02.s01,抜け回収,q07,solo_team,B,自分の担当部分を引き取り、自分のやり方で立て直す,1.3333,type-question-frequency-v1,type,verified-unchanged,分岐の判断原理と対象側が一致,locked-not-implemented
14,closer,完遂クローザー,ASIF,closer.m02,残件閉鎖,closer.m02.s01,抜け回収,q21,thinking_action,A,今ある情報で決め、必要なら結果を見て直す,1.1667,type-question-frequency-v1,type,verified-unchanged,分岐の判断原理と対象側が一致,locked-not-implemented
14,closer,完遂クローザー,ASIF,closer.m02,残件閉鎖,closer.m02.s01,抜け回収,q25,thinking_action,B,まず影響を止め、その場で動きながら原因を探す,1.1667,type-question-frequency-v1,type,verified-unchanged,分岐の判断原理と対象側が一致,locked-not-implemented
14,closer,完遂クローザー,ASIF,closer.m02,残件閉鎖,closer.m02.s01,抜け回収,q29,thinking_action,A,仕事を止めず、一つずつ対処し、共通の原因は後で整理する,1.1667,type-question-frequency-v1,type,verified-unchanged,分岐の判断原理と対象側が一致,locked-not-implemented
14,closer,完遂クローザー,ASIF,closer.m02,残件閉鎖,closer.m02.s01,抜け回収,q32,divergent_convergent,A,いったん判断基準を決め、結論を出す段階へ進む,1.3333,type-question-frequency-v1,type,verified-unchanged,分岐の判断原理と対象側が一致,locked-not-implemented
14,closer,完遂クローザー,ASIF,closer.m02,残件閉鎖,closer.m02.s01,抜け回収,q37,thinking_action,A,今できるところから進め、使えない方法は別のやり方に変える,1.1667,type-question-frequency-v1,type,verified-unchanged,分岐の判断原理と対象側が一致,locked-not-implemented
14,closer,完遂クローザー,ASIF,closer.m02,残件閉鎖,closer.m02.s01,抜け回収,q39,solo_team,B,担当と確認するタイミングを決め、そこまでは各自に任せる,1.0,type-question-frequency-v1,type,verified-unchanged,分岐の判断原理と対象側が一致,locked-not-implemented
14,closer,完遂クローザー,ASIF,closer.m02,残件閉鎖,closer.m02.s02,依存回収,q11,solo_team,A,相手が重視することと未決定の点を整理し、選びやすい形で示す,1.1667,type-question-frequency-v1,type,verified-unchanged,分岐の判断原理と対象側が一致,locked-not-implemented
14,closer,完遂クローザー,ASIF,closer.m02,残件閉鎖,closer.m02.s02,依存回収,q15,solo_team,A,早めに情報を集め、それぞれの心配や譲れない条件を確認して、合意できる点を探す,1.3333,type-question-frequency-v1,manual-semantic-batch4,direction-changed,他者の返答・承認・素材を回収する分岐のため、自分の専門案を示す側ではなく関係者の条件を集める側へ修正,locked-not-implemented
14,closer,完遂クローザー,ASIF,closer.m02,残件閉鎖,closer.m02.s02,依存回収,q18,offensive_stable,B,無理なく続けられる手順と確認方法を整えてから導入する,1.0833,type-question-frequency-v1,type,verified-unchanged,分岐の判断原理と対象側が一致,locked-not-implemented
14,closer,完遂クローザー,ASIF,closer.m02,残件閉鎖,closer.m02.s02,依存回収,q21,thinking_action,A,今ある情報で決め、必要なら結果を見て直す,1.1667,type-question-frequency-v1,type,verified-unchanged,分岐の判断原理と対象側が一致,locked-not-implemented
14,closer,完遂クローザー,ASIF,closer.m02,残件閉鎖,closer.m02.s02,依存回収,q35,solo_team,A,いったん持ち帰り、判断材料を整理して比べやすく示す,1.25,type-question-frequency-v1,type,verified-unchanged,分岐の判断原理と対象側が一致,locked-not-implemented
14,closer,完遂クローザー,ASIF,closer.m02,残件閉鎖,closer.m02.s02,依存回収,q39,solo_team,B,担当と確認するタイミングを決め、そこまでは各自に任せる,1.0,type-question-frequency-v1,type,verified-unchanged,分岐の判断原理と対象側が一致,locked-not-implemented
14,closer,完遂クローザー,ASIF,closer.m03,障害完遂,closer.m03.s01,即応復旧,q05,thinking_action,A,まず仮の進め方で始め、途中で必要な確認をする,1.3333,type-question-frequency-v1,type,verified-unchanged,分岐の判断原理と対象側が一致,locked-not-implemented
14,closer,完遂クローザー,ASIF,closer.m03,障害完遂,closer.m03.s01,即応復旧,q07,solo_team,B,自分の担当部分を引き取り、自分のやり方で立て直す,1.3333,type-question-frequency-v1,type,verified-unchanged,分岐の判断原理と対象側が一致,locked-not-implemented
14,closer,完遂クローザー,ASIF,closer.m03,障害完遂,closer.m03.s01,即応復旧,q17,thinking_action,B,今ある情報でいったん決め、結果を見て見直す,1.3333,type-question-frequency-v1,type,verified-unchanged,分岐の判断原理と対象側が一致,locked-not-implemented
14,closer,完遂クローザー,ASIF,closer.m03,障害完遂,closer.m03.s01,即応復旧,q21,thinking_action,A,今ある情報で決め、必要なら結果を見て直す,1.1667,type-question-frequency-v1,type,verified-unchanged,分岐の判断原理と対象側が一致,locked-not-implemented
14,closer,完遂クローザー,ASIF,closer.m03,障害完遂,closer.m03.s01,即応復旧,q25,thinking_action,B,まず影響を止め、その場で動きながら原因を探す,1.1667,type-question-frequency-v1,type,verified-unchanged,分岐の判断原理と対象側が一致,locked-not-implemented
14,closer,完遂クローザー,ASIF,closer.m03,障害完遂,closer.m03.s01,即応復旧,q29,thinking_action,A,仕事を止めず、一つずつ対処し、共通の原因は後で整理する,1.1667,type-question-frequency-v1,type,verified-unchanged,分岐の判断原理と対象側が一致,locked-not-implemented
14,closer,完遂クローザー,ASIF,closer.m03,障害完遂,closer.m03.s01,即応復旧,q37,thinking_action,A,今できるところから進め、使えない方法は別のやり方に変える,1.1667,type-question-frequency-v1,type,verified-unchanged,分岐の判断原理と対象側が一致,locked-not-implemented
14,closer,完遂クローザー,ASIF,closer.m03,障害完遂,closer.m03.s02,代替完遂,q01,thinking_action,B,まず少し動き、わかったことをもとに進め方を考える,1.4167,type-question-frequency-v1,type,verified-unchanged,分岐の判断原理と対象側が一致,locked-not-implemented
14,closer,完遂クローザー,ASIF,closer.m03,障害完遂,closer.m03.s02,代替完遂,q05,thinking_action,A,まず仮の進め方で始め、途中で必要な確認をする,1.3333,type-question-frequency-v1,type,verified-unchanged,分岐の判断原理と対象側が一致,locked-not-implemented
14,closer,完遂クローザー,ASIF,closer.m03,障害完遂,closer.m03.s02,代替完遂,q13,thinking_action,A,まずやってみて、つまずいたところから大事な点をつかむ,1.4167,type-question-frequency-v1,type,verified-unchanged,分岐の判断原理と対象側が一致,locked-not-implemented
14,closer,完遂クローザー,ASIF,closer.m03,障害完遂,closer.m03.s02,代替完遂,q17,thinking_action,B,今ある情報でいったん決め、結果を見て見直す,1.3333,type-question-frequency-v1,type,verified-unchanged,分岐の判断原理と対象側が一致,locked-not-implemented
14,closer,完遂クローザー,ASIF,closer.m03,障害完遂,closer.m03.s02,代替完遂,q23,solo_team,B,自分だけで完結できるよう、手順や進め方を工夫する,1.4167,type-question-frequency-v1,type,verified-unchanged,分岐の判断原理と対象側が一致,locked-not-implemented
14,closer,完遂クローザー,ASIF,closer.m03,障害完遂,closer.m03.s02,代替完遂,q25,thinking_action,B,まず影響を止め、その場で動きながら原因を探す,1.1667,type-question-frequency-v1,type,verified-unchanged,分岐の判断原理と対象側が一致,locked-not-implemented
14,closer,完遂クローザー,ASIF,closer.m03,障害完遂,closer.m03.s02,代替完遂,q29,thinking_action,A,仕事を止めず、一つずつ対処し、共通の原因は後で整理する,1.1667,type-question-frequency-v1,type,verified-unchanged,分岐の判断原理と対象側が一致,locked-not-implemented
14,closer,完遂クローザー,ASIF,closer.m03,障害完遂,closer.m03.s02,代替完遂,q37,thinking_action,A,今できるところから進め、使えない方法は別のやり方に変える,1.1667,type-question-frequency-v1,type,verified-unchanged,分岐の判断原理と対象側が一致,locked-not-implemented
14,closer,完遂クローザー,ASIF,closer.m03,障害完遂,closer.m03.s03,計画再建,q08,divergent_convergent,A,影響の大きい原因から順に、調べるものを絞る,1.4167,type-question-frequency-v1,type,verified-unchanged,分岐の判断原理と対象側が一致,locked-not-implemented
14,closer,完遂クローザー,ASIF,closer.m03,障害完遂,closer.m03.s03,計画再建,q12,divergent_convergent,B,判断に必要な情報を決め、そこに絞って集める,1.4167,type-question-frequency-v1,type,verified-unchanged,分岐の判断原理と対象側が一致,locked-not-implemented
14,closer,完遂クローザー,ASIF,closer.m03,障害完遂,closer.m03.s03,計画再建,q16,divergent_convergent,A,目的に直接関係する不足情報だけを追加で集める,1.4167,type-question-frequency-v1,type,verified-unchanged,分岐の判断原理と対象側が一致,locked-not-implemented
14,closer,完遂クローザー,ASIF,closer.m03,障害完遂,closer.m03.s03,計画再建,q21,thinking_action,A,今ある情報で決め、必要なら結果を見て直す,1.1667,type-question-frequency-v1,type,verified-unchanged,分岐の判断原理と対象側が一致,locked-not-implemented
14,closer,完遂クローザー,ASIF,closer.m03,障害完遂,closer.m03.s03,計画再建,q24,divergent_convergent,A,判断の基準を決め、良さそうな案を少数に絞る,1.4167,type-question-frequency-v1,type,verified-unchanged,分岐の判断原理と対象側が一致,locked-not-implemented
14,closer,完遂クローザー,ASIF,closer.m03,障害完遂,closer.m03.s03,計画再建,q25,thinking_action,A,原因を分けて考え、直す順番を決めてから対応する,1.1667,type-question-frequency-v1,manual-semantic-batch4,direction-changed,元の計画を止めて原因と直す順番を作り直す分岐のため、その場で動き続ける側ではなく整理後に対応する側へ修正,locked-not-implemented
14,closer,完遂クローザー,ASIF,closer.m03,障害完遂,closer.m03.s03,計画再建,q29,thinking_action,B,いったん止めて共通の原因を見つけてから、再開する,1.1667,type-question-frequency-v1,manual-semantic-batch4,direction-changed,共通原因を特定して再開条件を作る分岐のため、対処を続ける側ではなく一度止めて原因を整理する側へ修正,locked-not-implemented
14,closer,完遂クローザー,ASIF,closer.m03,障害完遂,closer.m03.s03,計画再建,q32,divergent_convergent,A,いったん判断基準を決め、結論を出す段階へ進む,1.3333,type-question-frequency-v1,type,verified-unchanged,分岐の判断原理と対象側が一致,locked-not-implemented
14,closer,完遂クローザー,ASIF,closer.m03,障害完遂,closer.m03.s03,計画再建,q37,thinking_action,A,今できるところから進め、使えない方法は別のやり方に変える,1.1667,type-question-frequency-v1,type,verified-unchanged,分岐の判断原理と対象側が一致,locked-not-implemented
14,closer,完遂クローザー,ASIF,closer.m04,責任終結,closer.m04.s01,引継ぎ完了,q03,solo_team,A,自分の担当とゴールを明確にし、最後まで責任を持つ,1.25,type-question-frequency-v1,type,verified-unchanged,分岐の判断原理と対象側が一致,locked-not-implemented
14,closer,完遂クローザー,ASIF,closer.m04,責任終結,closer.m04.s01,引継ぎ完了,q11,solo_team,A,相手が重視することと未決定の点を整理し、選びやすい形で示す,1.1667,type-question-frequency-v1,type,verified-unchanged,分岐の判断原理と対象側が一致,locked-not-implemented
14,closer,完遂クローザー,ASIF,closer.m04,責任終結,closer.m04.s01,引継ぎ完了,q18,offensive_stable,B,無理なく続けられる手順と確認方法を整えてから導入する,1.0833,type-question-frequency-v1,type,verified-unchanged,分岐の判断原理と対象側が一致,locked-not-implemented
14,closer,完遂クローザー,ASIF,closer.m04,責任終結,closer.m04.s01,引継ぎ完了,q22,offensive_stable,A,使う範囲と確認するタイミングを決め、今の仕事に影響が出にくいところから移す,1.1667,type-question-frequency-v1,type,verified-unchanged,分岐の判断原理と対象側が一致,locked-not-implemented
14,closer,完遂クローザー,ASIF,closer.m04,責任終結,closer.m04.s01,引継ぎ完了,q31,solo_team,A,チーム全体の成果に貢献したことを評価される,1.4167,type-question-frequency-v1,manual-semantic-batch4,direction-changed,引継ぎ後もチームが継続できることを完了とする分岐のため、個人専門成果ではなくチーム成果への貢献側へ修正,locked-not-implemented
14,closer,完遂クローザー,ASIF,closer.m04,責任終結,closer.m04.s01,引継ぎ完了,q35,solo_team,A,いったん持ち帰り、判断材料を整理して比べやすく示す,1.25,type-question-frequency-v1,type,verified-unchanged,分岐の判断原理と対象側が一致,locked-not-implemented
14,closer,完遂クローザー,ASIF,closer.m04,責任終結,closer.m04.s01,引継ぎ完了,q39,solo_team,B,担当と確認するタイミングを決め、そこまでは各自に任せる,1.0,type-question-frequency-v1,type,verified-unchanged,分岐の判断原理と対象側が一致,locked-not-implemented
14,closer,完遂クローザー,ASIF,closer.m04,責任終結,closer.m04.s02,中止精算,q02,offensive_stable,B,確実に達成でき、次も同じように取り組める目標にする,1.4167,type-question-frequency-v1,type,verified-unchanged,分岐の判断原理と対象側が一致,locked-not-implemented
14,closer,完遂クローザー,ASIF,closer.m04,責任終結,closer.m04.s02,中止精算,q06,offensive_stable,A,急な変更にも対応できる余裕を残し、品質を安定させる,1.3333,type-question-frequency-v1,type,verified-unchanged,分岐の判断原理と対象側が一致,locked-not-implemented
14,closer,完遂クローザー,ASIF,closer.m04,責任終結,closer.m04.s02,中止精算,q10,offensive_stable,B,失敗しても影響が小さくなる準備をしてから広げる,1.3333,type-question-frequency-v1,type,verified-unchanged,分岐の判断原理と対象側が一致,locked-not-implemented
14,closer,完遂クローザー,ASIF,closer.m04,責任終結,closer.m04.s02,中止精算,q14,offensive_stable,A,今の品質を守りながら、一部で新しい案を試す,1.3333,type-question-frequency-v1,type,verified-unchanged,分岐の判断原理と対象側が一致,locked-not-implemented
14,closer,完遂クローザー,ASIF,closer.m04,責任終結,closer.m04.s02,中止精算,q26,offensive_stable,B,工夫は増やしすぎず、全体の品質と締切を確実に守る,1.25,type-question-frequency-v1,type,verified-unchanged,分岐の判断原理と対象側が一致,locked-not-implemented
14,closer,完遂クローザー,ASIF,closer.m04,責任終結,closer.m04.s02,中止精算,q30,offensive_stable,A,すべてを一定以上の水準に保てるよう、バランスよく配分する,1.3333,type-question-frequency-v1,type,verified-unchanged,分岐の判断原理と対象側が一致,locked-not-implemented
14,closer,完遂クローザー,ASIF,closer.m04,責任終結,closer.m04.s02,中止精算,q34,offensive_stable,B,成果を求めすぎて、守るべき品質や信頼を失うこと,1.25,type-question-frequency-v1,type,verified-unchanged,分岐の判断原理と対象側が一致,locked-not-implemented
14,closer,完遂クローザー,ASIF,closer.m04,責任終結,closer.m04.s02,中止精算,q38,offensive_stable,A,大きな混乱を起こさず、品質と信頼を守れた時,1.3333,type-question-frequency-v1,type,verified-unchanged,分岐の判断原理と対象側が一致,locked-not-implemented
14,closer,完遂クローザー,ASIF,closer.m04,責任終結,closer.m04.s02,中止精算,q40,divergent_convergent,A,広げすぎて、結局何も形にならないこと,1.3333,type-question-frequency-v1,type,verified-unchanged,分岐の判断原理と対象側が一致,locked-not-implemented
15,team-conductor,ギルド調律師,ASGE,team-conductor.m01,認識接続,team-conductor.m01.s01,目的翻訳,q11,solo_team,B,途中の案を見せ、相手の反応や追加情報をもらいながら固める,1.1875,type-question-frequency-v1,type,verified-unchanged,分岐の判断原理と対象側が一致,locked-not-implemented
15,team-conductor,ギルド調律師,ASGE,team-conductor.m01,認識接続,team-conductor.m01.s01,目的翻訳,q15,solo_team,A,早めに情報を集め、それぞれの心配や譲れない条件を確認して、合意できる点を探す,1.0,type-question-frequency-v1,type,verified-unchanged,分岐の判断原理と対象側が一致,locked-not-implemented
15,team-conductor,ギルド調律師,ASGE,team-conductor.m01,認識接続,team-conductor.m01.s01,目的翻訳,q27,solo_team,B,みんなの強みがうまく合わさり、一人では出せない成果になった時,1.25,type-question-frequency-v1,type,verified-unchanged,分岐の判断原理と対象側が一致,locked-not-implemented
15,team-conductor,ギルド調律師,ASGE,team-conductor.m01,認識接続,team-conductor.m01.s01,目的翻訳,q31,solo_team,A,チーム全体の成果に貢献したことを評価される,1.3125,type-question-frequency-v1,type,verified-unchanged,分岐の判断原理と対象側が一致,locked-not-implemented
15,team-conductor,ギルド調律師,ASGE,team-conductor.m01,認識接続,team-conductor.m01.s01,目的翻訳,q35,solo_team,B,その場で話を続け、迷っている理由や決める条件を確かめる,1.3125,type-question-frequency-v1,type,verified-unchanged,分岐の判断原理と対象側が一致,locked-not-implemented
15,team-conductor,ギルド調律師,ASGE,team-conductor.m01,認識接続,team-conductor.m01.s01,目的翻訳,q39,solo_team,A,短い共有をこまめに行い、認識のずれや遅れをその都度そろえる,1.0,type-question-frequency-v1,type,verified-unchanged,分岐の判断原理と対象側が一致,locked-not-implemented
15,team-conductor,ギルド調律師,ASGE,team-conductor.m01,認識接続,team-conductor.m01.s02,前提共有,q08,divergent_convergent,B,見落としがないよう、周りの原因まで広く考える,1.375,type-question-frequency-v1,type,verified-unchanged,分岐の判断原理と対象側が一致,locked-not-implemented
15,team-conductor,ギルド調律師,ASGE,team-conductor.m01,認識接続,team-conductor.m01.s02,前提共有,q11,solo_team,B,途中の案を見せ、相手の反応や追加情報をもらいながら固める,1.1875,type-question-frequency-v1,type,verified-unchanged,分岐の判断原理と対象側が一致,locked-not-implemented
15,team-conductor,ギルド調律師,ASGE,team-conductor.m01,認識接続,team-conductor.m01.s02,前提共有,q15,solo_team,A,早めに情報を集め、それぞれの心配や譲れない条件を確認して、合意できる点を探す,1.0,type-question-frequency-v1,type,verified-unchanged,分岐の判断原理と対象側が一致,locked-not-implemented
15,team-conductor,ギルド調律師,ASGE,team-conductor.m01,認識接続,team-conductor.m01.s02,前提共有,q16,divergent_convergent,B,周りの情報まで広げ、新しい論点がないか探す,1.375,type-question-frequency-v1,type,verified-unchanged,分岐の判断原理と対象側が一致,locked-not-implemented
15,team-conductor,ギルド調律師,ASGE,team-conductor.m01,認識接続,team-conductor.m01.s02,前提共有,q18,offensive_stable,B,無理なく続けられる手順と確認方法を整えてから導入する,1.25,type-question-frequency-v1,type,verified-unchanged,分岐の判断原理と対象側が一致,locked-not-implemented
15,team-conductor,ギルド調律師,ASGE,team-conductor.m01,認識接続,team-conductor.m01.s02,前提共有,q22,offensive_stable,A,使う範囲と確認するタイミングを決め、今の仕事に影響が出にくいところから移す,1.3125,type-question-frequency-v1,type,verified-unchanged,分岐の判断原理と対象側が一致,locked-not-implemented
15,team-conductor,ギルド調律師,ASGE,team-conductor.m01,認識接続,team-conductor.m01.s02,前提共有,q39,solo_team,A,短い共有をこまめに行い、認識のずれや遅れをその都度そろえる,1.0,type-question-frequency-v1,type,verified-unchanged,分岐の判断原理と対象側が一致,locked-not-implemented
15,team-conductor,ギルド調律師,ASGE,team-conductor.m01,認識接続,team-conductor.m01.s03,判断基準接続,q08,divergent_convergent,A,影響の大きい原因から順に、調べるものを絞る,1.375,type-question-frequency-v1,manual-semantic-batch4,direction-changed,共通判断基準を作る分岐のため、原因を広げ続ける側ではなく影響の大きい論点へ絞る側へ修正,locked-not-implemented
15,team-conductor,ギルド調律師,ASGE,team-conductor.m01,認識接続,team-conductor.m01.s03,判断基準接続,q12,divergent_convergent,B,判断に必要な情報を決め、そこに絞って集める,1.4375,type-question-frequency-v1,manual-semantic-batch4,direction-changed,選択基準に必要な情報をそろえる分岐のため、周辺情報を広げる側ではなく必要情報へ絞る側へ修正,locked-not-implemented
15,team-conductor,ギルド調律師,ASGE,team-conductor.m01,認識接続,team-conductor.m01.s03,判断基準接続,q15,solo_team,A,早めに情報を集め、それぞれの心配や譲れない条件を確認して、合意できる点を探す,1.0,type-question-frequency-v1,type,verified-unchanged,分岐の判断原理と対象側が一致,locked-not-implemented
15,team-conductor,ギルド調律師,ASGE,team-conductor.m01,認識接続,team-conductor.m01.s03,判断基準接続,q16,divergent_convergent,A,目的に直接関係する不足情報だけを追加で集める,1.375,type-question-frequency-v1,manual-semantic-batch4,direction-changed,共通基準で判断するため、周辺論点を増やす側ではなく不足情報だけを追加する側へ修正,locked-not-implemented
15,team-conductor,ギルド調律師,ASGE,team-conductor.m01,認識接続,team-conductor.m01.s03,判断基準接続,q24,divergent_convergent,A,判断の基準を決め、良さそうな案を少数に絞る,1.4375,type-question-frequency-v1,manual-semantic-batch4,direction-changed,意見を組み合わせ続けるのではなく、共通の基準で案を選ぶ分岐へ合わせる,locked-not-implemented
15,team-conductor,ギルド調律師,ASGE,team-conductor.m01,認識接続,team-conductor.m01.s03,判断基準接続,q32,divergent_convergent,A,いったん判断基準を決め、結論を出す段階へ進む,1.4375,type-question-frequency-v1,manual-semantic-batch4,direction-changed,判断基準を接続して結論へ進む分岐のため、選択肢を広げ続ける側ではなく結論へ進む側へ修正,locked-not-implemented
15,team-conductor,ギルド調律師,ASGE,team-conductor.m01,認識接続,team-conductor.m01.s03,判断基準接続,q34,offensive_stable,B,成果を求めすぎて、守るべき品質や信頼を失うこと,1.375,type-question-frequency-v1,type,verified-unchanged,分岐の判断原理と対象側が一致,locked-not-implemented
15,team-conductor,ギルド調律師,ASGE,team-conductor.m02,負荷調律,team-conductor.m02.s01,負荷再配分,q03,solo_team,B,担当を細かく区切らず、抜けがあれば互いに補う,1.25,type-question-frequency-v1,type,verified-unchanged,分岐の判断原理と対象側が一致,locked-not-implemented
15,team-conductor,ギルド調律師,ASGE,team-conductor.m02,負荷調律,team-conductor.m02.s01,負荷再配分,q06,offensive_stable,A,急な変更にも対応できる余裕を残し、品質を安定させる,1.375,type-question-frequency-v1,type,verified-unchanged,分岐の判断原理と対象側が一致,locked-not-implemented
15,team-conductor,ギルド調律師,ASGE,team-conductor.m02,負荷調律,team-conductor.m02.s01,負荷再配分,q07,solo_team,A,チーム全体の進め方を見直し、みんなで立て直す,1.1875,type-question-frequency-v1,type,verified-unchanged,分岐の判断原理と対象側が一致,locked-not-implemented
15,team-conductor,ギルド調律師,ASGE,team-conductor.m02,負荷調律,team-conductor.m02.s01,負荷再配分,q18,offensive_stable,B,無理なく続けられる手順と確認方法を整えてから導入する,1.25,type-question-frequency-v1,type,verified-unchanged,分岐の判断原理と対象側が一致,locked-not-implemented
15,team-conductor,ギルド調律師,ASGE,team-conductor.m02,負荷調律,team-conductor.m02.s01,負荷再配分,q23,solo_team,A,役割を組み直し、他の人の得意なことを生かして進める,1.25,type-question-frequency-v1,type,verified-unchanged,分岐の判断原理と対象側が一致,locked-not-implemented
15,team-conductor,ギルド調律師,ASGE,team-conductor.m02,負荷調律,team-conductor.m02.s01,負荷再配分,q30,offensive_stable,A,すべてを一定以上の水準に保てるよう、バランスよく配分する,1.3125,type-question-frequency-v1,type,verified-unchanged,分岐の判断原理と対象側が一致,locked-not-implemented
15,team-conductor,ギルド調律師,ASGE,team-conductor.m02,負荷調律,team-conductor.m02.s01,負荷再配分,q39,solo_team,A,短い共有をこまめに行い、認識のずれや遅れをその都度そろえる,1.0,type-question-frequency-v1,type,verified-unchanged,分岐の判断原理と対象側が一致,locked-not-implemented
15,team-conductor,ギルド調律師,ASGE,team-conductor.m02,負荷調律,team-conductor.m02.s02,役割適合,q03,solo_team,A,自分の担当とゴールを明確にし、最後まで責任を持つ,1.25,type-question-frequency-v1,manual-semantic-batch4,direction-changed,既存役割を本人の強み・希望・負荷に合う明確な責任へ変える分岐のため、曖昧な補い合いではなく担当とゴールを明確にする側へ修正,locked-not-implemented
15,team-conductor,ギルド調律師,ASGE,team-conductor.m02,負荷調律,team-conductor.m02.s02,役割適合,q07,solo_team,A,チーム全体の進め方を見直し、みんなで立て直す,1.1875,type-question-frequency-v1,type,verified-unchanged,分岐の判断原理と対象側が一致,locked-not-implemented
15,team-conductor,ギルド調律師,ASGE,team-conductor.m02,負荷調律,team-conductor.m02.s02,役割適合,q15,solo_team,A,早めに情報を集め、それぞれの心配や譲れない条件を確認して、合意できる点を探す,1.0,type-question-frequency-v1,type,verified-unchanged,分岐の判断原理と対象側が一致,locked-not-implemented
15,team-conductor,ギルド調律師,ASGE,team-conductor.m02,負荷調律,team-conductor.m02.s02,役割適合,q19,solo_team,B,早めに詳しい人へ相談し、知識を持ち寄って解決する,1.25,type-question-frequency-v1,type,verified-unchanged,分岐の判断原理と対象側が一致,locked-not-implemented
15,team-conductor,ギルド調律師,ASGE,team-conductor.m02,負荷調律,team-conductor.m02.s02,役割適合,q23,solo_team,A,役割を組み直し、他の人の得意なことを生かして進める,1.25,type-question-frequency-v1,type,verified-unchanged,分岐の判断原理と対象側が一致,locked-not-implemented
15,team-conductor,ギルド調律師,ASGE,team-conductor.m02,負荷調律,team-conductor.m02.s02,役割適合,q27,solo_team,B,みんなの強みがうまく合わさり、一人では出せない成果になった時,1.25,type-question-frequency-v1,type,verified-unchanged,分岐の判断原理と対象側が一致,locked-not-implemented
15,team-conductor,ギルド調律師,ASGE,team-conductor.m02,負荷調律,team-conductor.m02.s02,役割適合,q31,solo_team,A,チーム全体の成果に貢献したことを評価される,1.3125,type-question-frequency-v1,type,verified-unchanged,分岐の判断原理と対象側が一致,locked-not-implemented
15,team-conductor,ギルド調律師,ASGE,team-conductor.m02,負荷調律,team-conductor.m02.s03,支援正式化,q03,solo_team,A,自分の担当とゴールを明確にし、最後まで責任を持つ,1.25,type-question-frequency-v1,manual-semantic-batch4,direction-changed,善意で隠れた支援を正式な仕事へ戻す分岐のため、互いに補う側ではなく担当とゴールを明確にする側へ修正,locked-not-implemented
15,team-conductor,ギルド調律師,ASGE,team-conductor.m02,負荷調律,team-conductor.m02.s03,支援正式化,q06,offensive_stable,A,急な変更にも対応できる余裕を残し、品質を安定させる,1.375,type-question-frequency-v1,type,verified-unchanged,分岐の判断原理と対象側が一致,locked-not-implemented
15,team-conductor,ギルド調律師,ASGE,team-conductor.m02,負荷調律,team-conductor.m02.s03,支援正式化,q18,offensive_stable,B,無理なく続けられる手順と確認方法を整えてから導入する,1.25,type-question-frequency-v1,type,verified-unchanged,分岐の判断原理と対象側が一致,locked-not-implemented
15,team-conductor,ギルド調律師,ASGE,team-conductor.m02,負荷調律,team-conductor.m02.s03,支援正式化,q22,offensive_stable,A,使う範囲と確認するタイミングを決め、今の仕事に影響が出にくいところから移す,1.3125,type-question-frequency-v1,type,verified-unchanged,分岐の判断原理と対象側が一致,locked-not-implemented
15,team-conductor,ギルド調律師,ASGE,team-conductor.m02,負荷調律,team-conductor.m02.s03,支援正式化,q30,offensive_stable,A,すべてを一定以上の水準に保てるよう、バランスよく配分する,1.3125,type-question-frequency-v1,type,verified-unchanged,分岐の判断原理と対象側が一致,locked-not-implemented
15,team-conductor,ギルド調律師,ASGE,team-conductor.m02,負荷調律,team-conductor.m02.s03,支援正式化,q34,offensive_stable,B,成果を求めすぎて、守るべき品質や信頼を失うこと,1.375,type-question-frequency-v1,type,verified-unchanged,分岐の判断原理と対象側が一致,locked-not-implemented
15,team-conductor,ギルド調律師,ASGE,team-conductor.m02,負荷調律,team-conductor.m02.s03,支援正式化,q39,solo_team,B,担当と確認するタイミングを決め、そこまでは各自に任せる,1.0,type-question-frequency-v1,manual-semantic-batch4,direction-changed,支援の時間・責任・確認点を正式化する分岐のため、こまめな非公式共有ではなく担当と確認時期を置く側へ修正,locked-not-implemented
15,team-conductor,ギルド調律師,ASGE,team-conductor.m03,対話修復,team-conductor.m03.s01,本音解凍,q11,solo_team,B,途中の案を見せ、相手の反応や追加情報をもらいながら固める,1.1875,type-question-frequency-v1,type,verified-unchanged,分岐の判断原理と対象側が一致,locked-not-implemented
15,team-conductor,ギルド調律師,ASGE,team-conductor.m03,対話修復,team-conductor.m03.s01,本音解凍,q15,solo_team,A,早めに情報を集め、それぞれの心配や譲れない条件を確認して、合意できる点を探す,1.0,type-question-frequency-v1,type,verified-unchanged,分岐の判断原理と対象側が一致,locked-not-implemented
15,team-conductor,ギルド調律師,ASGE,team-conductor.m03,対話修復,team-conductor.m03.s01,本音解凍,q19,solo_team,B,早めに詳しい人へ相談し、知識を持ち寄って解決する,1.25,type-question-frequency-v1,type,verified-unchanged,分岐の判断原理と対象側が一致,locked-not-implemented
15,team-conductor,ギルド調律師,ASGE,team-conductor.m03,対話修復,team-conductor.m03.s01,本音解凍,q27,solo_team,B,みんなの強みがうまく合わさり、一人では出せない成果になった時,1.25,type-question-frequency-v1,type,verified-unchanged,分岐の判断原理と対象側が一致,locked-not-implemented
15,team-conductor,ギルド調律師,ASGE,team-conductor.m03,対話修復,team-conductor.m03.s01,本音解凍,q31,solo_team,A,チーム全体の成果に貢献したことを評価される,1.3125,type-question-frequency-v1,type,verified-unchanged,分岐の判断原理と対象側が一致,locked-not-implemented
15,team-conductor,ギルド調律師,ASGE,team-conductor.m03,対話修復,team-conductor.m03.s01,本音解凍,q35,solo_team,B,その場で話を続け、迷っている理由や決める条件を確かめる,1.3125,type-question-frequency-v1,type,verified-unchanged,分岐の判断原理と対象側が一致,locked-not-implemented
15,team-conductor,ギルド調律師,ASGE,team-conductor.m03,対話修復,team-conductor.m03.s01,本音解凍,q39,solo_team,A,短い共有をこまめに行い、認識のずれや遅れをその都度そろえる,1.0,type-question-frequency-v1,type,verified-unchanged,分岐の判断原理と対象側が一致,locked-not-implemented
15,team-conductor,ギルド調律師,ASGE,team-conductor.m03,対話修復,team-conductor.m03.s02,対立仲介,q07,solo_team,A,チーム全体の進め方を見直し、みんなで立て直す,1.1875,type-question-frequency-v1,type,verified-unchanged,分岐の判断原理と対象側が一致,locked-not-implemented
15,team-conductor,ギルド調律師,ASGE,team-conductor.m03,対話修復,team-conductor.m03.s02,対立仲介,q15,solo_team,A,早めに情報を集め、それぞれの心配や譲れない条件を確認して、合意できる点を探す,1.0,type-question-frequency-v1,type,verified-unchanged,分岐の判断原理と対象側が一致,locked-not-implemented
15,team-conductor,ギルド調律師,ASGE,team-conductor.m03,対話修復,team-conductor.m03.s02,対立仲介,q18,offensive_stable,B,無理なく続けられる手順と確認方法を整えてから導入する,1.25,type-question-frequency-v1,type,verified-unchanged,分岐の判断原理と対象側が一致,locked-not-implemented
15,team-conductor,ギルド調律師,ASGE,team-conductor.m03,対話修復,team-conductor.m03.s02,対立仲介,q19,solo_team,B,早めに詳しい人へ相談し、知識を持ち寄って解決する,1.25,type-question-frequency-v1,type,verified-unchanged,分岐の判断原理と対象側が一致,locked-not-implemented
15,team-conductor,ギルド調律師,ASGE,team-conductor.m03,対話修復,team-conductor.m03.s02,対立仲介,q23,solo_team,A,役割を組み直し、他の人の得意なことを生かして進める,1.25,type-question-frequency-v1,type,verified-unchanged,分岐の判断原理と対象側が一致,locked-not-implemented
15,team-conductor,ギルド調律師,ASGE,team-conductor.m03,対話修復,team-conductor.m03.s02,対立仲介,q35,solo_team,B,その場で話を続け、迷っている理由や決める条件を確かめる,1.3125,type-question-frequency-v1,type,verified-unchanged,分岐の判断原理と対象側が一致,locked-not-implemented
15,team-conductor,ギルド調律師,ASGE,team-conductor.m03,対話修復,team-conductor.m03.s02,対立仲介,q39,solo_team,A,短い共有をこまめに行い、認識のずれや遅れをその都度そろえる,1.0,type-question-frequency-v1,type,verified-unchanged,分岐の判断原理と対象側が一致,locked-not-implemented
15,team-conductor,ギルド調律師,ASGE,team-conductor.m04,連携定着,team-conductor.m04.s01,共有リズム,q03,solo_team,B,担当を細かく区切らず、抜けがあれば互いに補う,1.25,type-question-frequency-v1,type,verified-unchanged,分岐の判断原理と対象側が一致,locked-not-implemented
15,team-conductor,ギルド調律師,ASGE,team-conductor.m04,連携定着,team-conductor.m04.s01,共有リズム,q07,solo_team,A,チーム全体の進め方を見直し、みんなで立て直す,1.1875,type-question-frequency-v1,type,verified-unchanged,分岐の判断原理と対象側が一致,locked-not-implemented
15,team-conductor,ギルド調律師,ASGE,team-conductor.m04,連携定着,team-conductor.m04.s01,共有リズム,q11,solo_team,B,途中の案を見せ、相手の反応や追加情報をもらいながら固める,1.1875,type-question-frequency-v1,type,verified-unchanged,分岐の判断原理と対象側が一致,locked-not-implemented
15,team-conductor,ギルド調律師,ASGE,team-conductor.m04,連携定着,team-conductor.m04.s01,共有リズム,q15,solo_team,A,早めに情報を集め、それぞれの心配や譲れない条件を確認して、合意できる点を探す,1.0,type-question-frequency-v1,type,verified-unchanged,分岐の判断原理と対象側が一致,locked-not-implemented
15,team-conductor,ギルド調律師,ASGE,team-conductor.m04,連携定着,team-conductor.m04.s01,共有リズム,q22,offensive_stable,A,使う範囲と確認するタイミングを決め、今の仕事に影響が出にくいところから移す,1.3125,type-question-frequency-v1,type,verified-unchanged,分岐の判断原理と対象側が一致,locked-not-implemented
15,team-conductor,ギルド調律師,ASGE,team-conductor.m04,連携定着,team-conductor.m04.s01,共有リズム,q30,offensive_stable,A,すべてを一定以上の水準に保てるよう、バランスよく配分する,1.3125,type-question-frequency-v1,type,verified-unchanged,分岐の判断原理と対象側が一致,locked-not-implemented
15,team-conductor,ギルド調律師,ASGE,team-conductor.m04,連携定着,team-conductor.m04.s01,共有リズム,q39,solo_team,A,短い共有をこまめに行い、認識のずれや遅れをその都度そろえる,1.0,type-question-frequency-v1,type,verified-unchanged,分岐の判断原理と対象側が一致,locked-not-implemented
15,team-conductor,ギルド調律師,ASGE,team-conductor.m04,連携定着,team-conductor.m04.s02,自走接続,q07,solo_team,A,チーム全体の進め方を見直し、みんなで立て直す,1.1875,type-question-frequency-v1,type,verified-unchanged,分岐の判断原理と対象側が一致,locked-not-implemented
15,team-conductor,ギルド調律師,ASGE,team-conductor.m04,連携定着,team-conductor.m04.s02,自走接続,q11,solo_team,B,途中の案を見せ、相手の反応や追加情報をもらいながら固める,1.1875,type-question-frequency-v1,type,verified-unchanged,分岐の判断原理と対象側が一致,locked-not-implemented
15,team-conductor,ギルド調律師,ASGE,team-conductor.m04,連携定着,team-conductor.m04.s02,自走接続,q15,solo_team,A,早めに情報を集め、それぞれの心配や譲れない条件を確認して、合意できる点を探す,1.0,type-question-frequency-v1,type,verified-unchanged,分岐の判断原理と対象側が一致,locked-not-implemented
15,team-conductor,ギルド調律師,ASGE,team-conductor.m04,連携定着,team-conductor.m04.s02,自走接続,q19,solo_team,B,早めに詳しい人へ相談し、知識を持ち寄って解決する,1.25,type-question-frequency-v1,type,verified-unchanged,分岐の判断原理と対象側が一致,locked-not-implemented
15,team-conductor,ギルド調律師,ASGE,team-conductor.m04,連携定着,team-conductor.m04.s02,自走接続,q23,solo_team,A,役割を組み直し、他の人の得意なことを生かして進める,1.25,type-question-frequency-v1,type,verified-unchanged,分岐の判断原理と対象側が一致,locked-not-implemented
15,team-conductor,ギルド調律師,ASGE,team-conductor.m04,連携定着,team-conductor.m04.s02,自走接続,q27,solo_team,B,みんなの強みがうまく合わさり、一人では出せない成果になった時,1.25,type-question-frequency-v1,type,verified-unchanged,分岐の判断原理と対象側が一致,locked-not-implemented
15,team-conductor,ギルド調律師,ASGE,team-conductor.m04,連携定着,team-conductor.m04.s02,自走接続,q39,solo_team,A,短い共有をこまめに行い、認識のずれや遅れをその都度そろえる,1.0,type-question-frequency-v1,type,verified-unchanged,分岐の判断原理と対象側が一致,locked-not-implemented
16,last-fortress,最後の砦,ASGF,last-fortress.m01,緊急選別,last-fortress.m01.s01,最小機能確保,q08,divergent_convergent,A,影響の大きい原因から順に、調べるものを絞る,1.0,type-question-frequency-v1,type,verified-unchanged,分岐の判断原理と対象側が一致,locked-not-implemented
16,last-fortress,最後の砦,ASGF,last-fortress.m01,緊急選別,last-fortress.m01.s01,最小機能確保,q25,thinking_action,B,まず影響を止め、その場で動きながら原因を探す,1.0,type-question-frequency-v1,type,verified-unchanged,分岐の判断原理と対象側が一致,locked-not-implemented
16,last-fortress,最後の砦,ASGF,last-fortress.m01,緊急選別,last-fortress.m01.s01,最小機能確保,q29,thinking_action,A,仕事を止めず、一つずつ対処し、共通の原因は後で整理する,1.0,type-question-frequency-v1,type,verified-unchanged,分岐の判断原理と対象側が一致,locked-not-implemented
16,last-fortress,最後の砦,ASGF,last-fortress.m01,緊急選別,last-fortress.m01.s01,最小機能確保,q30,offensive_stable,B,一部に差が出ても、最も伸びそうな仕事へ力を集める,1.0,type-question-frequency-v1,manual-semantic-batch4,direction-changed,危機時に止められない一機能へ資源を集中する分岐のため、全業務へ均等配分する側ではなく重要な仕事へ集中する側へ修正,locked-not-implemented
16,last-fortress,最後の砦,ASGF,last-fortress.m01,緊急選別,last-fortress.m01.s01,最小機能確保,q32,divergent_convergent,A,いったん判断基準を決め、結論を出す段階へ進む,1.375,type-question-frequency-v1,type,verified-unchanged,分岐の判断原理と対象側が一致,locked-not-implemented
16,last-fortress,最後の砦,ASGF,last-fortress.m01,緊急選別,last-fortress.m01.s01,最小機能確保,q34,offensive_stable,B,成果を求めすぎて、守るべき品質や信頼を失うこと,1.0,type-question-frequency-v1,type,verified-unchanged,分岐の判断原理と対象側が一致,locked-not-implemented
16,last-fortress,最後の砦,ASGF,last-fortress.m01,緊急選別,last-fortress.m01.s02,影響遮断,q08,divergent_convergent,A,影響の大きい原因から順に、調べるものを絞る,1.0,type-question-frequency-v1,type,verified-unchanged,分岐の判断原理と対象側が一致,locked-not-implemented
16,last-fortress,最後の砦,ASGF,last-fortress.m01,緊急選別,last-fortress.m01.s02,影響遮断,q16,divergent_convergent,A,目的に直接関係する不足情報だけを追加で集める,1.375,type-question-frequency-v1,type,verified-unchanged,分岐の判断原理と対象側が一致,locked-not-implemented
16,last-fortress,最後の砦,ASGF,last-fortress.m01,緊急選別,last-fortress.m01.s02,影響遮断,q25,thinking_action,B,まず影響を止め、その場で動きながら原因を探す,1.0,type-question-frequency-v1,type,verified-unchanged,分岐の判断原理と対象側が一致,locked-not-implemented
16,last-fortress,最後の砦,ASGF,last-fortress.m01,緊急選別,last-fortress.m01.s02,影響遮断,q26,offensive_stable,B,工夫は増やしすぎず、全体の品質と締切を確実に守る,1.25,type-question-frequency-v1,type,verified-unchanged,分岐の判断原理と対象側が一致,locked-not-implemented
16,last-fortress,最後の砦,ASGF,last-fortress.m01,緊急選別,last-fortress.m01.s02,影響遮断,q29,thinking_action,A,仕事を止めず、一つずつ対処し、共通の原因は後で整理する,1.0,type-question-frequency-v1,type,verified-unchanged,分岐の判断原理と対象側が一致,locked-not-implemented
16,last-fortress,最後の砦,ASGF,last-fortress.m01,緊急選別,last-fortress.m01.s02,影響遮断,q34,offensive_stable,B,成果を求めすぎて、守るべき品質や信頼を失うこと,1.0,type-question-frequency-v1,type,verified-unchanged,分岐の判断原理と対象側が一致,locked-not-implemented
16,last-fortress,最後の砦,ASGF,last-fortress.m01,緊急選別,last-fortress.m01.s02,影響遮断,q40,divergent_convergent,A,広げすぎて、結局何も形にならないこと,1.375,type-question-frequency-v1,type,verified-unchanged,分岐の判断原理と対象側が一致,locked-not-implemented
16,last-fortress,最後の砦,ASGF,last-fortress.m01,緊急選別,last-fortress.m01.s03,優先再配置,q06,offensive_stable,A,急な変更にも対応できる余裕を残し、品質を安定させる,1.0,type-question-frequency-v1,type,verified-unchanged,分岐の判断原理と対象側が一致,locked-not-implemented
16,last-fortress,最後の砦,ASGF,last-fortress.m01,緊急選別,last-fortress.m01.s03,優先再配置,q07,solo_team,A,チーム全体の進め方を見直し、みんなで立て直す,1.0,type-question-frequency-v1,type,verified-unchanged,分岐の判断原理と対象側が一致,locked-not-implemented
16,last-fortress,最後の砦,ASGF,last-fortress.m01,緊急選別,last-fortress.m01.s03,優先再配置,q23,solo_team,A,役割を組み直し、他の人の得意なことを生かして進める,1.0,type-question-frequency-v1,type,verified-unchanged,分岐の判断原理と対象側が一致,locked-not-implemented
16,last-fortress,最後の砦,ASGF,last-fortress.m01,緊急選別,last-fortress.m01.s03,優先再配置,q27,solo_team,B,みんなの強みがうまく合わさり、一人では出せない成果になった時,1.375,type-question-frequency-v1,type,verified-unchanged,分岐の判断原理と対象側が一致,locked-not-implemented
16,last-fortress,最後の砦,ASGF,last-fortress.m01,緊急選別,last-fortress.m01.s03,優先再配置,q30,offensive_stable,A,すべてを一定以上の水準に保てるよう、バランスよく配分する,1.0,type-question-frequency-v1,type,verified-unchanged,分岐の判断原理と対象側が一致,locked-not-implemented
16,last-fortress,最後の砦,ASGF,last-fortress.m01,緊急選別,last-fortress.m01.s03,優先再配置,q31,solo_team,A,チーム全体の成果に貢献したことを評価される,1.125,type-question-frequency-v1,type,verified-unchanged,分岐の判断原理と対象側が一致,locked-not-implemented
16,last-fortress,最後の砦,ASGF,last-fortress.m01,緊急選別,last-fortress.m01.s03,優先再配置,q39,solo_team,A,短い共有をこまめに行い、認識のずれや遅れをその都度そろえる,1.0,type-question-frequency-v1,type,verified-unchanged,分岐の判断原理と対象側が一致,locked-not-implemented
16,last-fortress,最後の砦,ASGF,last-fortress.m02,継続維持,last-fortress.m02.s01,負荷分散,q03,solo_team,A,自分の担当とゴールを明確にし、最後まで責任を持つ,1.125,type-question-frequency-v1,manual-semantic-batch4,direction-changed,緊急負荷を見える化して担当を組み直す分岐のため、曖昧な補い合いではなく担当とゴールを明確にする側へ修正,locked-not-implemented
16,last-fortress,最後の砦,ASGF,last-fortress.m02,継続維持,last-fortress.m02.s01,負荷分散,q06,offensive_stable,A,急な変更にも対応できる余裕を残し、品質を安定させる,1.0,type-question-frequency-v1,type,verified-unchanged,分岐の判断原理と対象側が一致,locked-not-implemented
16,last-fortress,最後の砦,ASGF,last-fortress.m02,継続維持,last-fortress.m02.s01,負荷分散,q07,solo_team,A,チーム全体の進め方を見直し、みんなで立て直す,1.0,type-question-frequency-v1,type,verified-unchanged,分岐の判断原理と対象側が一致,locked-not-implemented
16,last-fortress,最後の砦,ASGF,last-fortress.m02,継続維持,last-fortress.m02.s01,負荷分散,q18,offensive_stable,B,無理なく続けられる手順と確認方法を整えてから導入する,1.0,type-question-frequency-v1,type,verified-unchanged,分岐の判断原理と対象側が一致,locked-not-implemented
16,last-fortress,最後の砦,ASGF,last-fortress.m02,継続維持,last-fortress.m02.s01,負荷分散,q23,solo_team,A,役割を組み直し、他の人の得意なことを生かして進める,1.0,type-question-frequency-v1,type,verified-unchanged,分岐の判断原理と対象側が一致,locked-not-implemented
16,last-fortress,最後の砦,ASGF,last-fortress.m02,継続維持,last-fortress.m02.s01,負荷分散,q30,offensive_stable,A,すべてを一定以上の水準に保てるよう、バランスよく配分する,1.0,type-question-frequency-v1,type,verified-unchanged,分岐の判断原理と対象側が一致,locked-not-implemented
16,last-fortress,最後の砦,ASGF,last-fortress.m02,継続維持,last-fortress.m02.s01,負荷分散,q39,solo_team,B,担当と確認するタイミングを決め、そこまでは各自に任せる,1.0,type-question-frequency-v1,manual-semantic-batch4,direction-changed,臨時分担の責任と見直し時期を置く分岐のため、随時共有だけでなく担当と確認時期を決める側へ修正,locked-not-implemented
16,last-fortress,最後の砦,ASGF,last-fortress.m02,継続維持,last-fortress.m02.s02,品質下限維持,q06,offensive_stable,A,急な変更にも対応できる余裕を残し、品質を安定させる,1.0,type-question-frequency-v1,type,verified-unchanged,分岐の判断原理と対象側が一致,locked-not-implemented
16,last-fortress,最後の砦,ASGF,last-fortress.m02,継続維持,last-fortress.m02.s02,品質下限維持,q10,offensive_stable,B,失敗しても影響が小さくなる準備をしてから広げる,1.125,type-question-frequency-v1,type,verified-unchanged,分岐の判断原理と対象側が一致,locked-not-implemented
16,last-fortress,最後の砦,ASGF,last-fortress.m02,継続維持,last-fortress.m02.s02,品質下限維持,q14,offensive_stable,A,今の品質を守りながら、一部で新しい案を試す,1.25,type-question-frequency-v1,type,verified-unchanged,分岐の判断原理と対象側が一致,locked-not-implemented
16,last-fortress,最後の砦,ASGF,last-fortress.m02,継続維持,last-fortress.m02.s02,品質下限維持,q18,offensive_stable,B,無理なく続けられる手順と確認方法を整えてから導入する,1.0,type-question-frequency-v1,type,verified-unchanged,分岐の判断原理と対象側が一致,locked-not-implemented
16,last-fortress,最後の砦,ASGF,last-fortress.m02,継続維持,last-fortress.m02.s02,品質下限維持,q22,offensive_stable,A,使う範囲と確認するタイミングを決め、今の仕事に影響が出にくいところから移す,1.125,type-question-frequency-v1,type,verified-unchanged,分岐の判断原理と対象側が一致,locked-not-implemented
16,last-fortress,最後の砦,ASGF,last-fortress.m02,継続維持,last-fortress.m02.s02,品質下限維持,q26,offensive_stable,B,工夫は増やしすぎず、全体の品質と締切を確実に守る,1.25,type-question-frequency-v1,type,verified-unchanged,分岐の判断原理と対象側が一致,locked-not-implemented
16,last-fortress,最後の砦,ASGF,last-fortress.m02,継続維持,last-fortress.m02.s02,品質下限維持,q34,offensive_stable,B,成果を求めすぎて、守るべき品質や信頼を失うこと,1.0,type-question-frequency-v1,type,verified-unchanged,分岐の判断原理と対象側が一致,locked-not-implemented
16,last-fortress,最後の砦,ASGF,last-fortress.m02,継続維持,last-fortress.m02.s02,品質下限維持,q38,offensive_stable,A,大きな混乱を起こさず、品質と信頼を守れた時,1.25,type-question-frequency-v1,type,verified-unchanged,分岐の判断原理と対象側が一致,locked-not-implemented
16,last-fortress,最後の砦,ASGF,last-fortress.m02,継続維持,last-fortress.m02.s03,代替運用,q05,thinking_action,A,まず仮の進め方で始め、途中で必要な確認をする,1.375,type-question-frequency-v1,type,verified-unchanged,分岐の判断原理と対象側が一致,locked-not-implemented
16,last-fortress,最後の砦,ASGF,last-fortress.m02,継続維持,last-fortress.m02.s03,代替運用,q13,thinking_action,A,まずやってみて、つまずいたところから大事な点をつかむ,1.375,type-question-frequency-v1,type,verified-unchanged,分岐の判断原理と対象側が一致,locked-not-implemented
16,last-fortress,最後の砦,ASGF,last-fortress.m02,継続維持,last-fortress.m02.s03,代替運用,q17,thinking_action,B,今ある情報でいったん決め、結果を見て見直す,1.375,type-question-frequency-v1,type,verified-unchanged,分岐の判断原理と対象側が一致,locked-not-implemented
16,last-fortress,最後の砦,ASGF,last-fortress.m02,継続維持,last-fortress.m02.s03,代替運用,q21,thinking_action,A,今ある情報で決め、必要なら結果を見て直す,1.375,type-question-frequency-v1,type,verified-unchanged,分岐の判断原理と対象側が一致,locked-not-implemented
16,last-fortress,最後の砦,ASGF,last-fortress.m02,継続維持,last-fortress.m02.s03,代替運用,q25,thinking_action,B,まず影響を止め、その場で動きながら原因を探す,1.0,type-question-frequency-v1,type,verified-unchanged,分岐の判断原理と対象側が一致,locked-not-implemented
16,last-fortress,最後の砦,ASGF,last-fortress.m02,継続維持,last-fortress.m02.s03,代替運用,q29,thinking_action,A,仕事を止めず、一つずつ対処し、共通の原因は後で整理する,1.0,type-question-frequency-v1,type,verified-unchanged,分岐の判断原理と対象側が一致,locked-not-implemented
16,last-fortress,最後の砦,ASGF,last-fortress.m02,継続維持,last-fortress.m02.s03,代替運用,q37,thinking_action,A,今できるところから進め、使えない方法は別のやり方に変える,1.25,type-question-frequency-v1,type,verified-unchanged,分岐の判断原理と対象側が一致,locked-not-implemented
16,last-fortress,最後の砦,ASGF,last-fortress.m03,復旧移行,last-fortress.m03.s01,段階復旧,q08,divergent_convergent,A,影響の大きい原因から順に、調べるものを絞る,1.0,type-question-frequency-v1,type,verified-unchanged,分岐の判断原理と対象側が一致,locked-not-implemented
16,last-fortress,最後の砦,ASGF,last-fortress.m03,復旧移行,last-fortress.m03.s01,段階復旧,q10,offensive_stable,B,失敗しても影響が小さくなる準備をしてから広げる,1.125,type-question-frequency-v1,type,verified-unchanged,分岐の判断原理と対象側が一致,locked-not-implemented
16,last-fortress,最後の砦,ASGF,last-fortress.m03,復旧移行,last-fortress.m03.s01,段階復旧,q18,offensive_stable,B,無理なく続けられる手順と確認方法を整えてから導入する,1.0,type-question-frequency-v1,type,verified-unchanged,分岐の判断原理と対象側が一致,locked-not-implemented
16,last-fortress,最後の砦,ASGF,last-fortress.m03,復旧移行,last-fortress.m03.s01,段階復旧,q22,offensive_stable,A,使う範囲と確認するタイミングを決め、今の仕事に影響が出にくいところから移す,1.125,type-question-frequency-v1,type,verified-unchanged,分岐の判断原理と対象側が一致,locked-not-implemented
16,last-fortress,最後の砦,ASGF,last-fortress.m03,復旧移行,last-fortress.m03.s01,段階復旧,q25,thinking_action,A,原因を分けて考え、直す順番を決めてから対応する,1.0,type-question-frequency-v1,manual-semantic-batch4,direction-changed,通常運用へ戻す順番と確認条件を設計する分岐のため、その場で直し続ける側ではなく原因と順番を整理する側へ修正,locked-not-implemented
16,last-fortress,最後の砦,ASGF,last-fortress.m03,復旧移行,last-fortress.m03.s01,段階復旧,q29,thinking_action,B,いったん止めて共通の原因を見つけてから、再開する,1.0,type-question-frequency-v1,manual-semantic-batch4,direction-changed,段階ごとの再開条件を作る分岐のため、対処を続ける側ではなく一度止めて共通原因を確認する側へ修正,locked-not-implemented
16,last-fortress,最後の砦,ASGF,last-fortress.m03,復旧移行,last-fortress.m03.s01,段階復旧,q37,thinking_action,A,今できるところから進め、使えない方法は別のやり方に変える,1.25,type-question-frequency-v1,type,verified-unchanged,分岐の判断原理と対象側が一致,locked-not-implemented
16,last-fortress,最後の砦,ASGF,last-fortress.m03,復旧移行,last-fortress.m03.s02,責任返却,q03,solo_team,A,自分の担当とゴールを明確にし、最後まで責任を持つ,1.125,type-question-frequency-v1,manual-semantic-batch4,direction-changed,危機中に引き取った責任を正式担当へ返す分岐のため、曖昧な補い合いではなく担当とゴールを明確にする側へ修正,locked-not-implemented
16,last-fortress,最後の砦,ASGF,last-fortress.m03,復旧移行,last-fortress.m03.s02,責任返却,q07,solo_team,A,チーム全体の進め方を見直し、みんなで立て直す,1.0,type-question-frequency-v1,type,verified-unchanged,分岐の判断原理と対象側が一致,locked-not-implemented
16,last-fortress,最後の砦,ASGF,last-fortress.m03,復旧移行,last-fortress.m03.s02,責任返却,q11,solo_team,A,相手が重視することと未決定の点を整理し、選びやすい形で示す,1.25,type-question-frequency-v1,manual-semantic-batch4,direction-changed,次担当が判断できる情報と未決定事項を渡す分岐のため、途中案を共同で広げる側ではなく選びやすく整理する側へ修正,locked-not-implemented
16,last-fortress,最後の砦,ASGF,last-fortress.m03,復旧移行,last-fortress.m03.s02,責任返却,q15,solo_team,A,早めに情報を集め、それぞれの心配や譲れない条件を確認して、合意できる点を探す,1.25,type-question-frequency-v1,type,verified-unchanged,分岐の判断原理と対象側が一致,locked-not-implemented
16,last-fortress,最後の砦,ASGF,last-fortress.m03,復旧移行,last-fortress.m03.s02,責任返却,q23,solo_team,A,役割を組み直し、他の人の得意なことを生かして進める,1.0,type-question-frequency-v1,type,verified-unchanged,分岐の判断原理と対象側が一致,locked-not-implemented
16,last-fortress,最後の砦,ASGF,last-fortress.m03,復旧移行,last-fortress.m03.s02,責任返却,q31,solo_team,A,チーム全体の成果に貢献したことを評価される,1.125,type-question-frequency-v1,type,verified-unchanged,分岐の判断原理と対象側が一致,locked-not-implemented
16,last-fortress,最後の砦,ASGF,last-fortress.m03,復旧移行,last-fortress.m03.s02,責任返却,q39,solo_team,B,担当と確認するタイミングを決め、そこまでは各自に任せる,1.0,type-question-frequency-v1,manual-semantic-batch4,direction-changed,返却後の確認点と期限を明確にする分岐のため、随時共有ではなく担当と確認時期を置く側へ修正,locked-not-implemented
16,last-fortress,最後の砦,ASGF,last-fortress.m04,再発耐性,last-fortress.m04.s01,予備設計,q06,offensive_stable,A,急な変更にも対応できる余裕を残し、品質を安定させる,1.0,type-question-frequency-v1,type,verified-unchanged,分岐の判断原理と対象側が一致,locked-not-implemented
16,last-fortress,最後の砦,ASGF,last-fortress.m04,再発耐性,last-fortress.m04.s01,予備設計,q08,divergent_convergent,A,影響の大きい原因から順に、調べるものを絞る,1.0,type-question-frequency-v1,type,verified-unchanged,分岐の判断原理と対象側が一致,locked-not-implemented
16,last-fortress,最後の砦,ASGF,last-fortress.m04,再発耐性,last-fortress.m04.s01,予備設計,q10,offensive_stable,B,失敗しても影響が小さくなる準備をしてから広げる,1.125,type-question-frequency-v1,type,verified-unchanged,分岐の判断原理と対象側が一致,locked-not-implemented
16,last-fortress,最後の砦,ASGF,last-fortress.m04,再発耐性,last-fortress.m04.s01,予備設計,q14,offensive_stable,A,今の品質を守りながら、一部で新しい案を試す,1.25,type-question-frequency-v1,type,verified-unchanged,分岐の判断原理と対象側が一致,locked-not-implemented
16,last-fortress,最後の砦,ASGF,last-fortress.m04,再発耐性,last-fortress.m04.s01,予備設計,q18,offensive_stable,B,無理なく続けられる手順と確認方法を整えてから導入する,1.0,type-question-frequency-v1,type,verified-unchanged,分岐の判断原理と対象側が一致,locked-not-implemented
16,last-fortress,最後の砦,ASGF,last-fortress.m04,再発耐性,last-fortress.m04.s01,予備設計,q22,offensive_stable,A,使う範囲と確認するタイミングを決め、今の仕事に影響が出にくいところから移す,1.125,type-question-frequency-v1,type,verified-unchanged,分岐の判断原理と対象側が一致,locked-not-implemented
16,last-fortress,最後の砦,ASGF,last-fortress.m04,再発耐性,last-fortress.m04.s01,予備設計,q30,offensive_stable,A,すべてを一定以上の水準に保てるよう、バランスよく配分する,1.0,type-question-frequency-v1,type,verified-unchanged,分岐の判断原理と対象側が一致,locked-not-implemented
16,last-fortress,最後の砦,ASGF,last-fortress.m04,再発耐性,last-fortress.m04.s01,予備設計,q34,offensive_stable,B,成果を求めすぎて、守るべき品質や信頼を失うこと,1.0,type-question-frequency-v1,type,verified-unchanged,分岐の判断原理と対象側が一致,locked-not-implemented
16,last-fortress,最後の砦,ASGF,last-fortress.m04,再発耐性,last-fortress.m04.s01,予備設計,q38,offensive_stable,A,大きな混乱を起こさず、品質と信頼を守れた時,1.25,type-question-frequency-v1,type,verified-unchanged,分岐の判断原理と対象側が一致,locked-not-implemented
16,last-fortress,最後の砦,ASGF,last-fortress.m04,再発耐性,last-fortress.m04.s02,判断移管,q03,solo_team,A,自分の担当とゴールを明確にし、最後まで責任を持つ,1.125,type-question-frequency-v1,manual-semantic-batch4,direction-changed,本人不在でも現場が判断できる責任範囲を渡す分岐のため、曖昧な補い合いではなく担当とゴールを明確にする側へ修正,locked-not-implemented
16,last-fortress,最後の砦,ASGF,last-fortress.m04,再発耐性,last-fortress.m04.s02,判断移管,q07,solo_team,A,チーム全体の進め方を見直し、みんなで立て直す,1.0,type-question-frequency-v1,type,verified-unchanged,分岐の判断原理と対象側が一致,locked-not-implemented
16,last-fortress,最後の砦,ASGF,last-fortress.m04,再発耐性,last-fortress.m04.s02,判断移管,q11,solo_team,A,相手が重視することと未決定の点を整理し、選びやすい形で示す,1.25,type-question-frequency-v1,manual-semantic-batch4,direction-changed,判断材料と未決定事項を整理して権限を移す分岐のため、途中案を共同で広げる側ではなく選びやすく示す側へ修正,locked-not-implemented
16,last-fortress,最後の砦,ASGF,last-fortress.m04,再発耐性,last-fortress.m04.s02,判断移管,q15,solo_team,A,早めに情報を集め、それぞれの心配や譲れない条件を確認して、合意できる点を探す,1.25,type-question-frequency-v1,type,verified-unchanged,分岐の判断原理と対象側が一致,locked-not-implemented
16,last-fortress,最後の砦,ASGF,last-fortress.m04,再発耐性,last-fortress.m04.s02,判断移管,q19,solo_team,B,早めに詳しい人へ相談し、知識を持ち寄って解決する,1.375,type-question-frequency-v1,type,verified-unchanged,分岐の判断原理と対象側が一致,locked-not-implemented
16,last-fortress,最後の砦,ASGF,last-fortress.m04,再発耐性,last-fortress.m04.s02,判断移管,q23,solo_team,A,役割を組み直し、他の人の得意なことを生かして進める,1.0,type-question-frequency-v1,type,verified-unchanged,分岐の判断原理と対象側が一致,locked-not-implemented
16,last-fortress,最後の砦,ASGF,last-fortress.m04,再発耐性,last-fortress.m04.s02,判断移管,q31,solo_team,A,チーム全体の成果に貢献したことを評価される,1.125,type-question-frequency-v1,type,verified-unchanged,分岐の判断原理と対象側が一致,locked-not-implemented
16,last-fortress,最後の砦,ASGF,last-fortress.m04,再発耐性,last-fortress.m04.s02,判断移管,q39,solo_team,B,担当と確認するタイミングを決め、そこまでは各自に任せる,1.0,type-question-frequency-v1,manual-semantic-batch4,direction-changed,現場が自走できる判断範囲と確認点を置く分岐のため、本人を介した随時共有ではなく担当と確認時期を決める側へ修正,locked-not-implemented
